,0,1,2,3,4
0,Tesadüf Cafe,,Nilüfer,Fatih Sultan Mehmet Bulv. No:143/A,4
1,Ada Kahvesi,,Nilüfer,Görükle,0
2,Pia,,Nilüfer,Görükle Kalkan Sok. Eda Apt No:25/4,0
3,"Big Yellow Taxi Benzin Cafe, Bursa",,Nilüfer,Fatih Sultan Mehmet Bul. No:147,0
4,The Doors Cafe,,Nilüfer,Atatürk Cad.,0
5,Double'U Cafe,,Nilüfer,FSM Bul. No:139/8,0
6,Buda Cafe,,Nilüfer,Atatürk Cad. Petrol Ofisi Karşısı,0
7,Çekirdek Cafe,,Nilüfer,Görükle Yerleşim,0
8,Bi Mola Cafe,,Nilüfer,Beşevler Mehtap Sit. A Blok No:9,0
9,"Özsüt, Carrefour Avm",,Nilüfer,"İzmir Yolu Orhaneli Keleş Kavşağı,Lefkoşe Cad. C-103",0
10,Coffee And Beyond,,Nilüfer,Fatih Sultan Mehmet Bul. Aksel 104 Sit. No:78/A,0
11,Kırıntı Cafe,,Nilüfer,Atatürk Cad. Görükle,0
12,Demo Rell Cafe & Bar,,Nilüfer,Fatih Sultan Mehmet Bul. No: 43-63,0
13,Grande Cafe,,Nilüfer,FSM Bul. (Fatih Cad.) No:37/A,0
14,Afis Cafe & Pub,,Nilüfer,Atatürk Cad. Yerleşim Plaza C Blok No:18 K:Teras Görükle,0
15,Barış Cafe ve Aile Çay Bahçesi,,Nilüfer,2. Dilek Sok. No:7,0
16,Mola Cafe,,Nilüfer,Atatürk Cad. No:47 Kocameşe Parkı,0
17,Mimoza Cafe,,Nilüfer,Görükle zafer Mah. Uludağ Üniversitesi Kampusü,0
18,Kafkas,,Nilüfer,Alaattinbey Mah. Alaattinbey Köy Yolu Cad. No: 8,0
19,Yeşil Bahçe,,Nilüfer,İzmir Bul.,0
20,Beren Cafe,,Nilüfer,Atatürk Cad. (Yerleşim Sitesi) Görükle,0
21,"Han Cafe, Uludağ Üniversitesi",,Nilüfer,Uludağ Üniversitesi Görükle Kampüsü Edebiyat Fakültesi Yanı,0
22,"1453 Cafe, Magazin Outlet",,Nilüfer,Eğitim Sok.,0
23,Leman Kültür,,Nilüfer,Fatih Sultan Mehmet Bulv. No:40,2
24,Fink,,Nilüfer,FSM Bulv. No:143,3
25,Nostalji Cafe,,Nilüfer,Hürriyet Mah. Hürriyet Cad. No:123,5
26,Dalyan Cafe,,Nilüfer,Gelincik Sok. No:2,0
27,Sinem Pastanesi,,Nilüfer,Uludağ Üniversitesi Tıp Fakültesi Görükle,0
28,Klan Cafe Bistro,,Nilüfer,Fatih Sultan Mehmet Bul. No:66 İhsaniye,5
29,"Alaçatı Muhallebici, Fsm Bulvarı",,Nilüfer,FSM Bul. No:38 D:1,4
30,Ziyade Inn,,Nilüfer,Uludağ Üniversitesi Görükle Kampüsü Holiday Inn Oteli Arkası,0
31,Giraffe Cafe & Bistro,,Nilüfer,Uğur Mumcu Bul. Taşyakan Sit. D Blok No: 76 Özlüce,5
32,Cafe Gıraffe,,Nilüfer,Ertugrul Mah. Taner Kışlalı Cad. Tasyakan Sit. D Blok No:18,5
33,"Kahve Dükkanı, Carrefour",,Nilüfer,İzmir Yolu Orhaneli Kavşağı,5
34,Ayanoğlu Gurme,,Nilüfer,Fatih Sultan Mehmet Bul. Barbaros Cad. No:8,0
35,Duetto,,Nilüfer,Fsm Bul. No:94/1,4
36,Kahve Lata,,Nilüfer,Yılmaz Akkılıç Parkı (Magazin Outlet Karşısı),0
37,Ağlayan Çınar Cafe & Restaurant,,Nilüfer,Gölyazı Beldesi,0
38,"Neşve Çay Kahve Evi, Bursa",,Nilüfer,Fatih Sultan Mehmet Bul. No:139/8,3
39,Çizmeli Kedi Cafe,,Nilüfer,Gazi Cad. Sadıkoğlu Sit. B Blok No:2,0
40,Japon Parkı Restoran & Kafe,,Nilüfer,Beşevler Eğitimciler Cad. Erdek Sok. No: 7/1,2
41,"Üstad Cafe & Restaurant, Nilpark Avm",,Nilüfer,İzmir Yolu Cad. No:90,0
42,Zeytin Cafe ve Ev Yemekleri,,Nilüfer,Fsm Bul. Tuna Cad. Esra Sit. No:173,0
43,İskele Cafe,,Nilüfer,Atatürk Cad. No:106/C,0
44,FSN Parkbulvar,,Nilüfer,Kahraman Sok. No:14,0
45,"Paradise Pizza Cafe, Ertuğrulkent",,Nilüfer,Uğur Mumcu Bul. Karasu İş Merkezi No:32,0
46,"Gönül Kahvesi, Fatih Sultan Mehmet Cad.",,Nilüfer,Fatih Sultan Mehmet Cad. No:11-12,0
47,Cafe Beyaz,,Nilüfer,Avcı Sok. No:2-6,0
48,Zift Cafe Bar,,Nilüfer,Atatürk Cad. Görükle Yerleşim Plaza,0
49,Cafe Manna,,Nilüfer,Bahriye Üçok Cad. Safran Sok. No:2,0
50,Bigo Cafe & Restaurant & Bar,,Nilüfer,Fatih Sultan Mehmet Bul. No:48,0
51,Cafe Küons,,Nilüfer,Tuna Cad. Güral İş Hanı No:110/B,0
52,La Piatto,,Nilüfer,FSM Bul. No: 90/A,0
53,Hatır Kahvesi,,Nilüfer,Yüce Sok. No:11,0
54,Meşgul Cafe & Restaurant,,Nilüfer,Ahmet Taner Kışlalı Bul. 405. Sok. No:1/1 Özlüce,0
55,Bulvar Cafe,,Nilüfer,Fsm Bul. Mersa Sit. C-Blok No:51/6,0
56,White Label,,Nilüfer,FSM Bul. (Fatih Cad.) No:78/11,0
57,"Teras Cafe, Arena Avm",,Nilüfer,Yüzüncü Yıl Mah. Ertuğrulkent Uğur Mumcu Cad. No:7,0
58,"Karkay Cafe, Karkay Otel",,Nilüfer,Bursa Uludağ Yolu Oteller Bölgesi,0
59,"Kahve Diyarı, Nilüfer",,Nilüfer,Ahmet Taner Kışlalı Bul. No: 25/A,0
60,Bahçe Mis,,Nilüfer,Yelken Sitesi,0
61,Afiş,,Nilüfer,Atatürk Cad.,0
62,Ziba Paket Büfe,,Nilüfer,Karaman Mh. Kültür Cad. Nilpark AVM Altı ,0
63,Eker Cafe,,Nilüfer,Yeniorhaneli Yolu Lefkoşe Cad. No:74,0
64,Kahve Dükkanı,,Nilüfer,Tuna Cad. Mercan Sok. No:2/6,0
65,Büfemtrak,,Nilüfer,FSM Bul. No:48/B,0
66,Cafe Birsen,,Nilüfer,Bilginler Cad. Ara Sok. No:122/3 Beşevler,0
67,"Simit Sarayı, Nilüfer",,Nilüfer,Atatürk Cad. Görükle Trio No: 101 C Blok,0
68,Coffee House,,Nilüfer,Atatürk Cad. Beste Sok. No: 2,0
69,FSM Cinema Cafe,,Nilüfer,FSM Bul. No: 40,0
70,Etna Restaurant,,Nilüfer,Ahmet Taner Kışlalı Bul. No: 35/A-B,0
71,"Simit Evi, Beşevler",,Nilüfer,Eğitimciler Cad. No:102/1,0
72,Caffe Napoli,,Nilüfer,Ahmet Taner Kışlalı Bul. No:25/17,0
73,Nostalji Cafe,,Nilüfer,Hürriyet Mah. Hürriyet Cad. No:123,0
74,Balon Cafe & Garden,,Nilüfer,Kumova Sok. No:15/A (Mopaş 100 Metre İlerisinde),0
75,Mola Cafe,,Nilüfer,Merkez Sok. No:1-3,0
76,"Bau Kafe, Görükle Kurtuluş Mah. Sakarya Mah. Etüt Kent Sit. No:11",,Nilüfer,Yerleşim Sitesi,0
77,Cafe Naturel,,Nilüfer,Bursa Cad. No:83/A Büyükorhan,0
78,Time Cafe Bar,,Nilüfer,Fatih Sultan Mehmet Bul. No:151,0
79,Pia Food Factory,,Nilüfer,Kalkan Sok. Eda Apt. No:25/4,0
80,"Kahvemania, Bursa",,Nilüfer,FSM Bul. Tuna Cad. No:116/D,0
81,"Kahve Dükkanı, As Merkez Outlet Avm",,Nilüfer,Yeni Yalova Yolu 9. Km Sönmez Plaza Tesisleri,0
82,Ayvalık's Bulvar,,Nilüfer,Funda Sok. No:30,0
83,"Coffee Club, As Merkez Outlet Avm",,Nilüfer,Yeni Yalova Yolu 9. Km Sönmez Plaza Tesisleri,0
84,Lal Cafe,,Nilüfer,Ertuğrulkent Mah. Saygınkent B-Blok Karşısı (Özlüce Spor Tesileri Akraksı) Özlüce,0
85,Las Vegas FSM,,Nilüfer,Fatih Sultan Mehmet Bul. No:48 K:1,0
