,0,1,2,3,4
0,"Tarihi Kahve, Pierre Loti Tepesi Tesisleri",,Eyüpsultan,Eyüp İdris Köşkü Cad. No:4,4
1,Keyif Dünyası Cafe & Restaurant,,Eyüpsultan,Canan Sok. No:2 Yeşilpınar,0
2,Pierreloti Teras Cafe,,Eyüpsultan,İdris Köşkü Cad.,5
3,"Mambocino Caffé, Flatofis",,Eyüpsultan,Otakçılar Cad. No: 78 Flatofis İş Merkezi,0
4,Gül Bahçe,,Eyüpsultan,Rami Parkı İçi,0
5,Delicious Cafe,,Eyüpsultan,Göktürk Mah. İstanbul Cad. Sinasos Çarşısı No:12 K:Zemin D:10 Kemerburgaz,0
6,"Chay Tea & Coffee, Alibeyköy",,Eyüpsultan,Vardar Bul. No: 11 Biz Cevahir Haliç AVM,5
7,Tiba Cafe,,Eyüpsultan,Belediye Cad. 16/A Göktürk,0
8,Cafe Heyyamola,,Eyüpsultan,Yeşilpınar Bölge Park İçi Yolu,4
9,"Aslı Börek, Göktürk Beldesi",,Eyüpsultan,Göktürk Belediye Cad. No:25/2,0
10,"Le Fırın, Göktürk",,Eyüpsultan,Göktürk Merkez Mah. Belediye Cad.,0
11,Cafelera,,Eyüpsultan,İstanbul Cad. Kartal Sok. G1 Konutları No:3/1 Göktürk Beldesi,0
12,Manca Cafe Restaurant,,Eyüpsultan,Silahtarağa Cad. No: 155,0
13,"Keny's, Santral İstanbul",,Eyüpsultan,Eski Silahtarağa Elektrik Santralı Kazım Karabekir Cad. No: 2,0
14,"Namlı Gurme, Göktürk",,Eyüpsultan,İstanbul Cad. Neo Vista Çarşısı Göktürk Beldesi,0
15,"Bon Manger, Göktürk",,Eyüpsultan,Göktürk Merkez Mah.İstanbul Cad. Palms Residence Dükkanları No:M-1 Göktürk,0
16,Cafe Fuaye,,Eyüpsultan,Feshane Festival Sarayı Defterdar Durağı,0
17,"Pierre Loti Nargilevi, Pierre Loti Tepesi Turistik Tesisleri",,Eyüpsultan,Eyüp İdris Köşkü Cad. Karyağdı Sok. No:14,0
18,Gourmet Garden,,Eyüpsultan,Dispanser Sok. No:23,0
19,Bir Nefes Cafe & Nargile,,Eyüpsultan,Arasta Çarşısı No: 147,0
20,Cafe Bistro,,Eyüpsultan,Atatürk Bul. White Hill Avm. K: 2 No: 13,0
21,Juicity Sports Cafe,,Eyüpsultan,Göktürk Merkez Mah. - Kemer Country Bölgesi,0
22,"Faruk Güllüoğlu, Rami",,Eyüpsultan,Rami Kışla Cad. Apek Üretmen İş Merkezi A Blok No:89/119/120,0
23,Gül Cafe İskender Kebap,,Eyüpsultan,Kalenderhane Cad. Arasta Çarşısı No: 114,0
24,Golden Horn Cafe,,Eyüpsultan,Hz. Halit Bul. Araste Çarşısı No: 114,0
25,Sultanlı Cafe,,Eyüpsultan,Hz. Halid Bul. No: 32,0
26,Keyif Nargile Cafe,,Eyüpsultan,"İslambey Mah, Lokmacı İbrahim Sok, No 12,",0
27,Payetat Cafe Restaurant,,Eyüpsultan,Baraj Yolu Cad. Finanskent Konutları Sosyal Merkez No:4 Alibeyköy,0
28,Deniz Soydemir Photography,,Eyüpsultan,Belediye Cad. Çamgüzeli Sok. No:6/2,0
29,Mirror Dilli Cafe,,Eyüpsultan,Otakçılar Cad. Flatofis No:78 K:1,0
30,Mom's Cafe Restaurant,,Eyüpsultan,Davutpaşa Cad. No:6 (Çiftalan Yolu Üzeri) Kemerburgaz,0
31,Otantik Cafe,,Eyüpsultan,Mithatpaşa Mh. Bahçeköy Cd. No:35 Kemerburgaz,0
32,Meşhur Çırçır Simit Evi,,Eyüpsultan,Alibeyköy Namık Kemal Cad. No:133,0
