,0,1,2,3,4
0,Armut Cafe,,Karabağlar,326 Sok. No:6/B,0
1,Furkan Büfe,,Karabağlar,Çankaya Mah. 177. Sok. No:119/A Hatay,0
2,Limondi Cafe,,Karabağlar,68 Sok. No:2,0
3,"Kahve Diyarı, Merkez",,Karabağlar,Yeşillik Cad. 4328. Sok. No:17,0
4,Cafe Mr'e,,Karabağlar,Gürsel Aksel Bul. No:22/1,0
5,Malibu Cafe,,Karabağlar,502/2 Sok. No:23/A Hatay,0
6,19 Mayıs Cafe,,Karabağlar,Ali Rıza Avni Bul. 372/1 Sok. No:1 D:1/A,0
7,Beyazıt Cafe,,Karabağlar,İnönü Cad. No:793/A Üçkuyular,0
8,Evim Restaurant & Cafe,,Karabağlar,Yeşillik Cad. No:397,0
9,Kültür Cafe,,Karabağlar,502/2 Sok. No:46/A Hatay,0
