,0,1,2,3,4
0,Manje Cafe,,Karşıyaka,Cemal Bülbül Sok. Türksoy Blok No:22/B,4
1,Yasemin Cafe,,Karşıyaka,Bostanlı Sahil Bul. (Hasan Ali Yücel Bul.) (Beşikçioğlu Camii Karşısı),5
2,Coffeemania,,Karşıyaka,Cemal Gürsel Cad. No: 71/2A,3
3,Cafe La Vie,,Karşıyaka,Cemal Gürsel Cad. No:470/A Bostanlı,5
4,"Rcs Cafe, Bostanlı",,Karşıyaka,Şehit Cengiz Topel Cad. No:4/A Bostanlı,0
5,Sir Winston Tea House,,Karşıyaka,Cemal Gürsel Cad. No:474/A,0
6,Chocolat Cafe,,Karşıyaka,1778. Sok. No:5,5
7,Yalı Cafe & Bar,,Karşıyaka,Cemal Gürsel Cad. No:196/A,0
8,Haskahve Evi,,Karşıyaka,Cemal Gürsel Cad. Bildik Apt. No:69/A,0
9,Cafe Tömbeki,,Karşıyaka,Cemal Gürsel Cad. No:476/4-B Bostanlı,0
10,Alaçatı Çaycısı,,Karşıyaka,Bahriye Üçok Bulvarı,0
11,Beykoz Çaycısı,,Karşıyaka,Cemal Gürsel Cad. No:73/D,0
12,"Sir Winston Tea House, Sports İnternational",,Karşıyaka,2040. Sok. No:3 Mavişehir (Sports İnternational),0
13,Nişantaşı,,Karşıyaka,1732. Sokak,0
14,"Kahve Diyarı, Girne",,Karşıyaka,Girne Bul. 6046 Sok. No:15,0
15,35 Ksk 1912,,Karşıyaka,Cemal Gürsel Cad. No: 216/A,0
16,"Yerde Fıstık, Karşıyaka",,Karşıyaka,Cemal Gürsel Sok. No:182/A,5
17,Kordelya Cafe & Bistro,,Karşıyaka,Cemal Gürsel Cad. No: 476/7 Bostanlı,0
18,Monark Cafe Bar,,Karşıyaka,Cemal Gürsel Cad. No:178/A,0
19,Fiyaka Cafe,,Karşıyaka,1671 Sok. ,0
20,Emirgan Çaycısı,,Karşıyaka,1715 Sok. (Akbank Sok.) No:57/A-B,0
21,Hisar Nargile Cafe,,Karşıyaka,1787/1 Sok. No:39/B,0
22,Paprica Cafe,,Karşıyaka,Cengiz Topel Cad. No:32/A Bostanlı,4
23,80's Cafe,,Karşıyaka,Dr.M.Ziyaetin Ertemer Sok. No:8,0
24,Hayal Kahvesi,,Karşıyaka,1717 Sok. No: 105 Çarşı,0
25,Efes Corner Beer & Cafe,,Karşıyaka,Cemal Gürsel Cad. No:282,0
26,Eski Ev Kafe,,Karşıyaka,1671 Sok. No:113,4
27,Cafe Q,,Karşıyaka,1820/2 Sok. No:45/A Bostanlı,0
28,Alaçatı Kahvecisi,,Karşıyaka,Bahriye Üçok Bul. No:4-D,0
29,Biraver Cafe,,Karşıyaka,Cemal Gürsel Cad. No:278/A Bostanlı,5
30,Lion,,Karşıyaka,Cemal Gürsel Cad. No: 424/B,0
31,"Kahve Diyarı, Bostanlı",,Karşıyaka,2017. Sok. No:11/B Bostanlı,0
32,Moda Kalamış Cafe,,Karşıyaka,Salah Birsel Sok. No:51/D,0
33,2017 Diva Cafe,,Karşıyaka,2017 Sok.(Suat Gürbüzer Sok.) No:19/A,0
34,"Tarchy, Ege Park Mavişehir Avm",,Karşıyaka,2040 Sok. No:104 Mavişehir,0
35,Park Cafe,,Karşıyaka,Hasan Ali Yücel Bul.,3
36,Corners Cafe,,Karşıyaka,2013 Sok. (Barlar Sokağı) No:18/C,4
37,Yakamoz Cafe,,Karşıyaka,1743 Sok. No:39/A,0
38,"Kahve Diyarı, Bostanlı Migros",,Karşıyaka,Şehitler Bul. No:27,0
39,Etiquette Cafe,,Karşıyaka,Cemal Gürsel Cad. No:109/A Bostanlı,0
40,Cordelio Coffee House,,Karşıyaka,Cemal Gürsel Cad. No:170/A,5
41,Kafes Cafe,,Karşıyaka,Cengiz Topel Cad.,0
42,Cafe Rossa,,Karşıyaka,Gün Sazak Bul. No:53 Karşıyaka,0
43,Cafe De Chloe,,Karşıyaka,2010. Sok. No:3 Bostanlı,0
44,Cafe Hayal,,Karşıyaka,Ceyhan Gür Sok. No:71 D:1-B,0
45,Sultan Köşkü Cafe,,Karşıyaka,Cengiz Kocatoros Sok. No:38,5
46,"Günce Unlu Mamüller &Cafe, Bostanlı",,Karşıyaka,1671 Sok. No:187/A Bostanlı (Nergiz Metro İstasyonu Karşısı),0
47,Sokak Arası Cafe,,Karşıyaka,2014 Sok. No:12/A,0
48,Dinlen Cafe,,Karşıyaka,Gün Sazak Blv.,5
49,Cafe Blue,,Karşıyaka,6440/2. Sok. No:83,0
50,İncir Altı,,Karşıyaka,Rüştü Şardağ Cad.,0
51,Cafe Kırmızı,,Karşıyaka,6398 Sok. No:1/A,0
52,Baraka Cafe,,Karşıyaka,Cemal Gürsel Sok. No:75/1cC,0
53,The Lounge,,Karşıyaka,Cemal Gürsel Cad. No:476/C Bostanlı,0
54,"Mp Cafe, Medical Park",,Karşıyaka,Yeni Girne Bul. 1825 Sok. No:12,0
55,Bostanlı Cafe,,Karşıyaka,1807/3 Sok. No:41/A,0
56,Cafe Deiz,,Karşıyaka,1787 Sok. No: 69,0
57,Cafe Ice Berg,,Karşıyaka,Alaybey Mah. Donanmacı Mah. 1671. Sok. No:69/A,0
58,Coffee City,,Karşıyaka,Cemal Bülbül Sok. No:27/C Bostanlı,0
59,Sport House 22,,Karşıyaka,Şehit Cengiz Topel Cad. No:26/A Bostanlı,0
60,The Best Cafe,,Karşıyaka,1807 Sok. No:71/A,0
61,Tabula Rasa,,Karşıyaka,Cemal Gürsel Cad. 2007 Sok.,0
62,Enfes 2 Cafe Yemek,,Karşıyaka,Günsazak Bul. 1831. Sok. No:24/B,0
63,Cafe 118,,Karşıyaka,Yalı Cad. No:532/A Bostanlı,0
64,CafeDeiz,,Karşıyaka,Muharrem Candaş Sok.,0
65,Cafe Anita,,Karşıyaka,Donanmalı Mah. 1719 Sok. No:25,0
66,Ozan Cafe,,Karşıyaka,Cemal Gürsel Cad. No: 248/A,0
67,Şehr-i Yaka,,Karşıyaka,Girne Bul. No:64/C,0
68,Cafe Hanedan 7/24,,Karşıyaka,1825. Sokak,0
69,Azra Cafe,,Karşıyaka,Karşıyaka Çarşı 1717 Sok. No:82/C (Vakıf Çarşısı -Pasaj İçi) Kat:1,0
70,Surf Way Cafe,,Karşıyaka,2017. Sok. (Suat Gürbüzer Sok.) No:15,0
71,Zaya Life,,Karşıyaka,Cemal Gürsel Cad. No:438/C Mavi Kule,0
72,Cresh Cafe & Bar,,Karşıyaka,Cemal Bülbül Sok. No:27/B Bostanlı,0
73,Günce Cafe,,Karşıyaka,1671 Sok. No:187/A,0
74,Ekspres Kahvaltı Cafe,,Karşıyaka,Gün Sazak Bul. No:61/B,0
75,"Kahve Diyarı, Nergis Sevgi Yolu",,Karşıyaka,1671 Sok. Rüştü Şardağ Cad. No:122,0
76,Günce Unlu Mamüller &Cafe,,Karşıyaka,1830/2 Sok. No:2,0
77,Hisar Kafe,,Karşıyaka,1787/1 Sok No:39/B,0
78,Bağ Badem Cafe,,Karşıyaka,1810 Sok No:4/C,0
79,Kivi Cafe,,Karşıyaka,1723 Sok. No:9,0
80,"Mandalin Cafe & Ev Yemekleri, Bostanlı",,Karşıyaka,Nebil Susup Sok. (1738 Sok.) No:146,0
81,Aşşk Yaka Cafe,,Karşıyaka,2017. Sok. (Suat Gürbüzer Sok.) No:15/A-B Bostanlı,0
82,Barınak Cafe,,Karşıyaka,2038 Sok. No: 30,0
83,Besso Cafe,,Karşıyaka,387 Sok No:68/C (İzban Nergiz İstasyon Karşısı),0
84,Soulmate Coffee,,Karşıyaka,1715 Banka Sok. No:21/1-C,0
85,Cafe Muko,,Karşıyaka,1743. Sok. No:47/A,0
86,Cafe Bahçem,,Karşıyaka,1807. Sok. No:26/A Bostanlı,0
87,Clep,,Karşıyaka,Cemal Gürsel Cad. No: 458/A Bostanlı,0
88,Cofee Leonica,,Karşıyaka,Cemal Gürsel Cad. No:422/1-B,0
89,Dans Cafe & Bar,,Karşıyaka,Cemal Gürsel Cad. No: 192,0
90,Keyfe Keder Cafe,,Karşıyaka,2017 Sok. (Suat Gürbüzler Sok.) No:11/B Bostanlı,0
91,Pool's Cafe,,Karşıyaka,1671 Sok. No:197,0
92,Tuğra Nargile Kafe,,Karşıyaka,Ziya Ertemer Sok. No:1/A Denizbostanlısı,0
93,Evreka Cafe,,Karşıyaka,Metro Cad. 1671 Sok. No:126/1,0
94,Sir Winston House Mavibahçe,,Karşıyaka,Aziz Nesin Bul. No: 26/Z02,0
95,"Kahve Diyarı, Girne",,Karşıyaka,Bahriye Üçok Atatürk Bul. No:47/A,0
96,Suadiye Coffee Kitchenette,,Karşıyaka,Tiyatro Sok. No: 21,0
97,İro Cafe,,Karşıyaka,Bestekar Yusuf Nalkesen 6026 Sok. Irmak Apt. No: 2/1A Bostanlı,0
98,"Selera Roof, Park Yaşam Mavişehir",,Karşıyaka,6523 Sok. No: 32/A P: 601 Mavişehir,0
99,Cafe Teras Keyfi,,Karşıyaka,1713 Sok. (Tiyatro Sokağı) No:81 Çarşı,0
100,Tiyatro Cafe,,Karşıyaka,1713 Sok. No:48/B,0
101,Clef Restaurant & Cafe & Bar,,Karşıyaka,Cemal Gürsel Cad. No:458/A Bostanlı,0
102,Cafe Mil,,Karşıyaka,1807 Sok. No:30/A Bostanlı,0
103,Piero Cafe & Bar,,Karşıyaka,1807 Sok. No:21/B Bostanlı,0
104,Renks Cafe,,Karşıyaka,1728. Sok.(Kilise Sok.) No:5/A,0
105,Fuego Cafe Bar,,Karşıyaka,1671. Sok. No:255/A Bostanlı,0
106,Defne Cafe,,Karşıyaka,Muharrem Candaş Sok. No:18/2 Bostanlı,0
107,Makara Cafe Bar,,Karşıyaka,Namık Kemal Cad. No:20/A,0
108,Lara's Express Cafe,,Karşıyaka,Berin Taşan Sok. Karşıyaka Belediyesi Yanı No:24/A,0
109,Marisco 192. Filo Cafe,,Karşıyaka,Yalı Cad. Sok. No:316 ,0
