,0,1,2,3,4
0,"Hayal Kahvesi, Atakent",,Küçükçekmece,Çiçekli Vadi Cad. Arenapark AVM,5
1,"Verona Cafe, Arena Park Avm",,Küçükçekmece,Çiçekli Vadi Cad No: 1,4
2,Ağa Garden Cafe,,Küçükçekmece,Fatih Dış Kumsal Cad. 833 Yan yol No: 5,5
3,De Paris Cafe,,Küçükçekmece,Altın Sk. No:20,0
4,İkinci Bahar,,Küçükçekmece,Barbaros Cad. No:74,0
5,By Double Coffee,,Küçükçekmece,Halkalı Cad. No: 132,0
6,Hazal Cafe,,Küçükçekmece,Turgut Reis Cad. No:25,0
7,"Kahve Dünyası, Armonipark Avm",,Küçükçekmece,Halkalı Cad. No:132 Sefaköy,0
8,The Cafe Store,,Küçükçekmece,Altın Sok. No 24,4
9,The Moon Restaurant Cafe,,Küçükçekmece,Kuşlartepesi Cad. Halkalı Center No: 10,5
10,Osmanlı Kafe,,Küçükçekmece,Paktan Sok.,0
11,Cafe Keyffistanbul,,Küçükçekmece,Hürriyet Cad. Güneş Sok. No: 10,0
12,Simit Tadında,,Küçükçekmece,Tevfikbey Mah. Merkez Cad. No: 29 Sefaköy,0
13,"Robert's Coffee, İstanbul Aydın Üniversitesi",,Küçükçekmece,İnönü Cad. No: 40 Aydın Üniversitesi Florya Yerleşkesi,0
14,Bal Cafe,,Küçükçekmece,Merkez Mah. Dereboyu Cad. Baltrans Binası No:54 İkitelli,5
15,Bailey's,,Küçükçekmece,Fabrikalar Cad. No:1 (Aydın Üniversitesi Karşısı) Beşyol,0
16,Nazar Cafe,,Küçükçekmece,Hürriyet Cad. No:73-74,5
17,"Kıtır Usta, Halkalı",,Küçükçekmece,Maslak Çeşme Cad. No:71 Sefaköy,5
18,Fiskos Cafe,,Küçükçekmece,Çamlıbel Sok. No:14 Beşyol,5
19,Teras 86,,Küçükçekmece,235 Sok. No: 19,4
20,Sultan Cafe,,Küçükçekmece,804. Sok.,0
21,Cafe Timo,,Küçükçekmece,Fabrikalar Cad. No:5,0
22,Meşale Cafe,,Küçükçekmece,Halkalı Cad. Yıldız Sok. No:1-3 Kat:6,3
23,Teras Cafe,,Küçükçekmece,Avrupa Konutları,0
24,Cennet Bahçesi,,Küçükçekmece,Yavuz Selim Cad. Şehit Gaffar Okan Parkı No:2,0
25,Dubaa Cafe,,Küçükçekmece,Avrupa Konutlari Atakent 2,0
26,Mavran Cafe,,Küçükçekmece,Hat Boyu Cad.,0
27,"Campus Coffee, İstanbul Aydın Üniversitesi",,Küçükçekmece,Besyol Mah.Inönü Cad.No:38,0
28,Big Shisha Cafe,,Küçükçekmece,Hürriyet Cad. No: 23,0
29,"Mambocino Caffe, Merkez",,Küçükçekmece,Marmara Sanayi Sit. D Blok No: 70 İkitelli,0
30,Paşa Simit Evi,,Küçükçekmece,Billur Sok.,1
31,Robin's Cafe,,Küçükçekmece,Halkalı Cad. Bozkurt Sok. No:1,0
32,Cafe de Florya,,Küçükçekmece,Şenlikköy Mah.Bankalar Cad.Florya Konakları No:63 . B.Blok D.5,0
33,Başak Park,,Küçükçekmece,Başakşehir 2.Etap İkitelli,0
34,Emirgan Cafe,,Küçükçekmece,Altınşehir İstanbul Cad. Emirgan Binası Sinpaş Bosphorus City No:1,0
35,"Waffle Meeting, Armoni Park Avm",,Küçükçekmece,Tevfik Bey Mah. Halkalı Cad. No:132 Sefaköy,0
36,Cafe Drom,,Küçükçekmece,Altın Sok. No:22 Soğuksu,0
37,Kahve Diyarı,,Küçükçekmece,Bosphorus City 221 Sok. No:10,0
38,Robin's Cafe,,Küçükçekmece,Halkalı Cad. Bozkurt Sok. No:1,0
39,Khaldi's Coffee,,Küçükçekmece,Yenibosna Merkez Mah. 29 Ekim Cad.,0
40,City Cafe,,Küçükçekmece,Merkez Cad. Sefaköy,0
41,"Shozy Cafe, Merkez",,Küçükçekmece,Beşyol mh. Eski Londra Asfaltı Bul. no:8,0
42,Cafee Keyf,,Küçükçekmece,Halkalı Cad. No: 132,0
43,"Demlik, Arenapark Avm",,Küçükçekmece,Çiçekli Vadi Cad. No: 1/Z,0
44,Cafe'de Modda,,Küçükçekmece,Ahmet Kocabıyık Sok. No: 27 K: 2,0
45,Cafe Armani,,Küçükçekmece,Sultanmurat Mah. Üsküp Sok. No: 8 Sefaköy,0
46,Yağcıoğlu Pastaneleri,,Küçükçekmece,"Tevfikbey Mah, Halkalı Cad, No 118, Sefaköy,",0
47,"Atrium Lounge, Radisson Blu Conference & Airport Hotel",,Küçükçekmece,E-5 Karayolu (Yanyol) No:20,0
48,Cafe Kopuz,,Küçükçekmece,Hürriyet Cad. No:67/A,0
49,Cafe Yavuz,,Küçükçekmece,İstasyon Cad. No:7,0
50,Cafe Clas,,Küçükçekmece,Halkalı Mah. Tığılay Cad.,0
51,Cafemizzz Pizza Mizza,,Küçükçekmece,Kemalpaşa Mah. Halkalı Cad. Özbey Sok. No:5/B Sefaköy/K.çekmece/İST,0
52,Uyum Cafe,,Küçükçekmece,Başakşehir Mah. Balkan Sok,0
