,0,1,2,3,4
0,Seyrangah Cafe Restaurant,,Kağıthane,700. Yıl Park İçi Yolu,0
1,Keyf-i Sadabad Cafe,,Kağıthane,Aslıhan Sok. No:44,0
2,Bambinos Cafe,,Kağıthane,Cem Sultan Cad. No: 9/B,4
3,Madam Butterfly,,Kağıthane,"Sanayi Mah, Yunus Emre Cad, No 3,",4
4,Türkmen Cafe,,Kağıthane,Lale Paşa Sok. No: 3/A 4. Levent,4
5,"Jezvegah Cafe, Sapphire Avm",,Kağıthane,Eski Büyükdere Cad. No:1/1 4.Levenet,0
6,"Hışım Börek & Pide Cafe, Şube 8",,Kağıthane,Akarsu Cad. Bornova Sok. No: 1,3
7,Elvan Pastaneleri,,Kağıthane,Darülaceze Cad. Bilaş İş Merkezi No: 31,0
8,Vekem Sandwich Cafe,,Kağıthane,Ayazma Yolu Cad. No:55,0
9,Emrah Simit Cafe,,Kağıthane,Sadabad Cad. No: 5,5
10,Kardeşim Köfte Piyaz & Salata,,Kağıthane,Yeniçeri Sok. No: 10/A,5
11,Çardak Cafe Börek ve Pide Salonu,,Kağıthane,Talatpaşa Cad. No: 23,5
12,Nezih Cafe,,Kağıthane,Çobançeşme Cad. No:272,5
13,Bahçe Cafe,,Kağıthane,Namzet Sok. No: 34 Okmeydanı,0
14,"Öz Çardak Cafe, Çeliktepe",,Kağıthane,İsmet İnönü Cad. Hoşgör Sok. No: 2/C,0
15,Keyf-i Sefa Cafe Restaurant,,Kağıthane,Eyüp Sultan Cad. No: 16,0
16,Sadabad Cafe,,Kağıthane,Cendere Cad.,0
17,Mood Cafe,,Kağıthane,Emniyetevler Mah. Yamaç Sok. No:1/21,0
18,Cafe Moor,,Kağıthane,Harun Reşit Sok. No: 4/A,0
19,Mekan Cafe,,Kağıthane,Özoğul Cad. No: 4/A,0
20,Teras Nargile Cafe,,Kağıthane,"Çağlayan Mah, Vatan Cad, No 57.",0
21,"Tobacco Shop Cafe World Wide, Axis Avm",,Kağıthane,Cendere Cad. No: 28 Kat: 3,0
22,Keyif Cafe,,Kağıthane,Çakmak Cad. No: 2,0
23,Nezih Cafe,,Kağıthane,"Merkez Mah, Sadabad Cad, No 11/1-A,",0
24,Etlioğulları,,Kağıthane,Girne Cad. No: 3,0
25,Açık Büfe ve Cafe,,Kağıthane,Şahinler Sok. No: 10/D,0
26,Yakamoz Nargile Cafe,,Kağıthane,"Çağlayan Mah, Cihanşah Sok, No 29/A,",0
27,Ringa 5 Cafe Restaurant,,Kağıthane,Emniyetevler Mah. Tan Sok. No:23 4.Levent,0
28,Chefs Cafe Bistro,,Kağıthane,Sardunya Sok. No:4,0
29,Devrim Aile Çay Bahçesi,,Kağıthane,Sokullu Cad. No: 11,0
30,Cafe Nar,,Kağıthane,Sokullu Cad. No: 17/B,0
31,Divan Teras Cafe,,Kağıthane,Turan Sok. No: 4,0
32,"Ekmek Arası, Gültepe",,Kağıthane,Atalar Cad. No: 5/A,0
33,Sultan Sofrası & Cafe,,Kağıthane,İnönü Cad. No: 45/D,0
34,Sarılar Büfe,,Kağıthane,Sultan Selim Cad. No: 9/1,0
35,Cantürk Cafe,,Kağıthane,Sultan Selim Cad. Berrin Sok. No: 16/B,0
36,Çardak Cafe,,Kağıthane,Sultan Selim Cad. No: 90/B,0
37,Cafe Bistro 12,,Kağıthane,Darülaceze Cad. No: 32,0
38,Konak Kahvecisi,,Kağıthane,Yıldızhan Cad. No: 1,0
39,Türkiş Kafe,,Kağıthane,23 Nisan Cad. No: 8/A,0
40,Esmeray Cafe Restaurant,,Kağıthane,Eyüp Sultan Cad. No: 20/A,0
41,Akyol Pasta Cafe,,Kağıthane,Kemerburgaz Cad. No:1,0
42,Balcıoğlu Pastanesi,,Kağıthane,Çobançeşme Cad. No: 5,0
43,Öz Bağdat Cafe,,Kağıthane,"Çağlayan Mah, Vatan Cad, No 84/A.",0
44,Ceylanlar Pastane & Cafe,,Kağıthane,Girne Cad. No: 52,0
45,Sare Cafe & Restaurant,,Kağıthane,"Seyrantepe Mah, Cesur Sok, No 23/A,",0
46,Çağlayan Simit Cafe,,Kağıthane,Park Sok. No: 96/C,0
47,Uğur Cafe,,Kağıthane,Sultan Selim Cad. No:26,0
48,Tazmanya Bistro,,Kağıthane,İbrahim Karaoğlanoğlu Cad. No:93/A Seyrantepe,0
49,Burger Tadım Cafe,,Kağıthane,İsmet İnönü Cad. No:42/B Çeliktepe,0
50,Kristal Kafeterya,,Kağıthane,Girne Cad. No:5/C,0
51,Birtat Börekçi,,Kağıthane,Şevket Paşa Cad. No:16 Çağlayan,0
52,Cafe Paradise,,Kağıthane,Çağlayan Mah Vatan Cad. No:67/B,0
53,Hasır Cafe,,Kağıthane,Çelik Sok. No:12,0
54,"Merry Chocolate, Sapphire Avm",,Kağıthane,Eski Büyükdere Cad. No:1/1 4.Levent,0
