,0,1,2,3,4
0,Cafe's Restaurant,,Esenler,Davutpaşa Cad. Yıldız Teknik Üniversitesi İnşaat Fakültesi Yanı,5
1,Kayıntı Cafe,,Esenler,YTÜ Davutpaşa Kampüsü,3
2,"Gastronom Cafe, Ytü-Davutpaşa Kampüsü",,Esenler,,0
3,Cam Cafe,,Esenler,Yavuz Selim Cad. No: 20,0
4,Kuzenzade,,Esenler,İstanbul Cad. No: 135/B,0
5,Arzu Pasta Cafe,,Esenler,100. Yıl Mah. Barbaros Cad. 55. Sok. No: 1,0
6,Mimce Cafe,,Esenler,Mustafa Dündar Cad.,0
7,Cafe Eftelya,,Esenler,Davut Paşa Mah. Davutpaşa Cad. No:101/B/A,0
