,0,1,2,3,4
0,Bistro Cafe,,Ümraniye,Alemdağ Cad. No:73/3,0
1,"Kuğu Pastanesi, Ümraniye (Şerifali Mah.)",,Ümraniye,Çetin Cad. Kız Kalesi Sok. Elit Plaza B Blok No:1,0
2,"Le Pain Quotidien, Buyaka Avm",,Ümraniye,Balkan Cad. No:56,0
3,"Nivan Kebap Et Restoran, Dudullu",,Ümraniye,Osman Gazi Korusu Park Nivan,5
4,Mayra Cafe,,Ümraniye,Bayraktar Bul. No: 52/A,0
5,Dorukta Pasta Cafe,,Ümraniye,Site Yolu Ak Sanayi Sit. No: 56 Ümraniye,4
6,Eyüboğlu Cafe & Nargile,,Ümraniye,Bülbüldere Cad. Çırçır Ormanı Mesire Yeri TİAB Sosyal Tesisleri (Trabzon Park),3
7,"Gloria Jean's Coffees, M1 Meydan Avm",,Ümraniye,Balkan Cad. No:64 Tepeüstü,0
8,"Bambi Cafe, Ümraniye",,Ümraniye,Alemdağ Cad. No: 34,0
9,Orman Cafe,,Ümraniye,Bülbüldere Cad. Çırçır Ormanı Mesire Yeri Tiab Sosyal Tesisleri,0
10,Maya Pasta & Cafe & Restaurant,,Ümraniye,Elalmış Cad. No:27,0
11,Tarçın Pasta ve Cafe,,Ümraniye,Şahin Cad. No: 72/A,0
12,Çardak Cafe,,Ümraniye,Küçüksu Cad.,0
13,"Simit Sarayı, Ümraniye Çarşı",,Ümraniye,Alemdağ Cad. No:69,0
14,"Jimmy Joker Coffee's Shop, M1 Meydan Avm",,Ümraniye,,0
15,Crema Cafe,,Ümraniye,Alemdağ Cad. No:143/A,0
16,Vefa Pastaneleri,,Ümraniye,Öztekin Cad. No: 14/A,0
17,Cafe De İstanbul,,Ümraniye,Kavaklıdere Cad No:8/ B İstiklal,5
18,Coffee Mill,,Ümraniye,Site Yolu Sok. No:5,0
19,Waffle Art Home Cafe @ Tea,,Ümraniye,Mandıra Cad. No:6,5
20,Hazal Cafe & Börek & Pide Salonu,,Ümraniye,Alemdağ Cad. No:53 Dükkan:4,4
21,"Krispy Kreme, M1 Meydan Avm",,Ümraniye,Balkan Cad. No: 64,0
22,Çankaya Pastaneleri,,Ümraniye,Tavukçuyolu Cad. No: 167,0
23,Dora Kafe,,Ümraniye,Dora Park Sit. Sokullu Sok.,0
24,"Carlotta Café & Deli, Buyaka Avm",,Ümraniye,Balkan Cad. No: 97,0
25,"Paşafırını, Carrefoursa Ümraniye Avm",,Ümraniye,Küçüksu Cad. No: 64 Kat: 1,0
26,Studio 216 Cafe,,Ümraniye,Turgut Özal Bul. No:168/170,0
27,Kibele Kafe,,Ümraniye,Soyak Ümraniye Sitesi,0
28,Asya Cafe,,Ümraniye,Alemdağ Cad. Ata Sok. No: 6,0
29,Cadde 216 Cafe,,Ümraniye,Mithatpaşa Cad. Princess Plaza No:116/A,0
30,Peppe's Restaurant & Cafe,,Ümraniye,Hendem Cad. No: 54 Şerifali Canan Residence,0
31,"Big Yellow Taxi Benzin, Ümraniye",,Ümraniye,Sütçü İmam Cad. No: 22,0
32,Cafe De Marmara,,Ümraniye,Yeşil Sok. No:85/2B,0
33,Cadde Cafe & Şarküteri,,Ümraniye,Elalmış Cad. Şeyma Sok. No:12,0
34,Keyf-i Mangal,,Ümraniye,İkbal Cad. No:112/A,0
35,Brothers Cafe,,Ümraniye,Meltem Sok.,0
36,"Divan Kafeterya, Ümraniye",,Ümraniye,Dr. Fazıl Küçük Cad. No:15,0
37,Taze Tatlar,,Ümraniye,Tavukçu Yolu Cad. No: 190,0
38,Ehlikeyf Cafeteria,,Ümraniye,Sütçü İmam Cad. Çilek Sok. No:5,0
39,Melisa Pasta & Cafe,,Ümraniye,Ademyavuz Cad. No: 53/A,0
40,Lolipop Cafe ve Parti Evi,,Ümraniye,Şahin Cad. No:28/A Şerifali,0
41,Meydan Cafe & Restaurant,,Ümraniye,Alemdağ Cad. No:260,0
42,Yağmur Dede Cafe,,Ümraniye,Alemdağ Cad. No:261 Ihlamurkuyu,0
43,The Mush Cafe,,Ümraniye,Kayışdağı Mah. Baykal Sok. No:5/4,0
44,Arsin Profesyonel Temizlik Malzemeleri Kurumsal Tedarik Hizmetleri,,Ümraniye,Doğanevler Cad. Ceylan Sok. No: 19,0
45,Ümraniye Spor Çay Bahçesi,,Ümraniye,Mithatpaşa Cad.,0
46,İkea Cafe,,Ümraniye,Balkan Cad.,0
47,Asiye Cafe & Börek Salonu,,Ümraniye,Nato Yolu Cad. Şenel Sok.,0
48,Paşakonağı Kafeterya,,Ümraniye,Alkılıç Sok. No: 6/B,0
49,Çilek Bahçesi Pasta Cafe,,Ümraniye,Talatpaşa Cad. No: 3/A,0
50,Konak Cafe,,Ümraniye,Mahir Cad. No: 2/A,0
51,Buhara Dondurma & Cafe,,Ümraniye,Şenol Cad. No: 70,0
52,Sıcak Fırın Cafe,,Ümraniye,Yunus Emre Cad. No: 1,0
53,"Jimmy Joker Coffees, Meydan Avm",,Ümraniye,Balkan Cad. No: 64,0
54,Yücel Simit,,Ümraniye,Fatih Sultan Mehmet Cad. No: 59/C,0
55,Tuğralı Cafe,,Ümraniye,Seyrantepe Cad. No: 44,0
56,Atakent Pasta Cafe,,Ümraniye,Talatpaşa Cad. No: 82,0
57,Titiz Pasta ve Cafe,,Ümraniye,Şehit Burak Kurtuluş Cad. No: 142/A,0
58,Saklım Cafe Restaurant,,Ümraniye,Abdullah Azam Cad. No: 28/A,0
59,Cafe İmizza,,Ümraniye,Çayırbaşı Cad. No: 102/A,0
60,Eylül Pastanesi,,Ümraniye,Mithatpaşa Cad.,0
61,Cafe's,,Ümraniye,Talatpaşa Cad. No :11/B,0
62,İkram Pasta Cafe,,Ümraniye,İkbal Cad. No: 127/1,0
63,Pembegül Pastanesi,,Ümraniye,Alemdağ Cad. No: 534/A,0
64,Melisa Pasta Cafe,,Ümraniye,Ademyavuz Cad. No: 95/A,0
65,Park Cafe,,Ümraniye,Çardak Sok. No: 4,0
66,Aum Pasta & Cafe,,Ümraniye,Bulgurlu Mah. Alemdağ Cad. No: 82,0
67,Bakerfeed's Cafe,,Ümraniye,Barbaros Cad. No :9/A,0
68,Irgat Pasta Cafe,,Ümraniye,Marman Sok. No: 18/A,0
69,"Atrium Cafe & Patiserria, Ağaoğlu My City Hotel",,Ümraniye,Tavukçuyolu Cad. No:22,0
70,Gülfem Cafe,,Ümraniye,Gazi Mustafa Kemal Cad. No:35/B,0
71,Kamana Pasta & Cafe,,Ümraniye,Atay Cad. No:48/A,0
72,Cafe Detone,,Ümraniye,Elalmış Cad. No 4/6,0
73,Ada Cafe Restaurant,,Ümraniye,Soyak Yeni Şehir Palmiye Evleri,0
74,"Mado, Ümraniye Merkez",,Ümraniye,Alemdağ Cad. No:45,0
75,Julius Meinl,,Ümraniye,Site Yolu Sok. No:5,0
76,Netaş Sosyal Tesisleri,,Ümraniye,Alemdağ Cad. No:171,0
77,Ole Cafe,,Ümraniye,Balkan Cad. M1 Meydan AVM No:64,0
78,Cafe Mi,,Ümraniye,Talat Paşa Cad. No:11,0
79,Nur Büfe,,Ümraniye,Güven Oto Sanayi Sit. D:12,0
80,Ferrare Cafe,,Ümraniye,Küçüksu Cad.Carrefour Sa Alışveriş Mrk. No:68,0
81,Üç Bina Cafeterya,,Ümraniye,Yeni Çamlıca Mah. Baraj Yolu Cad.,0
82,Uğrak Cafe,,Ümraniye,Alemdağ Cad. Nefis Sok. No:3,0
83,Sırat Cafe,,Ümraniye,Tecelli Sok. No:16,0
