,0,1,2,3,4
0,Tahmis Kahvesi,,Şahinbey,Şehitler Cad. Eski Buğday Pazarı No: 21,4
1,Vagon Cafe,,Şahinbey,Kavaklık Parkı 2. Etab (Planeteryum Yanı),0
2,Park Cafe,,Şahinbey,Sarıgüllük Mah. Zübeyde Hanım Bul. (100. Yıl Atatürk Kültür Parkı 2. Etap Masal Park Yanı),0
3,Karakedi Saklı Bahçe Cafe Restaurant,,Şahinbey,Kemal Köker Cad. Çınarlı Parkı,0
4,Rüya Kahvesi,,Şahinbey,Emek Mah. İbrahimli Yolu Cad. Fırat Apt. No:31 Konak,0
5,Amber's Restaurant & Cafe,,Şahinbey,Yüzüncü Yıl Park İçi Kavaklık,0
6,Tarihi Kır Kahvesi,,Şahinbey,Köprüpaşa Sok. Kalealtı/Tabakhane,0
7,"Eskici Kahve Evi, İnönü Caddesi",,Şahinbey,İnönü Cad. No:34/1 (BP Petrol Karşısı),0
8,CafeDrall Restaurant,,Şahinbey,Üniversite Bul. Yılmaz Apt. Altı No:339/3,0
9,Badem Çikolata & Cafe,,Şahinbey,Değirmiçem Mah. Fevzi Çakmak Bul. No:50/A,5
10,Şekerim Cafe,,Şahinbey,216. Cad.,4
11,Alpa Pide Fırını,,Şahinbey,Delbes Sok No:2,5
12,Sahree Cafe & Restaurant,,Şahinbey,Kavaklık Cad. (Platenaryum Yanı),0
13,Calisto,,Şahinbey,Guneykent mah.235 Nolu Sok.No: 4621,0
14,Sakıcı Cafe,,Şahinbey,242 Nolu Sok. No:3,0
