,0,1,2,3,4
0,Nostalji İstanbul Cafe Restaurant,,Bağcılar,Taşocağı Yolu Cad. A Blok Sk. No:5 D:Z1 (212 AVM),3
1,"Brown Planet Cafe & Restaurant, 212 İstanbul Avm",,Bağcılar,Taşocağı Cad. No:5 K:2,3
2,Cafe Ray,,Bağcılar,Çeşme Sok. No:12,0
3,Aşiyan Cafe Restaurant,,Bağcılar,6. Sok. No:1 Dr.Sadık Ahmet Parkı Aşiyan Çay Bahçesi(Ebubekir Camii Yanı),0
4,"Seyran, Güneşli",,Bağcılar,Gunesli Mah. Evren Cad. 1. Sok. No:2,0
5,Keyfe Değer,,Bağcılar,Menderes Cad. No: 4/B,0
6,Hastat Kafeterya,,Bağcılar,6. Yol,4
7,Kitchen In Fashion,,Bağcılar,Koçman Cad. Ziyal Plaza C Blok B1 Güneşli,0
8,Cafe Maris Beach,,Bağcılar,Yalçın Koreş Cad. Fidan Sok. No:2 Güneşli,0
9,"Asli Borek, Metro Güneşli",,Bağcılar,Koçman Cad.,0
10,"Coffee Corner, Güneşli Park Avm",,Bağcılar,Koçman Cad. No:10,0
11,"Lavazza, Bağcılar",,Bağcılar,Koçman Cad. No:36 B Blok,0
12,Cafe Escape,,Bağcılar,"Merkez Mah, 3. Sok, No 14/A,",0
13,Cafe De Mola,,Bağcılar,İstiklal Cad. No:6 Güneşli,0
14,"İslamoğlu, Bağcılar",,Bağcılar,Abdi İpekçi Cad. No: 107,0
15,Uluç Cafeteria,,Bağcılar,İstanbul Cad. No:13/B,0
16,"Kahve Dünyası, Hürriyet Towers Güneşli",,Bağcılar,Kireçocağı Mevkii Hürriyet Medya Towers,0
17,Yeni Pasta Dünyası,,Bağcılar,Bağcılar Cad. No: 94/A,0
18,Hoca Ahmet Yesevi Caddesi Kütüphanesi ve Çay Ocağı,,Bağcılar,Hoca Ahmet Yesevi Cad. Ahmet Yesevi Camii,0
19,Simit Cafe,,Bağcılar,Evren Cad. No: 46/A Grossmall AVM,0
20,Necipoğlu Pastanesi,,Bağcılar,Bağcılar Cad. No: 51/D,0
21,Cafe Özlem,,Bağcılar,2. Sok. No: 23/A,0
22,Barbaros Park Kafeterya,,Bağcılar,7/3 Sok. No: 12,0
23,Cafe'deyim Cafe,,Bağcılar,Birlik Cad. No: 143/F,0
24,İstanbul Cafe,,Bağcılar,Birlik Cad. No: 26,0
25,Sahra Cafe,,Bağcılar,Yenimahalle Dökümcüler Cad. No: 45/A,0
26,Köyüm Cafe,,Bağcılar,11. Sok. No: 7,0
27,Cafe Çıt Çıt,,Bağcılar,25. Sok. No: 17/B,0
28,Deniz Cafe,,Bağcılar,2 Sok. No: 9/A,0
29,Saklıbahçe Cafe,,Bağcılar,Çarşı Cad. No: 7/A,0
30,Zara Cafe,,Bağcılar,5/2 Sok. No:8,0
31,Arda Pastaneleri,,Bağcılar,Fatih Cad. No: 76,0
32,Alpago Cafe,,Bağcılar,"Hürriyet Mah, Kuyu Sok, No 1,",0
33,Yıldız Cafe,,Bağcılar,Çarşı Cad. 14. Sok. No: 10/A,0
34,"Cafe Inn, Holiday Inn Istanbul Airport",,Bağcılar,Taşocağı Yolu Cad. No:35,0
35,Mediteranem Cafe,,Bağcılar,İstoç Sanayi Sit. 3. Ada No:90,0
36,Hastat Cafeterya,,Bağcılar,İstoç Tic. Mrk. No:21 6. Ada,0
37,Polo Bistro Cafe,,Bağcılar,Gülbahar Cad. No:2/A Güneşli,0
