,0,1,2,3,4
0,"Bisquitte, Optimum Outlet Avm",,Gaziemir,Akçay Cad. No: 101,0
1,Coffee House Bookstore,,Gaziemir,680. Sk. No12/A,0
2,"Kule Cafe, Optimum Avm",,Gaziemir,Akçay Cad. No: 1K-030,0
3,Rose Cafe,,Gaziemir,Atatürk Bul. 690 Sok. No:13/A,0
4,Tepe Cafe & Restaurant,,Gaziemir,Nevvar Salih İşgören Cad. No:8/3 (Kipa 10. Yıl Lisesi Yanı),0
5,Clube Cafe,,Gaziemir,Atatürk Bul. No:27/A,0
6,"Coffeshop Company, İzmir Optimum Outlet Avm",,Gaziemir,Akçay Cad. No:101 B1K-057,4
7,Kahve Denizi,,Gaziemir,674/1 Sok. No:5/A,5
8,Hanımağa Cafe,,Gaziemir,5. Sok. No: 19/C,0
9,İncir Cafe & Restaurant,,Gaziemir,Atatürk Bul. No:12/1,0
10,Efes Cafe,,Gaziemir,Adnan Menderes Airport,0
11,Cafe Biyer,,Gaziemir,5. Sok. No:6/A Sevgiyolu,0
12,Sport Cafe,,Gaziemir,Göksu Mah 690 Sok. No:8,0
13,My House Cafe,,Gaziemir,Atatürk Bul. No: 25 / A (Altay Spor Klübü Karşısı ),0
14,Cafe Tamtam,,Gaziemir,Mehmet Emin Gürkan Cad. No:5 D:1,0
15,Flamingo Park Restaurant ve Cafe,,Gaziemir,Akçay Cad. 170 Sok. K:1 D:170,0
16,Beer Garden,,Gaziemir,Etiler Cad. No:22/A,0
17,Truva Cafe,,Gaziemir,72. Sok. No:8,0
18,Akan Kafe,,Gaziemir,Şht. Feridun Pözüt Cad. No:21,0
