,0,1,2,3,4
0,İnci Cafe,,Narlıdere,Gürler Cad. No:7/B Sahilevleri,5
1,Cafe 'Dut,,Narlıdere,Gürler Cad. No:52 Sahilevleri,0
2,Patika Cafe,,Narlıdere,6 Evler Mah. Yıldırım Kemal Cad. No:9/A Sahilevleri,0
3,En Bordo Sandviç,,Narlıdere,Ata Cad. No:1/N,0
4,Friend Cafe,,Narlıdere,Illıca Mah. Yavuz Bingöl Sok.(Gündoğdu Sok.) No: 11/B,0
5,Cafe A+,,Narlıdere,Yavuz Bingöl Sanat Sok. No:13/A,0
6,Çakıl Cafe,,Narlıdere,6 Evler Mah. Yıldırım Kemal Cad. No:16 Sahilevleri,0
7,Jadu Coffee,,Narlıdere,Mithatpaşa Cad. No:47,0
8,Bubbles Cafe,,Narlıdere,Yavuz Bingöl Sok. (Gündoğdu Sok.) No:11/A,0
