,0,1,2,3,4
0,"Leman Kültür, Kidsmall Avm",,Bornova,367/6 Sok. No:5/11,4
1,"Midpoint, Forum Bornova",,Bornova,Kazim Dirik Mah. 372 Sok. E-Blok No: 103,0
2,Üniversite -II,,Bornova,162. Sok. No:6/B Küçükpark,0
3,Cafe Deyim,,Bornova,162. Sok. No:17/A Küçükpark,0
4,"Bisquitte, Küçükpark",,Bornova,Süvari Cad. No:58,5
5,Mambo Cafe,,Bornova,162. Sok. No:7/D Küçükpark,0
6,"Kahve Diyarı, Bornova",,Bornova,Süvari Cad. No:49/1,4
7,Otantic Cafe,,Bornova,Tülay Aktaş Sevgi Yolu Sok. (162. Sok.),0
8,Fısıltı Cafe,,Bornova,162. Sok. No:15/C Sevgiyolu- Küçükpark,0
9,"Kahve Diyarı, Bornova 2",,Bornova,Zafer Cad. No:40/B,1
10,Cafe Portakal,,Bornova,Süvari Cad. No:7/1 Bornova Merkez Park İçi,0
11,Bamteli Cafe,,Bornova,Küçükpark Sevgi Yolu 162 Sok. No:36/A,0
12,Vebaş Cafe,,Bornova,İstanbul Cad. No:54,0
13,Music Cafe,,Bornova,Kazın Dirik Mah. 159. Sok. No:8/A Küçükpark,1
14,"Mandolin Cafe, Forum Bornova Avm",,Bornova,372 Sok. No:10,5
15,"Mado, Forum Bornova Avm",,Bornova,372 Sok. No:10,0
16,Cafe Teras,,Bornova,Fevzi Çakmak Cad. No:54,0
17,Ra Cafe,,Bornova,162. Sok. No:23/A Küçükpark,0
18,Cafe Lara,,Bornova,162. Sok. No:30/A Küçükpark,0
19,Cosmo Cafe,,Bornova,162 Sok. No:9/A,0
20,Köyüm Kahvaltı Evi,,Bornova,İzmir Manisa Yolu 9. Km Yakaköy Köy Meydanı Çiçekliköy,0
21,"Kahve Diyarı, Bayraklı",,Bornova,Haşim İşcan Cad. No: 34/B,0
22,Cafe Rebel,,Bornova,Süvari Cad. No:58/C,0
23,Coco Loco,,Bornova,Süvari Cad. No:13/A-B,0
24,Cafe Dejavu,,Bornova,162 Sok. No:11/D Küçükpark,0
25,"RCS Cafe, Bornova",,Bornova,Süvari Cad. No:32/A,4
26,S.O.S Cafe,,Bornova,162. Sok. No:26/E Küçükpark,0
27,"Lemon Cafe, Forum Bornova Avm",,Bornova,372 Sok. No:10,0
28,Destina Life,,Bornova,Süvari Cad. No:15/A,0
29,Jazzy,,Bornova,162. Sok. No:11/B,0
30,Kahve Days,,Bornova,Kazım Dirlik Mah. Süvari Cad. No:23/D,0
31,Selera Cafe & Restaurant,,Bornova,Eğridere Köyü No:18 Homeros Vadisi Yolu Üzeri,4
32,Kaos Cafe,,Bornova,162. Sok. No:24/B Küçükpark,0
33,Patika Cafe,,Bornova,160. Sok. No:5/B Küçükpark,0
34,The Bornova Cafe,,Bornova,162. Sok. No:40 Küçükpark,0
35,Yer Fıstığı Cafe & Bar,,Bornova,Süvari Cad. No:63 Küçükpark,3
36,Yeşil Köşk Cafe Restaurant,,Bornova,373. Sok. Yeşil Köşk (Ege Üniversitesi),0
37,Cafe Smart,,Bornova,162. Sok. No:9/D,0
38,Fiyora Cafe & Restaurant,,Bornova,166. Sok. No:12/A Küçükpark,0
39,"Sir Winston Tea House, Forum Bornova Avm",,Bornova,372 Sok. No:10,0
40,Adalya Cafe,,Bornova,162. Sok. No:15/A Küçükpark,0
41,Zuzu Cafe,,Bornova,162. Sok. No:26/B Sevgiyolu - Küçükpark,0
42,Hanedan Cafe,,Bornova,162. Sok. No:26/A,0
43,Simya,,Bornova,162 Sok. No:42/A,0
44,Betusi Cafe,,Bornova,36. Sok. No:7/A,4
45,Kulis Cafe,,Bornova,Ege Üniversitesi Kampüsü,0
46,Cafe Paris,,Bornova,162. Sok. No:9/C Sevgi Yolu- Küçükpark,0
47,Fesleğen Cafe,,Bornova,207 Sok. Seyhan Sit. No:5/G,0
48,Rio Cafe,,Bornova,162. Sok. No:11/A Küçükpark,0
49,Tenis Cafe,,Bornova,Ege Üniversitesi Hastanesi,0
50,Bulvar Cafe,,Bornova,Gediz Cad. No:21/A,0
51,Karayel Cafe,,Bornova,162 Sok. No:7/A,0
52,Portakal Cafe & Brasserie,,Bornova,Süvari Cad. No:7/1 Büyükpark İçi,4
53,"Sir Winston Tea, Yaşar Üniversitesi Sosyal Bilimler Enstitüsü",,Bornova,Üniversite Cad. No:35-37 Ağaçlı Yol Selçuk Yaşar Kampüsü,0
54,Evim Cafe & Börek,,Bornova,236 Sok. No:5/22 Özkanlar,3
55,Çakıl Taşı Cafe,,Bornova,1719 Sok. No:16/B Naldöken,0
56,Cantine Cafe,,Bornova,62.Sok. No:2/C,0
57,Bystra Coffeee & Bistro,,Bornova,Süvari Cad. No:30/A,0
58,"Kahve Diyarı, Yaşar Üniversitesi",,Bornova,Üniversite Cad. No: 35/37-15 Yaşar Üniversitesi Kampüsü,0
59,Telve Cafe,,Bornova,213 Sok. No: 35/C,0
60,Leman Cafe,,Bornova,169. Sok No:8/C,5
61,"Coffe Port, Manavkuyu",,Bornova,İslam Kerimov Cad. No:18/D Sunucu Plaza A Blok Manavkuyu,0
62,"Cafe Brasiliana, Park Bornova Avm",,Bornova,Ankara Asfaltı No:192,0
63,Pretty Party House & Cafe,,Bornova,119/9 Sok. Hilal Sit. No:5/A,1
64,Mercan Cafe,,Bornova,162. Sok. No:22/A Sevgiyolu- Küçükpark,0
65,Satranç Cafe,,Bornova,Ege Ünıversitesi Vakıf Çarşısı,0
66,Kahve Damlası,,Bornova,Süvari Cad. No:48/A-B,1
67,Zencefil Cafe,,Bornova,161 Sok. No:8/B Küçükpark,0
68,"Neşve Çay Kahve Evi, İzmir",,Bornova,Süvari Cad No:56 Küçükpark,0
69,Kahve Bahane,,Bornova,162. Sok. No:15/B,0
70,Chucky Cafe,,Bornova,170 Sok. No:17 Küçükpark,1
71,Defne Cafe,,Bornova,162. Sok. No:26/C Küçükpark,0
72,Kahverengi Cafe,,Bornova,162. Sok. No:9/E Küçükpark,0
73,Pastavilla Cafe,,Bornova,Üniversite Cad. No:31,0
74,Moonpark Cafe,,Bornova,162. Sok. No:7/C Sevgiyolu- Küçükpark,0
75,Angel Cafe,,Bornova,168. Sok. No:8/B Küçükpark,0
76,Junior Cafe,,Bornova,162. Sok. No:15/D,0
77,Çay Ocağı,,Bornova,454. Sok. No:1/B,0
78,Bisquitte,,Bornova,Çanakkale Cad. No:46 Pınarbaşı,0
79,"The Winston Brasserie, Kids Mall Avm",,Bornova,367/6 Sok. No:3/D,0
80,Kafe Şafak Türküsü,,Bornova,161 sok. No: 10/C Küçükpark,1
81,Kafe'in Cafe,,Bornova,Kazım Dirlik Mah. Ege Ünivesitesi,0
82,Coffee Shop,,Bornova,234. Sok. Ata Sit. C Blok No:2/A,0
83,Sonador,,Bornova,162. Sok. No:15/E Küçükpark,0
84,Radika Cafe,,Bornova,Çiçekli Köy Mevkii,0
85,"Sipsi Cafe, Forum Bornova Avm",,Bornova,372 Sok. No:26/M Zemin Kat E Blok,0
86,Smoke Cafe & Bar,,Bornova,Kazım Dirlik Mah. 161. Sok. No:19 Küçükpark,0
87,People's Cafe,,Bornova,162. Sok. No:24/A Sevgiyolu- Küçükpark,0
88,"Kahvemania, Bornova",,Bornova,Süvari Cad. No:41,0
89,Cafe Rezine,,Bornova,Süvari Cad. Park Apt. No:14/B,0
90,Cafe Garden Life,,Bornova,169 Sok. No:16 Küçükpark,0
91,Mola Cafe,,Bornova,Mansuroğlu Mah. 226 Sok. No:6/B,0
92,Milenyum Cafe,,Bornova,Fatih Cad. No:41,0
93,"Coffe Port, Bornova",,Bornova,Süvari Cad. No:62/B Küçükpark,0
94,Kahvemsi Cafe,,Bornova,Zafer Cad. No:40,0
95,"Kahve Durağı, Küçükpark",,Bornova,161. Sok. No:1/A,0
96,Ayasofia Çaycısı,,Bornova,232. Sok. No:16/D Özkanlar,0
97,Yalçın Vitamin Cafe,,Bornova,Dumlupınar Cad. No:123/E Manavkuyu,0
98,Miya Cafe,,Bornova,Gediz Cad. Şakir Dağüstü Sit. No:20/Z Kazımdirik,0
99,Ege Cafe,,Bornova,Ege Üniversitesi Öğrenci Köyü,0
100,Çınar Lounge,,Bornova,Fevzi Çakmak Cad. No:31/D,0
101,"46 Edem Cafe, Bornova",,Bornova,Dumlupınar Cad. No:132/A-B,0
102,Büyük Park Cafe Look,,Bornova,156. Sok. No:9/C,0
103,Yağmur Kafe,,Bornova,194 Sok. No. 47,0
104,Neşem Cafe,,Bornova,161 Sok. No:2/A,0
105,Derya Vitamin Cafe,,Bornova,Süvari Cad. 155 Sk. No: 2/C,0
106,Meşveret Cafe,,Bornova,Mustafa Kemal Cad. Doğa Sit. No:132/3-A,0
107,Vitamin 2 Derya Cafe,,Bornova,Süvari Cad. 155. Sok. No:2/C,0
108,Cafe's Lemon,,Bornova,162. Sok. No:21/A Küçükpark,0
109,Cantien Cafe & Restaurant,,Bornova,62. Sok. No:2/C,0
110,Baba'nın Yeri,,Bornova,Gediz Cad. No:20/A,0
111,Cafe Pera,,Bornova,186. Sok. No:11,0
112,Cafe Mola,,Bornova,226 Sok. No:6/B,0
113,Cafe Keyf,,Bornova,M. Kemalpaşa Cad. No:85/A,0
