,0,1,2,3,4
0,Belmont Dünyası,,Pendik,Batı Sahil Yolu Cad. No:6 A/3 Marinturk Belmont,4
1,Bahçe Cafe & Restaurant,,Pendik,Geziboyu Cad. No: 70/A,3
2,"Douwe Egberts Coffee, Pendik Marintürk Çarşı",,Pendik,Sahil Yolu Marintürk Çarşı A Blok No: 4,5
3,"Gimm Cafe, Pendik Marintürk",,Pendik,İstanbul City Port C2/A,4
4,"Cafe Crown, Marin Türk Avm",,Pendik,Sahil Yolu Zemin Kat No:61,3
5,Marin Cafe,,Pendik,Pendik Tenis Kulubü (100. Yıl Çocuk Park İçi Yolu),5
6,"Gönül Kahvesi, Pendorya Avm",,Pendik,Fabrika Sok. No:5 K:2,0
7,"Revzen, Kurtköy",,Pendik,Yenisehir Mah. Eski Ankara Yolu Cad. No: 393,0
8,"Lika Fırın & Cafe, Pendik",,Pendik,Ankara Cad. Derya Apt. No:185,5
9,Cafe Eskaza,,Pendik,Geziboyu Cad. Kırlangıç Sok. No:77/A,0
10,"Center Point Restaurant, İç Hatlar",,Pendik,Sabiha Gökçen Havaalanı İç Hatlar,0
11,Köşk Cafe,,Pendik,Ankara Cad. No:165,4
12,Pianta,,Pendik,Sabiha Gökçen Havaalanı,0
13,"Kahve Deryası, Dumankaya Cadde",,Pendik,Dumankaya Cad. Sit. Cumhuriyet Bul.,0
14,Paco Cafe,,Pendik,Hatboyu Cad. İstasyon Dükkanları,0
15,Paşa Nargile Cafe,,Pendik,Aydınlı Yolu Cad. No:136,0
16,Palmiye Cafe,,Pendik,Ankara Cad. No:32,3
17,Black & Others Cafe,,Pendik,Cumhuriyet Bul. Dumankaya Sit. D Blok No: 12,0
18,Drive Inn Cafe,,Pendik,Sabiha Gökçen Havaalanı (E-F check-in adasının karşısında),0
19,Lapacı Coffee & Food House,,Pendik,Ankara Cad. No:159/A,5
20,"Lika Fırın & Cafe, Kartal",,Pendik,Ankara Cad. No: 185,5
21,Center Point,,Pendik,Sabiha Gökçen Havalimanı,5
22,Cafe De Blush,,Pendik,Osmanlı Bul. Atlantis AVM 6/165-166,5
23,Ançera Pastahanesi,,Pendik,19 Mayıs Cad. No: 50/D,5
24,Lika Fırın Cafe,,Pendik,Ankara Cad. No:185,5
25,Sky Line Cafe_A,,Pendik,Sabiha Gökçen Havalimanı,5
26,Vural Pastanesi,,Pendik,Ankara Cad. No:120,5
27,Alaçatı Muhallebicisi Lens AVM,,Pendik,"Yenişehir, Osmanlı Blv. No:4, 34912 Pendik/İstanbul",4
28,Jazz Cafe,,Pendik,Ankara Cad. No:136,0
29,Veranda Cafe & Restaurant,,Pendik,Akan Sok. No:3 K:4,4
30,Ehli Keyf Nargile Kafe,,Pendik,Mustafa Akyol Sok.,4
31,Ezgi Cafe,,Pendik,Ankara Cad. No:3/D,4
32,Tunç Cafe,,Pendik,Namık Kemal Cad. No:48 Asya Finans Karşısı,4
33,"Mc D Cafe, Sabiha Gökçen Havalimanı",,Pendik,Dış Hatlar Girişi Giden Yolcu Holü,3
34,Simit City,,Pendik,Ankara Cad. No:137,3
35,"Timothy's Restaurant & Cafe, Pendik",,Pendik,Marinturk İstanbul City Port Sahil Yolu,0
36,Dilek Cafe,,Pendik,Dr. Orhan Maltepe Cad. No:14,0
37,"Kıyı Pastanesi, Pendik",,Pendik,19 Mayıs Cad. No:37,0
38,Bacio Cafe & Restaurant,,Pendik,Marintürk Pendik Sahil Yolu City Port Marintürk,0
39,Veranda Cafe,,Pendik,Sabiha Gökçen Havalimanı,0
40,Botanik Cafe,,Pendik,Altkaynarca Aydınlı Yolu Botaş Boru Hattı Parkı No:106,0
41,"Motta Brasserie, Atlantis Avm",,Pendik,Osmanlı Bul. No:65,0
42,Cafe Kankim,,Pendik,Ortanca Cad.,0
43,"Barnies Cafe, World Atlantis Avm",,Pendik,Osmanlı Bul. No:117 Kurtköy,0
44,Vitamin bar & Cafe,,Pendik,"Neomarin AVM, Kat 2, Kaynarca Mah, Elka Sok, No 33,",0
45,Çitlembik Aile Çay Bahçesi,,Pendik,"Geziboyu Cad. No 68,",0
46,Bke Cafe Restaurant ( Viaport AVM ),,Pendik,Dedepaşa Cad. No:19 A Kapısı Viyaport Avm,0
47,Bosna Parkı Aile Restaurant &Cafe,,Pendik,Behçet Kemal Sok.,0
48,Cafune Cafe & Restaurant,,Pendik,Geziboyu Cad. No:75/A D:1,0
49,Cafe Crown Marinturk Çarşı,,Pendik,Marintürk Çarşı Müdürlüğü Sahil Yolu İDO İskelesi Yanı,0
50,"Damak Diyarı, Şube 1",,Pendik,Vatan Cad. No: 55 Esenyalı,0
51,Drive Inn Cafe,,Pendik,Sabiha Gökçen Havalimanı Giden Yolcu Holü,0
52,Coca Cola Gate Cafe,,Pendik,Sabiha Gökçen Havalimanı İç Hatlar,0
53,LGM Sports Cafe,,Pendik,Sabiha Gökçen Havalimanı Dış Hatlar,0
54,Pianta Cafe,,Pendik,Sabiha Gökçen Havalimanı Giden Yolcu Holü,0
55,Fly Cafe,,Pendik,Sabiha Gökçen Havalimanı Gelen Yolcu Katı Çıkışı,0
56,Durak Cafe,,Pendik,Nazlıcan Sok.,0
57,Çaykur Çay Evi,,Pendik,Ankara Cad. No: 301,0
58,Başkent Cafe,,Pendik,Ankara Cad. No: 149/A,0
59,Üçevler Pasta ve Cafe,,Pendik,Ankara Cad. No: 104,0
60,"Vitamin Bar, The Green Park Pendik Hotel & Convention Center",,Pendik,Temenye Mevkii Eski Ankara Cad. No: 200,0
61,"Myy Cafe, Myy Boutique Hotel",,Pendik,Ankara Cad. Hakimler Çıkmazı Sok. No: 1,0
62,"Myy Cafe, Myy Boutique Hotel",,Pendik,Ankara Cad. Hakimler Çıkmazı Sok. No:1,0
63,Mola Pasta & Cafe,,Pendik,Mimar Sinan Cad. Kayısı Sok. No:2/10,0
64,Cafemiz,,Pendik,Gezi Boyu Cad. Kırlangıç Sok. No:2/5,0
65,Nosta Cafe & Restaurant,,Pendik,Harman Dere Mah. Reyhan Cad. Eksi İş Merkezi No:54/C Yenişehir,0
66,Cafe Dolunay,,Pendik,İstasyon Cad. No:4/B Esenyalı,0
67,Güney Cafe,,Pendik,Dr. Orhan Maltepe Cad. No:27/2,0
68,Pool Cafe Bilardo İnternet,,Pendik,İstasyon Cad. No:18/1,0
69,Zümrüt Cafe,,Pendik,Ankara Cad. No:116,0
70,"Şamdan Cafe, Şube 1",,Pendik,Namık Kemal Cad. No:11,0
71,Gönül Cafeteria,,Pendik,Gonca Sok. No:8,0
72,Begüm Cafe,,Pendik,Gonca Sok.,0
73,Mavi Yeşil Cafe,,Pendik,Vişne Sok. No:8,0
