,0,1,2,3,4
0,"Gönül Kahvesi, Anatolium Avm",,Mamak,Doğukent Cad. No:215,0
1,"Figen Cafe & Patisserie, Abidinpaşa",,Mamak,Tıp Fakültesi Cad. No:69 Abidinpaşa,0
2,Fiero Cafe,,Mamak,Balkiraz Mah. AÜ Tıp Fakültesi Hstanesi,0
3,Kahvetepe Coffee & Bistro,,Mamak,Mamak Cad. No: 82 (Değirmen Bina) Mamak,1
4,Simit Cafe,,Mamak,Uzgörenler Sok. No:1,0
5,Asil Konak Pastanesi,,Mamak,Natoyolu Cad. No: 236/36,0
6,Vay Bee,,Mamak,Bostancık Cad. No: 334,0
7,Rıhtım Pasta & Cafe,,Mamak,Sultan Fatih Cad. No: 57-21,0
8,Boğaziçi Pastat Cafe,,Mamak,Neşet Ertaş Cad. No: 60,0
9,Lezzet Fırın,,Mamak,Natoyolu Cad. No: 455,0
10,Cafe Teras,,Mamak,Özalp Cad.,0
11,Lüle Pastanesi,,Mamak,Natoyolu Cad. No: 87/B,0
12,Öz Rutin 2,,Mamak,Bostancık Cad. No: 320/A,0
13,Villa Cafe & Bistro,,Mamak,Natoyolu Cad. No: 3/19B,0
14,İmaj Cafe,,Mamak,Dereboyu Cad.,0
15,Isırgan Piknik Cafe,,Mamak,Doğukent Cad. No:177/B,0
16,Kozalak Cafe,,Mamak,Mehmet Ali Altun Cad.,0
17,Cafe Simge,,Mamak,66. Sok No:45,0
18,Gül-Tem Sportif Tesisleri& Cafe,,Mamak,435/3. Sok No:20,0
19,Çınar Cafe,,Mamak,Balkiraz Mah. Aü Tıp Fakültesi Hastanesi,0
