,0,1,2,3,4
0,Safran Elite Mangalbaşı & Cafe,,Avcılar,Fidanlık Sok. No:18/1,4
1,Leb-i Derya Restaurant,,Avcılar,Kemal Sunal Cad. Sahil Yolu No:64,1
2,"Alaçatı Muhallebicisi, Avcılar",,Avcılar,Merkez Mah. Marmara Cad. No:4,4
3,"Westmix Cafe & Restaurant, Pelican Mall Avm",,Avcılar,E5 Üzeri Selvi Sok. No: 25,4
4,Reosta Cafe,,Avcılar,Cumhuriyet Cad. No:16,0
5,Caffe Palermo,,Avcılar,Öğretmenler Cad. No:45,0
6,Göl Cafe,,Avcılar,İskeçe Cad.,0
7,Ata Köşk Cafe,,Avcılar,Ambarlı Sahil Yolu No:1,5
8,Cafe's,,Avcılar,Namık Kemal Cad.,4
9,Buddy Bistro Cafe,,Avcılar,Kemal Sunal Cad. Sahil Yolu No: 78,3
10,Bihter Cafe & Restaurant,,Avcılar,Yanık Sok. No:4/A,5
11,Red Lara Cafe,,Avcılar,Cumhuriyet Cad. Selçuk Apt. No: 10,5
12,Camlica Cafe Garden & Teras,,Avcılar,,0
13,The Kahve,,Avcılar,Ahmet Taner Kışlalı Cad. No:37/1,4
14,Molinari Caffee,,Avcılar,Fırın Sok. No:33,0
15,Mb Kitap Cafe,,Avcılar,Marmara Cad. Apaydın İş Hanı Kat:1 No:46,4
16,Patroon Cafe & Restaurant,,Avcılar,Dr. Sadık Ahmet Cad. No: 163/1,4
17,Cafe Rengarenk,,Avcılar,İskeçe Cad. No:52,5
18,Viran Cafe,,Avcılar,Prof. Dr. M. Sefa Karatay Sok.,4
19,Virginia Cafe & Bar,,Avcılar,Merkez mah. Şamlı Sok. No:35/2,0
20,"Pelit, Pelican Avm",,Avcılar,Selvi Sok. No: 25 Z 50,0
21,Saklıbahçe Cafe,,Avcılar,Öğretmenler Cad. No: 49/A,4
22,"Robert's Coffee, Pelican Mall Avm",,Avcılar,E/5 Yanyol Pelican Mall AVM No:24,0
23,Kuşhane Yemek Odası,,Avcılar,Ambarlı Dolum Tesisleri Yolu Mirabbo No: 4,5
24,Mix Berry,,Avcılar,"Cumhuriyed Caddesi, Plaj Sok. No:3",0
25,Lısette,,Avcılar,Dr.Sadık Ahmet Cad. No:242,5
26,Fes Cafe,,Avcılar,Çelik Sok.,4
27,A'vesta,,Avcılar,"Merkez Mah, Ahmet Taner Kışlalı Cad, No 37/1,",0
28,"Gel Doy Büfe, Avcılar Şubesi",,Avcılar,Dr. Sadık Ahmet Cad. No: 238/A,5
29,Zin Cafe,,Avcılar,Marmara Cad. Kat: 1 No: 22/2,0
30,Barınak Cafe,,Avcılar,Dr. Sadık Ahmet Cad. No:141,0
31,Simit Evi ve Kafe,,Avcılar,Dr. Sadık Ahmet Cad.,4
32,Mağara Kafe,,Avcılar,Marmara Cad. Şamlı Sok. No:24,4
33,Şarab-ı Şahane,,Avcılar,Cumhuriyet Cad. Yanık Sok No:8/1,3
34,Beni-T Cafe,,Avcılar,Dr. Sadık Ahmet Cad. No:147,3
35,"Vitamin Simit, Avcılar",,Avcılar,Marmara Cad.,0
36,"Lapis Cafe, Erenler 1 Avm",,Avcılar,Marmara Cad. No:22/1-2-3-4-5-6-7-8,0
37,Rumeli Garden,,Avcılar,Dr. Sadık Ahmet Cad. Nane Sok. No:43-45,1
38,Yesevi Cafe,,Avcılar,Dr. Sadık Ahmet Cad. No:17,0
39,"Anatolia Home Kahve Evi, Pelikan Mall Avm",,Avcılar,E/5 Yanyol No:24 Kat:Zemin Kat,0
40,"Lavazza Cafe, Pelican Mall Avm",,Avcılar,E/5 Yanyol Üzeri No: 23,1
41,Cezve Kahve Durağı,,Avcılar,"Pelican Mall, Kat -1, Üniversite Mah, Selvi Sok, No 25,",0
42,"Boom Cafe & Bar, Pelican Mall Avm",,Avcılar,E5 Üzeri Selvi Sok. No:25,0
43,Salkım Cafe,,Avcılar,Dr. Sadık Ahmet Cad.,0
44,Life Station Cafe&Bar,,Avcılar,Merkez Cami Sok. No=1/A,0
45,Havuz Cafe,,Avcılar,Ahmet Taner Kışlalı Cad. No: 18 K: 1 Yılmaz Erkan İş Merkezi,0
46,Kahve Sarayı,,Avcılar,Ahmet Taner Kışlalı Cad.,0
47,Neşeli Cafe,,Avcılar,Reşitpaşa Cad. Çayır Sok. No:18/A,0
48,Eyüp Nedim Evin Parkı Çay Bahçesi,,Avcılar,Aşık Mahzuni Sok.,0
49,Kahve Deposu,,Avcılar,Fevzi Çakmak Cad.,0
50,Durak Cafe & Restaurant,,Avcılar,Valide Sok. No: 6/1,0
51,Caferesso,,Avcılar,Cumhuriyet Cad. No: 13/B,0
52,Avcılar ve Atıcılar Spor Klübü Büfesi,,Avcılar,Cami Sok.,0
53,Cafe Dejavu,,Avcılar,Fatih Sok. No: 6/D,0
54,Komşu Ekmek 2,,Avcılar,Reşit Paşa Cad. No: 33/2,0
55,Gramofon Cafe,,Avcılar,Ahmet Taner Kışlalı Cad. Yılmaz Erkan İş Merkezi No: 18 Kat: 4,0
56,Misstat,,Avcılar,Reşit Paşa Cad. No: 6/2,0
57,Cezve Cafe,,Avcılar,Cumhuriyet Cad. Kayıkçı Sok. No:3,0
58,Şamdan Kafe,,Avcılar,Merkez Mah Cami Sok. No:4/44B,0
59,Cafe Laflafa,,Avcılar,Şamlı Sok. No:35/4,0
60,Rasha Cafe Restaurant,,Avcılar,Talimhane Cad. Mutlu Sok No:7,0
