,0,1,2,3,4
0,Göze Sarıyer,,Sarıyer,Merkez Mah. Mesarburnu Cad. No: 8/1,4
1,Atlıtur,,Sarıyer,Gümüşdere Mah. Ambar Sok. No: 10,3
2,"Mado, Emirgan",,Sarıyer,Sakıp Sabancı Cad. No:88 Emirgan,3
3,Sarıyer Riva Restaurant,,Sarıyer,Çayırbaşı Cad. No: 34/44,4
4,Secret Garden,,Sarıyer,Kalender Üstü Atadan Sok. No:12,3
5,"Sütiş, Emirgan",,Sarıyer,Sakıp Sabancı Cad. No:1/3 Emirgan,4
6,Lokma,,Sarıyer,Yahya Kemal Cad. No: 12,4
7,Rumeli Hisar  Cafe,,Sarıyer,Yahya Kemal Cad. No: 16,5
8,Hayrola Cafe,,Sarıyer,Yeniköy Cad. No:1,4
9,Emek Cafe,,Sarıyer,Köybaşı Cad. Daire Sok. No:17/1 Yeniköy,5
10,"Sade Kahve, Rumelihisarı",,Sarıyer,Rumeli Hisarı Cad. No 36/1,5
11,Sarı Köşk Restoran,,Sarıyer,Emirgan Korusu Sarıyer,0
12,İskele Cafe,,Sarıyer,Köybaşı Cad. No:3 (İskele Çıkmazı),0
13,Kireçburnu Fırını,,Sarıyer,Haydar Aliyev Cad. No: 48,5
14,Yeniköy Kahvesi,,Sarıyer,Kürkçü Faik Sok. No:4 Yeniköy,4
15,Taş Kahve Cafe & Restaurant,,Sarıyer,Sakıp Sabancı Cad. No:60/1 Emirgan (Emirgan Motor İskelesi Karşısı),4
16,OBA Park Cafe,,Sarıyer,Baltalimanı Cad. No: 56,0
17,"Armani Cafe, İstinye Park Avm",,Sarıyer,İstinye Bayırı Cad. 1. Kat İstinye,0
18,Waffle Port,,Sarıyer,Köybaşı Cad. No: 166/B,0
19,"Cafe De Roda, İstinye",,Sarıyer,İstinye Cad. No:68,0
20,Mehtap Cafe,,Sarıyer,Sakıp Sabancı Cad. No:23–25 Emirgan,5
21,Camellia Cafe Brasserie,,Sarıyer,Meserburnu Cad. No: 14/1,5
22,"Mado, Tarabya",,Sarıyer,Kefeliköy Cad. Üzeri Doktor Sadık Ahmet Parkı Tarabya,4
23,Sevgi Bahçesi,,Sarıyer,İstinye Cad. (İDO İskelesi Yanı),5
24,"Kök Cafe Restaurant, İstinye",,Sarıyer,İstinye Cad. No: 5,3
25,Molka Cafe,,Sarıyer,Köybaşı Cad. No:158/B 34464 Yeniköy,0
26,Vagabondos,,Sarıyer,Yalılar Durağı Köybaşı Cad. No: 168,4
27,Villa Park Çay Bahçesi,,Sarıyer,Köyarkası Sok. No:5/B,4
28,Gezi İstanbul,,Sarıyer,"Maslak Mah, Windowist Tower, Eski Büyükdere Cad, No 26,",0
29,Pecos Brassrerie Cafe Bar,,Sarıyer,Eski Büyükdere Asfaltı No:13,1
30,Liseliler Parkı,,Sarıyer,Piyasa Cad. Büyükdere,4
31,Kale Çay Bahçesi,,Sarıyer,Yahya Kemal Cad. No:38 Rumelihisarı,3
32,"Fincan Kahve, Emirgan",,Sarıyer,Sakıp Sabancı Cad. No:44/1 (Emirgan Sahili),5
33,Ege'de Maya Cafe Restaurant,,Sarıyer,Ahi Evran Cad. No: 19/ 1A,5
34,"Häagen-Dazs, İstinye Park Avm",,Sarıyer,İstinye Bayırı Cad. No:73 İstinye,0
35,Meşhur Sarıyer Börekçisi,,Sarıyer,Yenimahalle Cad. No:28,5
36,Bahçe Restaurant,,Sarıyer,İstinye Dereiçi Balabandere Yolu Cad. Mevlana Parkı Derbent,5
37,Rhino Cafe,,Sarıyer,Merkez Mah. Meshar Burnu Cad. Mavi Gül Yol Yalısı No:61,5
38,Fincan Cafe,,Sarıyer,Garanti Koza Çarşısı 2 Blok No:7 Zekeriyaköy,5
39,Kilyos Cafe & Restaurant,,Sarıyer,Plaj Yolu Cad. Kumköy Köyü,4
40,Cafe Nino,,Sarıyer,Kumköy Köyü Plaj Yolu Cad. No:15,0
41,Cafe Nar,,Sarıyer,Yahya Kemal Cad. No:16/B,5
42,Divan Kahvesi,,Sarıyer,Doğru Muvakkithane Cad. No:10-A,0
43,Ekin Cafe,,Sarıyer,Cami Sok.,5
44,Hisar Aile Çay Bahçesi,,Sarıyer,Yahya Kemal Cad. No:40 Rumelihisarı,0
45,Çınarlı Cafe,,Sarıyer,Doğru Muvakkithane Sok. No:8-10,4
46,"Pelit Pastanesi, İstinye Park Avm",,Sarıyer,İstinye Bayırı Cad. No:73 K:-2 İstinye,0
47,Public Cafe,,Sarıyer,Sarayarkası Sok. No:21/A,5
48,Friends,,Sarıyer,Ahi Evren Cad. Nazmi Akbacı İş merkezi D blok No:7 İç Kapı No:83,5
49,Find Table,,Sarıyer,Merkez Mah. Yenimahalle Cad. No:40,0
50,Sarıyer Spor Kulübü Kafeteryası,,Sarıyer,Sarıyer Merkez Mah. Saray Arkası Sok. No:21,0
51,Mika Bistro,,Sarıyer,Zekariyaköy Mah. Kandilci Sok. No: 1,0
52,"Carlotta Cafe & Deli, Maslak",,Sarıyer,Ahi Evran Cad. G45 Sok. No: 11,0
53,Hışım Börek,,Sarıyer,Fatih Cad. No:75,0
54,Meşhur Sarıyer Hünkar Börekçisi,,Sarıyer,Merkez Mah. Meserburnu Cad. No:20,5
55,Buğdaylı Pasta & Cafe,,Sarıyer,Adnan Kahveci Cad. No:67/2 Ferahevler,4
56,Mola Cafe,,Sarıyer,Çayırbaşı Arkası Sok. No:11,0
57,Panorama Cafe & Restaurant,,Sarıyer,Girne Cad.,0
58,"Emporio Armani Ristorante, İstinye Park Avm",,Sarıyer,İstinye Bayiri Cad. No:73 İstinye,5
59,"Juke Box, İstinye Park Avm",,Sarıyer,İstinye Bayırı Cad. No:73 İstinye,5
60,Rumelihisar Börekçisi,,Sarıyer,Rumelihisarı Hisarüstü Mah. Nispetiye Cad. No:13,0
61,"Paşa Fırını, Yeniköy",,Sarıyer,Köybaşı Cad. No: 157,0
62,Zirve Cafe,,Sarıyer,Boğaziçi Cad. No:93-A,0
63,Ağaç Ev,,Sarıyer,Boğaziçi Üniversitesi Hisar Kampüsü K:1,0
64,Evin Büfe,,Sarıyer,Merkez Mah. Meserburnu Cad. No:22,5
65,"Fincan Kahve, Rumeli Hisarı",,Sarıyer,Rumeli Hisarı Cad. No:1,5
66,Mulino Bakery,,Sarıyer,Köybaşı Cad. No:224 Yeniköy,5
67,Godiva,,Sarıyer,İstinye Bayırı Cad. No: 73,5
68,Superfine,,Sarıyer,Bürümcük Sok. No: 5/A,0
69,Arkadaş Cafe,,Sarıyer,Nispetiye Cad. Cami Sok. No: 7/1,5
70,Mest Atelier Culinaire,,Sarıyer,Tuncay Artun Cad. Salihbey Sok. No:4 Reşitpaşa,5
71,Sotta Corner Cafe,,Sarıyer,Fatih Cad. No: 73/B Oto Sanayi 4. Levent,5
72,Nargile Cafe,,Sarıyer,Merkez Mah. Yenimahalle Cad. No:61,5
73,Naan Ovens And Breakfast,,Sarıyer,Doğanevler Cad. No:67,5
74,Keçi Cafe & Pub,,Sarıyer,Hisarüstü Nispetiye Cad. Akaygen Sok. No: 1,0
75,Cafe Bella,,Sarıyer,İstinye Cad. No: 4,0
76,Kireçburnu Cafe,,Sarıyer,Haydar Aliyev Cad. No: 52/A,4
77,Donjon Cafe,,Sarıyer,Yahya Kemal Cad. No:24,4
78,"Armani Cafe, İstinye Park Avm",,Sarıyer,İstinye Bayırı Cad. No:73 İstinye,4
79,Bahçe Nargile Cafe,,Sarıyer,2. Sok. (Hisarüstü 2. Sok.) No:1-13,0
80,Rooftop Cafe Bar,,Sarıyer,Rumeli Hisarüstü Mah. Nispetiye Cad. No 15/4,0
81,Don Kişot Cafe,,Sarıyer,Hisar Üstü Nispetiye Cad. No:37-59,4
82,"Fazıl Beyin Türk Kahvesi, İstinye Park Avm",,Sarıyer,İstinye Bayırı Cad. No:73 İstinye,0
83,Fashion Cafe,,Sarıyer,İ.T.Ü. Ayazağa Yerleşkesi Ord. Prof. B. Karafakioğlu Cad. Maden Fakültesi Karşısı Kat:2,0
84,Susu Cafe,,Sarıyer,Hisarüstü Mah. Nispetiye Cad. No:63,1
85,Hayri Pastanesi,,Sarıyer,Şehit Mithat Yılmaz Cad. No:115,0
86,"Cafem'O, İstinye Park Avm",,Sarıyer,İstinye Bayırı No:73,0
87,Tarihi Çeşme Önü Balıkçısı,,Sarıyer,Haydar Aliyev Cad. No: 52/A,1
88,Cafe Stenia,,Sarıyer,"İstinye Mah, İstinye Cad, No 76,",0
89,Krokodil Cafe,,Sarıyer,Kilyos Cad. No:147/1,0
90,"Kahve Dünyası, İstinye Migros",,Sarıyer,Çayır Cad. No:65,0
91,Suzy's,,Sarıyer,"Koç Ünv. Rumelifeneri Köyü,",0
92,Limon Cafe,,Sarıyer,2. Kısım 12. Sok. Atatürk Oto Sanayi Sit. No:428,0
93,"Kahvehane, Koc Üniversitesi",,Sarıyer,Rumeli Feneri Köyü,0
94,Mekan Cafe,,Sarıyer,Şehit Mithat Yılmaz Cad. No:107,0
95,Emek Cafe,,Sarıyer,Köybaşı Cad. No:57,0
96,Buğdaylı Restaurant,,Sarıyer,Darüşşafaka Cad. Gazeteciler Sit. No:6 Maslak (Darüşşafaka),0
97,Ehli Keyf Cafe,,Sarıyer,Dereiçi Sok. No:1/A,0
98,"Deml-i Keyf, İstinye Park Avm",,Sarıyer,İstinye Bayırı Cad. No:73 İstinye,0
99,İskenderoğlu Cafe,,Sarıyer,Boğaziçi Cad. No:121,0
100,Villa Ozan Restaurant,,Sarıyer,Kilyos Yolu Boğaziçi Cad. No:32,0
101,Teras Cafe,,Sarıyer,Hisarüstü Nispetiye Cad. 6. Sok. No: 10,0
102,Ada Cafe,,Sarıyer,"Cami Sok. Aslı Çıkmazı, No 1/A,",0
103,Keyif Cafe,,Sarıyer,Atatürk Oto San. Nazmi Akbacı İş Merkezi. No: 52,0
104,Neakhora Cafe,,Sarıyer,Köybaşı Cad. Çelebideresi Sok. No:1,0
105,He Tutto Bene Cafe Bar Restaurant,,Sarıyer,Darüşşafaka Çetin Berkmen Spor Tesisleri Büyükdere Cad. Derbent Mevkii Maslak,0
106,Caffella Cafe,,Sarıyer,Köybaşı Cad. No:164/C,0
107,"R.E.A.D Café & Bakery - Recharge Eat & Drink, The Grand Tarabya",,Sarıyer,Haydar Aliyev Cad. No:154 Tarabya,0
108,Park Cafe,,Sarıyer,Şehit Mithat Yılmaz Mah. Sarıdağ Karakol Sok No:1,0
109,Quzco Brasserie,,Sarıyer,Akasya Sok. No: 2 Mashattan Blokları T.104,0
110,"Plus Kitchen, Maslak",,Sarıyer,Eski Büyükdere Cad. No: 1,0
111,Beyaz Cafe,,Sarıyer,Merkez Mah. Saray Arkası Sok. No: 13,0
112,Niks Cafe & Pub,,Sarıyer,Haydar Aliyev Cad. No: 98,0
113,Rota Cafe,,Sarıyer,Çayırbaşı Cad. No: 114,0
114,Pani Cafe,,Sarıyer,Çayırbaşı Cad. No: 17/1,0
115,Cold Stone Creamery,,Sarıyer,Köybaşı Cad. No: 164/C,0
116,Çınar Cafe,,Sarıyer,Nuri Paşa Cad. No: 2,0
117,Find Table,,Sarıyer,Merkez Mah. Cami Arkası Sok. No: 15,0
118,Yenice Cafe ve Lokanta,,Sarıyer,Hisarüstü Nispetiye Cad. No: 57,0
119,Balıkçı Veli Dayı Lezzet Dünyası,,Sarıyer,Kurtyolu Sok. No: 3/A,0
120,Cafe Roof,,Sarıyer,Şehit Naci Canan Tuncer Sok.,0
121,Papatya Büfe,,Sarıyer,202 Sok. No: 2/D,0
122,Kitchenette,,Sarıyer,Eski Büyükdere Cad. No: 15 Oycan Plaza K: 3,0
123,Maslak Vadi Cafe & Restaurant,,Sarıyer,Ahi Evran Cad. No: 25/1,0
124,Özsüt,,Sarıyer,Köybaşı Cad. NO: 78 Yeniköy,0
125,Hayalet Cafe,,Sarıyer,Tuncay Artun Cad. No:139,0
126,Hangar Burger,,Sarıyer,Dereboyu Cad. No: 58 Maslak,0
127,Zümrüt Aile Çay Bahçesi,,Sarıyer,Merkez Mah. Şahinci Sok. No: 2,0
128,Hisar Unlu Mamülleri,,Sarıyer,Nispetiye Cad. 6. Sok. No: 8,0
129,Ku Life Cafe & Bar,,Sarıyer,Seher Sok. No: 1,0
130,Nargile Cafe & Tost Sarayı,,Sarıyer,Dereboyu Cad. No: 2/1,0
131,Zeytin Cafe,,Sarıyer,Cami Sok. No: 43/A,0
132,Public Cafe,,Sarıyer,"Merkez Mah, Cami Arkası Sok, No 19,",0
133,Biberoğlu Cafe & Pastane,,Sarıyer,"Tarabya Mah, Sardunya Sok, No 16, S",0
134,Mangal Cafe,,Sarıyer,Büyükdere Mah Çayırbaşı Cad. No: 193,0
135,Blue Road Cafe Pub,,Sarıyer,Çayırbaşı Cad. No:166,0
136,BSK Aile Çay Bahçesi,,Sarıyer,Çayırbaşı Cad. Çelik Gülersoy Parkı,0
137,Rainforest Cafe,,Sarıyer,İstinye Bayırı İstinye Park A.V.M İstinye,0
138,"Sarıyer Spor Kulubu Kafeterya, Sarıyer Spor Klubu",,Sarıyer,Sarıyer Merkez Mah. Yenimahalle Cad. No:21,0
139,Bizze Cafe Restaurant Bar,,Sarıyer,Garanti Koza Evleri Çarsı Blokları No:12 Zekeriyaköy,0
140,Turkwich Cafe,,Sarıyer,Hisarüstü Mevki Cami Sok. No:12,0
141,Sude Cafe,,Sarıyer,Şehit Mithat Yılmaz Cad. No:31,0
142,Halim Cafe,,Sarıyer,Çarşı Cami Pasaji No:21 Yeniköy,0
143,"Makro Cafe, İstinye Park Avm",,Sarıyer,İstinye Bayırı Cad. No:73 İstinye,0
144,Cafe Divanhane,,Sarıyer,Rumeli Hisarı Baltalimanı Hisar Cad. No:1,0
145,Çağlayan Cafe,,Sarıyer,Adnan Kahveci Cad. No: 91,0
146,"Hilde Restaurant & Cafe, Motel Hilde",,Sarıyer,Bahçeköy Merkez Mah. Hunca Cad. (Kilyos Yolu) No:6,0
147,Tayfun Cafe & Bar,,Sarıyer,Plaj Yolu No:4 Kilyos,0
148,Hazal Cafe,,Sarıyer,Rumeli Hisarı Ma. Hisar Üstü Nispetiye Cad. No:65,0
149,Çarşı Cafe,,Sarıyer,İmkb İstinye Girişi,0
150,Akyüz Cafe,,Sarıyer,İtü Kavşağı,0
151,"Bread's, Tarabya",,Sarıyer,Haydar Aliyev Cad. No:197,0
152,"Juiceplanet, İstinye Park Avm",,Sarıyer,İstinye Bayırı Cad. No:73 İstinye,0
