,0,1,2,3,4
0,Kadı Köşk,,Kadıköy,Andelip Esat Sok. No: 39,2
1,"Suadiye Mirror Restaurant & Bar, Suadiye",,Kadıköy,Suadiye Park Plaj Yolu A Blok K:2,4
2,Dorock XL,,Kadıköy,Neşet Ömer Sok. No: 3/C,4
3,"Marla Cafe & Bistro, Kadıköy",,Kadıköy,Arayıcıbaşı Sok. No:9/A,3
4,Sümela Cafe & Restaurant,,Kadıköy,Halitağa Cad. Kıvanç Sok. No: 5/1,5
5,Ceviz Ağacı,,Kadıköy,Muhittin Üstündağ Cad. No: 85,4
6,"Khalkedon Cafe & Restaurant, Kalamış",,Kadıköy,Münir Nurettin Selçuk Cad. No:23 Kalamış,5
7,"Happy Moon's Cafe & Restaurant, Fenerbahçe",,Kadıköy,Fener Kalamış Cad. No:89 Fenerbahçe,4
8,My Chef Cafe & Restaurant,,Kadıköy,Sakız Gülü Sok. No:24,4
9,Kemal Usta Waffle,,Kadıköy,Moda Cad. No: 2/A3 Moda,4
10,Hero House,,Kadıköy,Acıbadem Cad. Şehit Jandarma Er Emin Çölen Sok. No:4,3
11,"Happy Moon's Cafe & Restaurant, Bahariye",,Kadıköy,General Asım Gündüz Cad. Nazmibey Sok. No:5/C,4
12,"Caffè Nero, Caddebostan",,Kadıköy,Cemil Topuzlu Cad. İskele Çıkmazı No:1 K:1 Çiftehavuzlar (Migros Karşısı),5
13,"happy moon's, Suadiye",,Kadıköy,Bağdat Cad. No:407/A Suadiye,4
14,"Zamane Kahvesi, Suadiye",,Kadıköy,Bağdat Cad. No:403 Suadiye,5
15,"Num Num Cafe & Restaurant, Bağdat Caddesi",,Kadıköy,Bağdat Cad. No: 339/A,3
16,"Vapiano, Suadiye",,Kadıköy,Bağdat Cad. Selim Ragıp Emeç Sok. No:4 Suadiye,4
17,Brasserie Polonez,,Kadıköy,Bağdat Cad. Ogün Sok. No:291,5
18,"Kirpi Cafe, Koşuyolu",,Kadıköy,Mehmet Akvan Sok. No: 31,4
19,"Baylan Pastanesi, Kadıköy",,Kadıköy,Muvakkithane Cad. No:9/A,4
20,"Süt Yumurta Reçel, Osmanağa",,Kadıköy,Ali Suavi Sok. No: 30,4
21,Baraka Cafe,,Kadıköy,"Fenerbahçe Parkı içi , Romantika Restaurant Yanı, Baraka Cafe",0
22,Lagün Pasta & Cafe,,Kadıköy,Acıbadem Cad. Emek Apt. No:78/A,0
23,Moda Çay Bahçesi,,Kadıköy,Moda Mah. Ferit Tek Sok. No:7,3
24,J. Burger Kafeterya,,Kadıköy,Opr. Cemil Topuzlu Cad. No: 51,4
25,Joker Bahçede,,Kadıköy,Bağdat Cad. No:294/1,0
26,Old English Pub,,Kadıköy,Bağdat Cad. Kazım Özalp Sok. No:15 K:1 Şaşkınbakkal,4
27,Mosquito Cafe,,Kadıköy,Arayıcıbaşı Sok. No:4/2,4
28,"Starbucks, Erenköy",,Kadıköy,Bağdat Cad. No:363 D:1 Erenköy,4
29,"Kirpi Cafe, Bağdat Caddesi",,Kadıköy,Bağdat Cad. No:325 A/1- 2 Erenköy,4
30,Ka'hve Cafe & Restaurant,,Kadıköy,Münir Nurettin Selçuk Cad. No: 74,4
31,"Big Chefs Cafe & Brasserie, Suadiye",,Kadıköy,Bağdat Cad. No: 497/A,0
32,Qahwah,,Kadıköy,Serasker Cad. No: 1/2-1,3
33,Bay Yengeç Cafe & Pub,,Kadıköy,Sakızgülü Sok. No: 10/A,4
34,"Gönül Kahvesi, Bağdat Cad.",,Kadıköy,Bağdat Cad. Renk Apt. No:306,0
35,Belfast Cafe Pub,,Kadıköy,Caferağa Mah. Dr. Esat Işık Cad. No:28/A Moda,5
36,"Krispy Kreme, Şaşkınbakkal",,Kadıköy,Bağdat Cad. Noter Sok. No: 18/1,5
37,"Fazıl Bey'in Türk Kahvesi, Kadıköy",,Kadıköy,Serasker Cad. No:1/A Tarihi Kadıköy Çarşısı,4
38,Cafe Rea,,Kadıköy,Bahariye Cad. Hacı Şükrü Sok. No: 28/A,5
39,"Khalkedon Cafe & Restaurant, Fenerbahçe",,Kadıköy,Fenerbahçe Mah. Fener Kalamış Cad. No:90 (Marina Karşısı),4
40,Cafe Zanzibar,,Kadıköy,Aşıklar Yolu Sok. No: 2/A,4
41,Melita Cafe,,Kadıköy,Fener Kalamış Cad. No:83,4
42,Kadıköy Sarayı Cafe,,Kadıköy,Mühürdar Cad. No: 38,5
43,"Godiva, Suadiye",,Kadıköy,Bağdat Cad. No:4/2,5
44,"Bahane Kültür, Kahve Bahane",,Kadıköy,Kadife Sok. No:27/1,4
45,"İstisna Tatlar, Kadıköy",,Kadıköy,"Caferağa Mah, Moda Cad, No 94/A,",5
46,Red Kit,,Kadıköy,Bahariye Cad. Nihal Sok. No: 13,2
47,Cafe & Shop,,Kadıköy,Bahariye Cad. Hacı Şükrü Sok. No:11/A,4
48,Kibrit Kutusu Cafe,,Kadıköy,Ali Suavi Sok. No: 3,4
49,"Bi Buçuk, Suadiye",,Kadıköy,Bağdat Cad. No: 477/A Suadiye,4
50,"Bambi Cafe, Kadıköy İskele",,Kadıköy,Yasa Cad. No:1,5
51,"Cafe de Paris, Hotel Suadiye",,Kadıköy,Plaj Yolu Sok. No:25,4
52,"Mado, Kazasker",,Kadıköy,Şemsettin Günaltay Cad. No: 135,3
53,Çaykur - Çay Evi,,Kadıköy,Rıhtım Cad. No:12/A,0
54,"Kitchenette, Palladium Avm",,Kadıköy,Barbaros Mah. Halk Cad. No:8/B,4
55,Modapark Brasserie,,Kadıköy,Moda Cad. No: 171/A,0
56,Çikolata Dükkanı,,Kadıköy,Moda Cad. Yenifikir Sok. No:1,4
57,Badem Tat Pastanesi,,Kadıköy,Zeamet Sok. No:1/D,5
58,"Big Yellow Taxi Benzin Cafe, Bostancı",,Kadıköy,Şemsettin Günaltay Cad. No:42,0
59,Göztepe Kahvesi,,Kadıköy,Karanfil Sok. (Hilal Spor Tesisleri Karşısı),0
60,Kimyon Dürüm,,Kadıköy,Kadife Sok. No: 17/C,3
61,Bahçee Cafe,,Kadıköy,Altıntepe Mah. Bağdat Cad. No:45,4
62,"Mambocino Coffee, Moda",,Kadıköy,Moda Cad. No: 181,4
63,Cakes & Bakes,,Kadıköy,Çetin Emeç Bul. Vapur İskelesi Yanı,0
64,İncir Cafe & Bistro,,Kadıköy,Şemsettin Günaltay Cad. No: 125/B,0
65,Yer,,Kadıköy,Ferit Tek Sok. No:25/A,4
66,Sadıkpaşa Konağı,,Kadıköy,Halisefendi Sok. No: 12,0
67,Vakıf Tenis Cafe,,Kadıköy,Cemil Topuzlu Cad. No:112/1A Caddebostan,5
68,"Yalı Cafe & Restaurant, Erenköy",,Kadıköy,Sahrayı Cedit Mah. Şemsettin Günaltay Cad. No:234,0
69,Teras Cafe,,Kadıköy,Cafer Ağa Mah. Bahariye Cad. Arayıcı Başı Sok. No:4,0
70,Parfe Cafe,,Kadıköy,Yeniyol Sok. No:1 Koşuyolu,4
71,Cafe Jerfi,,Kadıköy,Bağdat Cad. No:363/4 Şaşkınbakkal,5
72,Kurukahveci Yavuz Bey,,Kadıköy,Mühürdar Cad. No:13,0
73,Re Cafe,,Kadıköy,Mühürdar Cad. Dumlupınar Sok. No:9/A,0
74,Keyf-i Hane Coffee & Bar,,Kadıköy,Mühürdar Cad. No: 49/1,2
75,Fazıl Bey'in Türk Kahvesi,,Kadıköy,Bağdat Cad. No:350/E Şaşkınbakkal,5
76,"Marmara Simit, Marmara Üniversitesi",,Kadıköy,Fahrettin Kerim Gökay Cad. Göztepe Kampüsü Çarşı Alanı Mevkii,0
77,Yeşil Park Pastanesi,,Kadıköy,Fahrettin Kerim Gökay Cad. Kahvecioğlu Apt. No:270/D Göztepe,1
78,Liman Kahvesi,,Kadıköy,Kadife Sok. No:37,5
79,Zehra Cafe,,Kadıköy,Damacı Sok. No:8,4
80,Lusnika Kafe,,Kadıköy,Üzerlik Sok. No:11 D:2-3,5
81,"My Hoş, Moda",,Kadıköy,Moda Cad. No: 151/A,0
82,Polka Cafe,,Kadıköy,Zuhal Sok. No:14/B,0
83,By Caprice,,Kadıköy,Değirmen Sok. No:16 Kozyatağı (Nida Kule Arkası),4
84,"Sütiş, Kalamış",,Kadıköy,Ahmet Mithat Efendi Cad. Şadlı Apt. No:23 Kalamış,0
85,F-Beer Cafe & Grill,,Kadıköy,İnönü Cad. No:27 Kozyatağı,5
86,Seyhan Müzik Cafe,,Kadıköy,Muvakkithane Sok. No:1/A (PTT Karşısı),4
87,La Mia Luce,,Kadıköy,Plaj Yolu Sok. No: 18 B Blok,5
88,Çay Tarlası & Cafe,,Kadıköy,Dr. Esat Işık Cad. No :34,5
89,Çinili Cafe Bar,,Kadıköy,Moda Cad. Dumlupınar Sok. No:10,5
90,"Gourmet Garage, Kozyatağı",,Kadıköy,İnönü Cad. No:89 Kozyatağı,0
91,Kahwa Turca Cafe & Restaurant,,Kadıköy,Sahrayıcedit Mah. Atatürk Cad. No:60,0
92,"Görgülü Pastaneleri, Kızıltoprak",,Kadıköy,Bağdat Cad. No:46/A Kızıltoprak,4
93,All Happy Days Brasserie,,Kadıköy,Bağdat Cad. No:396 Suadiye,0
94,Sakız Ağacı Pasta ve Cafe,,Kadıköy,Acıbadem Cad. No: 84,4
95,Land ho Restaurant & Cafe,,Kadıköy,Fahrettin Kerim Gökay Cad. No: 94/A,0
96,Güverte Cafe,,Kadıköy,Moda Cad. Ferit Tek Sok. No:21/A Kaçkar Apt.,5
97,Red Train,,Kadıköy,Mazhar Osman Sok. No:30,5
98,Mozaik Cafe,,Kadıköy,Caferağa Mah. Miralay Nazım Sok. No:34/A Bahariye,4
99,Aum Pasta & Cafe,,Kadıköy,Acıbadem Cad. No: 144/1,2
100,Cherrybean Coffees,,Kadıköy,Moda Cad. No: 122,5
101,Cafe Bahçe,,Kadıköy,Fener Kalamış Cad. No:91,4
102,Cafe Nayino,,Kadıköy,Moda Cad. No: 52,4
103,Keyfi Mekan Lounge,,Kadıköy,Koşuyolu Cad. No: 74,5
104,Casa Di Moda,,Kadıköy,Ferit Tek Sok. No: 21/B,4
105,"Kahve Dünyası, Dalyan",,Kadıköy,Dr.Faruk Ayanoğlu Cad.No:22/1-2,4
106,Tosbağa Cafe,,Kadıköy,Bahariye Cad. Ali Suavi Sok. No: 40,0
107,Şahin Gurme,,Kadıköy,Bağdat Cad. No: 165A,0
108,Rafine Espresso Bar,,Kadıköy,Moda Cad. Halis Efendi Sok. No: 1/15,4
109,Çimen Unlu Mamülleri,,Kadıköy,Koşuyolu Cad. No:5,4
110,"Big Yellow Taxi Benzin Cafe, Suadiye",,Kadıköy,Bağdat Cad. No:455,5
111,Biber Cafe,,Kadıköy,Muhittin Üstündağ Cad. No: 75 Koşuyolu,4
112,Sankofa,,Kadıköy,Atatürk Cad. No:66/B,0
113,Dair'e Cafe,,Kadıköy,Dr. Abdülkadir Noyan Sok. Ahenk Apt. No: 344/1,4
114,Kantinn Cafe,,Kadıköy,Feneryolu Mah. Fahrettin Kerim Gökay Cad. No:104/B (Marmara Üniversitesi Göztepe Kampüsünün Karşısında) Göztepe,2
115,Fazıl Bey'in Türk Kahvesi,,Kadıköy,Tavus Sok. No: 20/A,0
116,Cafe La Porte,,Kadıköy,Miralay Nazım Sok. No:15,0
117,Vagon Cafe,,Kadıköy,Kadife Sok. No:25,4
118,Chance Cafe,,Kadıköy,Kalamış Cad. No:93 Fenerbahçe,4
119,Piraye Cafe,,Kadıköy,Ali Suavi Sok. No: 7,0
120,Böcek Cafe,,Kadıköy,Bademaltı Sok. No: 17/A,4
121,Köşem Közde Kahve,,Kadıköy,Mühürdar Cad. No:27/A,0
122,Fay-Dem Nargile Cafe,,Kadıköy,Moda Cad. No: 28/A,5
123,"Cafe Esmer Chef, Kadıköy",,Kadıköy,Halitağa Cad. No: 25/14,1
124,"Bambi Cafe, Şaşkınbakkal",,Kadıköy,Bağdat Cad. No: 366,4
125,Yerfıstığı Cafe & Bar,,Kadıköy,İskele Sok. No: 23,4
126,"Nostra Damus Cafe, Bağdat Caddesi",,Kadıköy,Kazım Özalp Sok. No:15 K: 2 Şaşkınbakkal,5
127,Arka Sokak Kadıköy,,Kadıköy,Piriçavuş Sok. No: 33/A,5
128,Biberr Cafe,,Kadıköy,Sakızgülü Sok. No: 7/1,0
129,Semolina Kafe & Restoran,,Kadıköy,Ressam Şeref Akdik Sok. No: 7/A,4
130,Pappa Cafe,,Kadıköy,Ruşen Ağa Sok. No: 18/A,5
131,Bubada Club Sandwiches & More,,Kadıköy,Dr. Esat Işık Cad. No: 42/A,4
132,Dört Kadıköy,,Kadıköy,Ressam Şeref Akdik Sok. No: 19,5
133,Güğüm Cafe,,Kadıköy,Mühürdar Cad. Dumlupınar Sok. No:7,0
134,Eftelya Cafe,,Kadıköy,Sakızgülü Sok. No:20 D:3-4,4
135,Traffic Cafe & Pub,,Kadıköy,Balıkçı Yunus Sok. No:12,0
136,Asia Chai Art,,Kadıköy,Şemsettin Günaltay Cad. No: 121/A,5
137,Zeytin Kafe,,Kadıköy,Moda Cad. No: 30/1,3
138,"Remzi Kitabevi Cafe, Suadiye",,Kadıköy,Bağdat Cad. No:452 Suadiye,3
139,Viola Pasta Cafe,,Kadıköy,Acıbadem Cad. Çakmak Sit. Sok. No:2,0
140,David People Coffee,,Kadıköy,Noter Sok. No: 15-17,0
141,Nakla Nargile Cafe,,Kadıköy,Dr. Faruk Ayanoğlu Cad. Feneryolu,0
142,Tiglio Cafe,,Kadıköy,Hacı Şükrü Sok. No: 5/A,0
143,Bausta,,Kadıköy,Noter Sok. No: 17,3
144,"Fokurtu Cafe, Kadıköy",,Kadıköy,İbrahimağa Mah. Saraçlar Çeşme Sok. No:71,4
145,Bapoon,,Kadıköy,Bağdat Cad. Beyaz Akasya Sok. No: 4/B,0
146,Karamela Restaurant,,Kadıköy,Koşuyolu Cad. Semirkent Sok. No: 31,3
147,Babil Cafe,,Kadıköy,Mühürdar Cad. No:63/A,5
148,Cafe Bronte,,Kadıköy,Ali Suavi Sok. (Sanatkarlar Sok.) No: 38 A,5
149,Takıntı Cafe,,Kadıköy,Bağdat Cad. Kazım Özalp Sok. No:19/1 Şaşkınbakkal,4
150,Wafflestop,,Kadıköy,Bağdat Cad. Yenel Apt. No:350/C Şaşkınbakkal,5
151,Gül Dondurma,,Kadıköy,Fenerbahçe Mah. Fener Kalamış Cad. No:102,0
152,Voi Cadde,,Kadıköy,Bağdat Cad. Mücahit Sok. No: 5,4
153,Akademi 1971 Kitabevi Cafe,,Kadıköy,Sakız Sok. No: 12,0
154,"Kahve Dünyası, Alkım Kitabevi",,Kadıköy,Neşet Ömer Sok. No:23-25,4
155,"Bambi Cafe, Kadıköy",,Kadıköy,Söğütlüçeşme Cad. No: 43,4
156,Kuru Kahveci Selim,,Kadıköy,Ferit Tek Sok. No: 60/D Moda,0
157,Moda Balkaymak Cafe,,Kadıköy,Moda Cad. Ferittek Sok. No:17/1,5
158,Suadiye Cafe,,Kadıköy,Selim Ragıp Emeç Sok. No:27 ,5
159,Tektek Pizza,,Kadıköy,Nailbey Sok. No: 15/A,5
160,Cafe Karma,,Kadıköy,Moda Cad.No:41/A,3
161,"Park Piramit Pastanesi, Merkez",,Kadıköy,MerdivenKöy Mah. HızırBey Cad No:249 Göztepe,5
162,Cafe D Sanat,,Kadıköy,Serasker Cad. Kazasker Sok. No: 5,5
163,Yeşilçay Pasta & Ekmek,,Kadıköy,Koşuyolu Cad. No :87,0
164,Dibek Pastanesi,,Kadıköy,Bağdat Cad. Kantarcı Rıza Sok. No:8 Şaşkınbakkal,5
165,Cafe Zapata,,Kadıköy,Sakız Sok. No: 1/C,4
166,Hammur,,Kadıköy,Ressam Salih Ermez Cad. Gözcübaba Apt. No:42/2,5
167,Mayıs Cafe Restaurant,,Kadıköy,İnönü Cad. Yazar Sok. No 2/A,0
168,Lokum Cafe,,Kadıköy,Moda Cad. No: 161/A,0
169,Sporest,,Kadıköy,Bağdat Cad. İskele Sok. Cemilpaşa Apt. No:310 Caddebostan,5
170,"Chez Boré Cafe&Patisserie, Kadıköy",,Kadıköy,Serasker Cad. No: 3/A,0
171,Cafe Bahçe,,Kadıköy,Halit Ağa Cad. Onan Sok. No: 1,5
172,Grange,,Kadıköy,Tellalzade Sok. (Antikacılar Sokağı) No:16/A,0
173,Dükkantere Work & Shop & Coffee,,Kadıköy,Ali Suavi Sok. No: 40,5
174,İkinci Yeni Cafe,,Kadıköy,Moda Cad. Zuhal Sok. No: 4/A,0
175,Matiz Bar & Cafe,,Kadıköy,Muvakkithane Sok. No:14 (Çarşı Vakıfbank'ın Karşısı),3
176,Dunia Cafe Pub,,Kadıköy,Kadife Sok. No:19/2,0
177,Franz Kafka Cafe,,Kadıköy,Albay Faik Sözdener Cad. Damga Sok. No:23,3
178,Aram Cafe,,Kadıköy,Sarraf Ali Sok. Tülay Apt. No:34/1,0
179,Limon Cafe,,Kadıköy,Mühürdar Cad. No: 53 - 3,5
180,Choice Cafe,,Kadıköy,Karakolhane Cad. No:29/B,0
181,Tiryaki Cafe,,Kadıköy,Mukkavithane Cad. No: 39,4
182,Coffee O'Clock,,Kadıköy,Kadife Sok. No: 30,5
183,"Nostra Damus Cafe, Fenerbahçe",,Kadıköy,Fener Kalamış Cad. No: 91,0
184,Cafe di mus,,Kadıköy,Şahika Sok. No:36-38,0
185,Feneryolu Big Yellow Taxi,,Kadıköy,Gedikli Sok.,0
186,Cafe Palas,,Kadıköy,Şemsettin Günaltay Cad. No:198/1 Erenköy,4
187,"Eyfel Pastanesi, Bahariye",,Kadıköy,Bahariye Cad. No: 43/A,4
188,Reks Cafe,,Kadıköy,Sakız Sok. No:26,3
189,Vazgal Cafe,,Kadıköy,Caferağa Mah. Moda Cad. No:51,5
190,Cafe Sanat,,Kadıköy,Bahariye Cad. Ali Suavi Sok. No: 21/A,0
191,Secret Benzin Station,,Kadıköy,Fahrettin Günaltay Cad. No:267/A,0
192,Motta Pasticceria,,Kadıköy,Kemal Türkler Mh. Atatürk cd. Bülbül Sk. No:20 Sarıgazi,0
193,"Kahve Dünyası, Göztepe",,Kadıköy,Bağdat Cad. No:233/B,5
194,"Josefine Cafe & Restaurant, Fenerbahçe",,Kadıköy,Dr. Faruk Ayanoğlu Cad No: 24,0
195,Pasaj Cook & Book,,Kadıköy,Bahariye Cad. Şair Latifi Sok. No: 2/A,4
196,Kervan Cafe,,Kadıköy,Bahariye Cad. Ali Suavi Sok. No:8,5
197,Tarihi Bağdat Kuru Kahvecisi,,Kadıköy,Bağdat Cad. Kazım Özalp Sok. Kazım Kulan Pasajı No:371 Şaşkınbakkal,0
198,Narchill,,Kadıköy,Feneryolu Sok. No: 7/A,5
199,Niyazi Beyin Türk Kahvesi,,Kadıköy,Serasker Cad. No: 4/A,0
200,Living Room Art Cafe & Socıal Club,,Kadıköy,Arayıcıbaşı Sok. No:9,0
201,Cafe MU,,Kadıköy,Karakolhane Cad. No: 46/A,3
202,Cafe Gizli Bahçe,,Kadıköy,Şemsitap Sok. No:18/B Altıyol,0
203,Marmaris Cafe,,Kadıköy,Bağdat Cad. No:294 Caddebostan,0
204,"Krispy Kreme, Kozzy Avm",,Kadıköy,Bayar Cad. Buket Sok. No: 14 Zemin Kat,4
205,"Cafe London, Kozyatağı",,Kadıköy,Atatürk Cad. Tokman Apt. No:25 Kozyatağı,5
206,"Özsüt, Şaşkın Bakkal",,Kadıköy,Saffet Apt.Şaşkın Bakkal Cad.:397/10,0
207,Füme Cafe & Restaurant,,Kadıköy,Atatürk Cad. No: 49/1-2,0
208,Mahatma Cafe,,Kadıköy,Prof. Dr. Macit Erbudak Sok. No: 50/A,4
209,"Kahve Dünyası, Ziverbey",,Kadıköy,Fahrettin Kerim Gökay Cad. Ziverbey Park İş Merkezi No:128/A1,4
210,Cape,,Kadıköy,Moda Cad. No: 159/B,0
211,"Robert's Coffee, Caddebostan",,Kadıköy,Bağdat Cad. Renk Apt. No:306 Caddebostan,3
212,"Hollywood Burger Diner & Steakhouse, Moda",,Kadıköy,Bahariye Cad. Şair Latifi Sok. No: 46/A,5
213,Antre Cafe,,Kadıköy,Dr. Esat Işık Cad. No:3,5
214,Kahverengi Cafe,,Kadıköy,Miralay Nazım Sok. No:23,5
215,N'joy Cafe Restaurant,,Kadıköy,Fenerbahçe Zühtüpaşa Mah. Fener Kalamış Cad. No:1001-2,0
216,Morgan Cafe,,Kadıköy,Dr. Faruk Ayanoğlu Cad. No: 34/1 Fenerbahçe,5
217,Art's Cafe & Restaurant,,Kadıköy,Fahrettin Kerim Gökay Cad. Meliha Apt. No: 103/A Ziverbey,0
218,La Vraie Ambiance Cafe,,Kadıköy,İnönü Cad. Aydın Sok. No:1/3 Kozyatağı,5
219,Mini Kitchen,,Kadıköy,Cemil Topuzlu Cad.No: 2/C,4
220,Naturel Sam Cafe Bar,,Kadıköy,Serasker Cad. Pavlonya Sok. No: 40,4
221,Asur Cafe,,Kadıköy,Zühtü Paşa Mah. Fener Kalamış Cad. No:108 Fenerbahçe,0
222,"Kahve Dünyası, Bostancı",,Kadıköy,Şemsettin Günaltay Cad. No:18/1-2,4
223,Papağan Çiğ Börek,,Kadıköy,Bayar Cad. Gülbahar Sok. No:3 Kozyatağı,5
224,BaDe Chocolatier Cafe Moda Ba'Dé,,Kadıköy,Şair Nefi Sok. No: 8 Moda,5
225,Tek Büfe,,Kadıköy,Moda Cad. No:1,3
226,Kichenette Cafe & Bar,,Kadıköy,Bağdat Cad. No:341/2 Erenköy,0
227,Keyifli Bi Cafe,,Kadıköy,Gazi Muhtar Paşa Sk 1,0
228,Beltur,,Kadıköy,Çetin Emeç Bul. Vapur İskelesi Yanı,0
229,Efes Beer Cafe,,Kadıköy,İskele Yolu Sok. No :36/C,0
230,Brooklyn Soup Point Cafe,,Kadıköy,Fahrettin Kerim Gökay Cad. No:101/C,0
231,Dört Mevsim Cafe & Restaurant,,Kadıköy,Muhittin Üstündağ Cad. No:53 Koşuyolu,4
232,"Cafe Kahwaa, Bağdat Cad.",,Kadıköy,Bağdat Cad. No:460,3
233,"Symbol Cafe & Restaurant, Şaşkınbakkal",,Kadıköy,Bağdat Cad. Çamlık Apt. No: 376/2,5
234,"Kirpi Cafe, Kozyatağı",,Kadıköy,Saniye Ermutlu Sok. Osmanbey Apt. No:6/4 Kozyatağı,0
235,Yolgeçen Hanı,,Kadıköy,"Caferağa Mah, Damacı Sok, No 8/",4
236,Kaffa Cafe Restaurant,,Kadıköy,Ressam Salih Ermez Cad. Gümrük Sok. Çimen Apt.No: 17/1B,0
237,Hado Cafe & Restaurant,,Kadıköy,Mühürdar Cad. Dumlupınar Sok. No: 22,4
238,Cafe Kukla,,Kadıköy,Arayıcıbaşı Sok. No: 10/C,5
239,Fesleğen Cafe,,Kadıköy,Bağdat Cad. Tanzimat Sok. Kural Apt. No:4 Caddebostan,5
240,"The House Cafe, Caddebostan",,Kadıköy,Cemil Topuzlu Cad. No:146 Caddebostan,4
241,Cafe's,,Kadıköy,Mazhar Osman Bey Sok.,0
242,Barış Cafe,,Kadıköy,Nailbey Sok. No: 37,5
243,Hookah Nargile Cafe,,Kadıköy,Acıbadem Cad. Necipbey Sok. No: 2/B,4
244,Tatdoy´s,,Kadıköy,Bahariye Cad. Nazmi Bey Sok. No:21/B (Süreyya Opera Karşısı),5
245,CoffeeNutz,,Kadıköy,Ozan Sok. Dilek Apt. No: 3/A,0
246,İnanna Sahne,,Kadıköy,Miralay Nazım Sok. No: 28/A,0
247,Leziz Uğrak Yeri,,Kadıköy,Fahrettin Kerim Gökay Cad. No: 211,5
248,Caffe La Notte,,Kadıköy,Bağdat Cad. Çınarlı Sok. No:4/B,5
249,Pembegül Pasta,,Kadıköy,İçerenköy Mah. Kayışdağı Yolu Cad. No:37/B,0
250,The Mix Cafe & Brasserie,,Kadıköy,Bahariye Cad. No:1 Altıyol,0
251,Marmara Pastanesi,,Kadıköy,Fahrettin Kerim Gökay Cad. No:116 Göztepe,5
252,Hilal Cafe,,Kadıköy,Karanfil Sok. No:13/A,0
253,"Cafe London, Göztepe",,Kadıköy,Prof. Dr. Hulusi Behçet Cad. Göztepe Palas No:32/A (Göztepe 60. Yıl Parkı Yanı) Göztepe,5
254,Diyar Cafe,,Kadıköy,Fahrettin Kerim Gökay Cad. No: 5/C,0
255,Masal Evi,,Kadıköy,Kadife Sok. No:33,0
256,"Seldem Mutfak, Acıbadem",,Kadıköy,Acıbadem Cad. Şemi Bey Sok. No:12/A,5
257,"Cm Noodle, Bostancı",,Kadıköy,Eminali Paşa Cd. No:114/B,3
258,İmza Pasta,,Kadıköy,Bağdat Cad. No: 222,0
259,Park Kalamış Cafe,,Kadıköy,Fenerbahçe Mah. Münir Nurettin Selçuk Cad. Kalamış Parkı,0
260,"Coffeemania, Bağdat Cad.",,Kadıköy,Bağdat Cad. No:144 Feneryolu,5
261,"Kahve Dünyası, Suadiye",,Kadıköy,Bağdat Cad. Hayırlı Apt. No:462/1 Çatalçeşme,5
262,Belde Ocakbaşı Et & Balık Restaurant,,Kadıköy,Altıyol Bahariye Cad. Süleymanpaşa Sok. No: 21/A-B,3
263,Altıyol Sanat Cafe Bar,,Kadıköy,Söğütlüçeşme Cad. Karadut Sok. No: 4-6/1,5
264,"Sedir Cafe & Restaurant, Şelale",,Kadıköy,Mühürdar Cad. No:60/A,0
265,Cafe Park,,Kadıköy,İnönü Cad. Turapoğlu Sok. Sümko Sit. M 3 Blok,0
266,"Titiz Pastanesi, Göztepe",,Kadıköy,Dr. Erkin Cad. No:16 Göztepe,0
267,Da Vinci Nargile Cafe,,Kadıköy,Ulaştırıcı Sok. No: 10/A,5
268,Mançiz,,Kadıköy,"Caferağa Mah, Dr. İhsan Ünlüer Sok, No 14/B.",0
269,"Neşve Çay Kahve Evi, Bostancı",,Kadıköy,Şemsettin Günaltay Cad. Esen Apt. No:20/2,0
270,Best Cafe,,Kadıköy,Moda Cad. No:153/A,5
271,"Görgülü Pastaneleri, Erenköy",,Kadıköy,Şemsettin Günaltay Cad. Kaptan Arif Sok. No:61/5 Erenköy,5
272,Josefine Cafe & Backerei,,Kadıköy,Dr. Faruk Ayanoğlu Cad. No:24 Fenerbahçe,4
273,"Coffeemania, İstanbul Ziverbey",,Kadıköy,Feneryolu Mah. Fahrettin Kerim Gökay Cad. No: 56/B-C,5
274,Gizemli Bahçe Kadıköy Cafe,,Kadıköy,Muvakithane Cad. Neşet Ömer Sok. No: 1,5
275,6 Üstü Cafe,,Kadıköy,Sarraf Ali Sok. No: 33,0
276,Katina Cafe,,Kadıköy,Moda Cad. No: 46/1,5
277,Kiraz Cafe,,Kadıköy,Yazanlar Sok. No:7,5
278,Badem Tat Pastanesi - Badem Cafe,,Kadıköy,Acıbadem Cad. Zeamet Sokak. No:1 Acıbadem,5
279,"Dunav Restaurant & Cafe, Şaşkınbakkal",,Kadıköy,Bağdat Cad. Noter Sok. No: 10/3B,5
280,"Bunchum Burger & Roastery, Suadiye",,Kadıköy,Suadiye Cami Sk. No:23,5
281,Sahaf Cafe & Restaurant,,Kadıköy,Dumlupınar Sok. No: 12,5
282,Motta Pastacılık,,Kadıköy,Bağdat Cad. No: 53/28 D: 45,5
283,Milenium Cafe,,Kadıköy,İçerenköy Mah Karslı Ahmet Cad. No:70,0
284,Akvaryum Cafe,,Kadıköy,Mühürdar Cad. Misbah Muayyeş Sok. No:6/5,5
285,Kekik Cafe,,Kadıköy,Bahariye Cad. Nazmi Bey Sok. No: 4,1
286,Çıt Çıt Fal Cafe,,Kadıköy,Bağdat Cad. Nihat Kızılten Sok. Erenköy,5
287,La Mia Casa Cake&Cafe,,Kadıköy,Denizci Zeynel Sok. No: 6/B,5
288,"Kahve Diyarı, Suadiye",,Kadıköy,Şemsettin Günaltay Cad. Kurudere Sok. Muazzez Apt. No: 1/A,4
289,Aristo Sandwich Bar & Take Away,,Kadıköy,Süleymanpaşa Sok. no:49/B,5
290,Çınar Cafe,,Kadıköy,Mühürdar Cad. No: 53,0
291,Corner Cafe & Restaurant,,Kadıköy,Bağdat Cad. No: 224/4,5
292,Arka Bahçe,,Kadıköy,Kasap İsmail Sok. No:8/A,5
293,"Carpe Diem, Suadiye",,Kadıköy,Bağdat Cad. No:418,5
294,Vanilla Cafe & Bar,,Kadıköy,"Park Residence, Atlıhan Sok. No:4 Dalyan",5
295,"Nostalji  İstanbul Cafe, Bahariye",,Kadıköy,Bahariye Cad. No: 15/1,4
296,Közde Türk Kahvesi,,Kadıköy,Sarrafali Sok. No:22/A Moda,5
297,"Taps Brewery & Restaurant, Suadiye",,Kadıköy,Bağdat Cad. No:435 Suadiye,5
298,"Dezso Coffee, Fenerbahçe",,Kadıköy,Fener Kalamış Cad. No: 92,5
299,Közde Park Kahve,,Kadıköy,Mühürdar Cad. No: 48,0
300,Kifle Cafe Pastane,,Kadıköy,Sahrayıcedit Mah. Cebesoy Sok. No:13/1 Erenköy,5
301,Altın Damla,,Kadıköy,Kocayol Cad. No:1/9 Özden Apt. B Blok K:1,5
302,Cafe Sera,,Kadıköy,Kalfa Çeşme Sok. No: 4 Validebağ,5
303,Zehra Restaurant & Cafe,,Kadıköy,Şaşkınbakkal Mah. Akın Sok. No:18/A,5
304,Shew Cafe,,Kadıköy,Bağdat Cad. No:480/10,5
305,Oza Music & Cafe,,Kadıköy,Caferağa Mah. Bahariye Cad. Dr. İhsan Ünlüer Sok. No:12/4,0
306,Biberr Pub,,Kadıköy,Sakızgülü Sok. No:7/1,5
307,Emiroğlu Baklavaları,,Kadıköy,Atatürk Cad. No:1/3 Sahrayıcedit,5
308,Marmara Döner Cafe,,Kadıköy,Fahrettin Kerim Gökay Cad. No:102/B,5
309,İndeep,,Kadıköy,Moda Cad. No:52,5
310,Faika Cafe,,Kadıköy,Fener Kalamış Cad. No:55,5
311,Börek Bank Cafe,,Kadıköy,Poyraz Sok No:1,5
312,Lighties,,Kadıköy,Bağdat Cad. Köşk Sok. No:6/2 Şaşkınbakkal,5
313,"Gloria Jean's Coffees, Bahariye",,Kadıköy,Bahariye Cad. No:54 Bahariye,5
314,Vagabond Coffee Bar,,Kadıköy,Bağdat Cad. İskele Sok. No: 312,5
315,"Sound Cafe & Restaurant, Bostancı",,Kadıköy,Bostanlar Arası Sok. No: 9/1,4
316,Filizli Köşk Cafe,,Kadıköy,Mustafa Mazhar Bey Cad.,4
317,Hera Cafe Bar,,Kadıköy,Kadife Sok. No:10,0
318,"Bi Ciğer Bi Kebap, Kadıköy",,Kadıköy,Osman Ağa Mah.Kuşdili Cad.No:91/1 Kadıköy/İstanbul,4
319,Beer's Cafe & Restaurant,,Kadıköy,İskele Cad. Yazmacı Tahir Sok. No:56 Bostancı,4
320,Bezm-i Safâ,,Kadıköy,Ali Kuşçu Mah. At Pazarı Meydanı No:19,0
321,Mini Park Cafe,,Kadıköy,Uzunçayır Cad. Kenna İş Merkezi A Blok No:30 D:7 Hasanpaşa,4
322,Hanımağa Cafe,,Kadıköy,Moda Cad. Nailbey Sok. No: 41 D:3,4
323,Thales Cafe Bar,,Kadıköy,Hacı Şükrü Sok. No: 7,4
324,Angel's Cafe,,Kadıköy,Cemal Süreya Sok. No: 2/A Moda,3
325,Hooka Bistro Cafe,,Kadıköy,Noter Sok. No:23 Şaşkınbakkal,4
326,Emiroğlu Baklavaları,,Kadıköy,Şemsettin Günaltay Cad. No:2/4 (Ayşekadın Durağı Yanı),4
327,Corner,,Kadıköy,Bağdat Cad. No:224/4 Çiftehavuzlar,0
328,Çivi Bar,,Kadıköy,Arayıcıbaşı Sok. No: 2,0
329,Cafe Suffle,,Kadıköy,Caferağa Mah. Ferit Tek Sok. Bilir Apt. No:25/A Moda,4
330,"Pastarito, Suadiye",,Kadıköy,Plaj Yolu Sok. No:25/B Suadiye,4
331,"Ceviz Cafe, Ceviz Cafe Göztepe",,Kadıköy,Fahrettin Kerim Gökay Cad. No: 154/8,4
332,Biberiye Snacks & Cafe,,Kadıköy,Şemsettin Günaltay Cad. No: 125/C,0
333,Vee's Döner & Cafe,,Kadıköy,Fahrettin Kerim Gökay Cad. Gazi Muhtarpaşa Girişi Marmara Apt. No: 118 Kadıköy İstanbul,0
334,Roza Sahaf Cafe,,Kadıköy,Piri Çavuş Sok.,0
335,Altınoğlu Şekerleme,,Kadıköy,Söğütlü Çeşme Cad.No:38/6 Yusufpaşa,4
336,Akveren Şifahane Cafe,,Kadıköy,Güneşli Bahçe Sok.,4
337,Ekim Cafe,,Kadıköy,Sarı Kanaryalar Sok. No:2/C,4
338,Cute,,Kadıköy,Bağdat Cad. No:302-1/A Caddebostan,4
339,"Tchibo, Kadıköy",,Kadıköy,Mukavakıthane Cad. No:36 (Vakıf Bank Karşısı),0
340,"Fua Cafe & Restaurant, Göztepe Şubesi",,Kadıköy,Selamiçeşme Mazharbey Cad. Özgürlük Parkı İçi,4
341,"Tutku Pastanesi, Kadıköy",,Kadıköy,Şemsettin Günaltay Cad. No:168,4
342,Saklıkent,,Kadıköy,Caferağa Mah. Sarraf Ali Sok. No:3 Moda,4
343,Sera Cafe,,Kadıköy,Erdoğdu Sok.,4
344,Deniz Cafe,,Kadıköy,Aydın Sok.,4
345,Cafe Altıgen,,Kadıköy,Eğitim Mah. Marmara Üniversitesi Göztepe Kampüsü,4
346,Garavellis Cafe,,Kadıköy,Bağdat Cad. Zümrüt Apt. No:386 D:2,4
347,Nostalji Cafe Bar Restaurant,,Kadıköy,Yasa Cad.No:39,4
348,Mozaik Cafe & Restaurant,,Kadıköy,Hızırbey Cad. No:173 Göztepe,4
349,Derman Tea House,,Kadıköy,Bağdat Cad. No:496,4
350,Sapa Cafe,,Kadıköy,Moda Cad. Caferağa Mescidi Sok. No:1,4
351,Cafe Mutfak,,Kadıköy,Bağdat Cad. Kazım Özalp Sok. No:15/C Şaşkınbakklal,4
352,"Piramit Cafe, Fenerbahçe",,Kadıköy,Fener Kalamış Cad. No:75/2,4
353,Buz Cadde,,Kadıköy,Bağdat Cad. No: 269 K: 2 Göztepe,4
354,Innjoy Cafe,,Kadıköy,Bağdat Cad. No:391/11 Şaşkınbakkal (Marks& pencer'i Geçtikten Sonra Sağda),4
355,Cafe Cara,,Kadıköy,Bağdat Cad. Plajyolu Sok. No:10,4
356,5 th. Avenue,,Kadıköy,Bağdat Cad. No:414 Suadiye,4
357,Çıtırkeyf,,Kadıköy,Bağdat Cad. No:106,4
358,"Kahve Dünyası, Kızıltoprak",,Kadıköy,Zühtüpaşa Mah. Fener Kalamış Cad. Güneş Apt. No:5,0
359,Barko Cafe,,Kadıköy,Piri Çavuş Sok. No:48/A,0
360,Barış Cafe,,Kadıköy,Tulumbacı Asım Sok. No: 16,0
361,Tostanbul Cafe,,Kadıköy,Moda Cad. Zuhal Sok. No: 15/A,0
362,Mavi Boncuk Cafe,,Kadıköy,Zeamet Sok. No:50 Hasanpaşa,0
363,"Değirmen Pastaneleri, Sahrayıcedit",,Kadıköy,Mümindere Cad. No: 32/A,0
364,Cafe Brown,,Kadıköy,Halitağa Cad. Çuhadarağa Sok. No: 11/1,0
365,Makara Cafe,,Kadıköy,Halitağa Cad. Kıvanç Sok. No:3,0
366,Tarçın Cafe,,Kadıköy,Çamlı Sok. No:13,0
367,Cordon Cafe & Restaurant,,Kadıköy,Cafer Mah.Yasa Cad.No:58/66,0
368,Club Chicago Bulls,,Kadıköy,Atatürk Mah. 3. Cad.,3
369,Omjore Kitap Cafe,,Kadıköy,Yoğurtçu Şükrü Sok. No: 53/A,0
370,"Art Cafe, Çiftehavuzlar",,Kadıköy,Cemil Topuzlu Cad. No: 47,0
371,"Tatlı Fırın, Sahrayıcedit",,Kadıköy,Mengi Sok. No: 13/B,0
372,Heybeliada Cafe,,Kadıköy,Halitağa Cad. Kıvanç Sok. No:3 Kadıköy Vergi Dairesi Sok. Dük:A,3
373,Anarres Bar,,Kadıköy,Sakız Sok. No:34/A,0
374,"Big Yellow Taxi Benzin Cafe, Kadıköy",,Kadıköy,Albay Faik Sözdener Cad. İskele İş Merkezi No:7/3,2
375,Pembe Gül Pastanesi,,Kadıköy,Fahrettin Kerim Gökay Cad. No: 239/1,3
376,Manolya Cafe & Restaurant,,Kadıköy,Atatürk Cad. No:42/3,3
377,Roxie,,Kadıköy,Halk Sok. No: 24/A,0
378,Homini Cafe,,Kadıköy,Fahrettin Kerim Gökay Cad. No:45/A,0
379,"Dunkin' Donuts, Sahrayıcedit",,Kadıköy,Fahrettin Kerim Gökay Cad. No: 272/A,0
380,Asmalı Konak Büfe,,Kadıköy,Nabizade Sok. No: 1/3,3
381,Tarot House,,Kadıköy,Ayşe Çavuş Cad. Kitapçı Sok.,3
382,Happy Hours Cafe,,Kadıköy,Sarı Kanarya Sok. No:9/A Kozyatağı,0
383,S-Carlet Cafe,,Kadıköy,Fahrettin Kerim Gökay Cad.,3
384,İncir Bahçe Cafe Shop,,Kadıköy,Mehpare Sok.Mehpare Çıkmazı No: 15/A,0
385,"Kahve Keyfi, Acıbadem",,Kadıköy,Acıbadem Cad. No:163/A Acıbadem,0
386,Hardy's London Cafe,,Kadıköy,Halitağa Cad. No: 48/A,0
387,Conolino,,Kadıköy,"Caddebostan Mah, Plajyolu Sok, No 12/A.",0
388,"Cofytea, Tepe Nautilus Avm",,Kadıköy,Fatih Cad. No:1 Acıbadem,0
389,Sevgi Cafe,,Kadıköy,Arayıcıbaşı Sok. No: 5/A,0
390,Cafe Laf,,Kadıköy,İnönü Cad. Aydın Sok. No: 2/2 Kozyatağı,1
391,Ortak Cafe & Pub,,Kadıköy,Kuşdili Cad. Karadut Sok. No: 22/A,0
392,Victor Hugo,,Kadıköy,Damga Sok. No:23-25,0
393,Ebrum Patisserie,,Kadıköy,İnönü Cad. No: 22,0
394,"Hababam Köfte, Suadiye",,Kadıköy,Ayşe Çavuş Cad. No: 14/C,0
395,Yeni Beltur Cafe,,Kadıköy,Bostancı Tren İstasyonu,0
396,2 Pi-Re,,Kadıköy,Caferağa Mah. Moda Cad. No:239 Moda,2
397,Nun,,Kadıköy,Atıfet Sok. No: 12/A,0
398,Secco Kafe,,Kadıköy,Noter Sok. No: 17/E,2
399,Cafe Chevy,,Kadıköy,Çiğdem Sok.,0
400,Damla Pasta & Cafe,,Kadıköy,Bostancı Mah. Şemsettin Günaltay Cad. No: 30/1 Şenesenevler Bostancı,0
401,Cafe Tur,,Kadıköy,Bağdat Cad. İskele Sok. (Barlar Sokağı) Kozacıoğlu Apt. No:4,2
402,Pilav Kafe,,Kadıköy,Arayıcıbaşı Sok. No:5/2,2
403,"Tatlı Fırın, Erenköy",,Kadıköy,Ethemefendi Cad. No: 108/C,0
404,"Sandwich Lab, Kadıköy",,Kadıköy,Bahariye Cad. Ali Suavi Sok. No: 6-A,0
405,2de 1 Gel Cafe,,Kadıköy,Fahrettin Kerim Gökay Cad. No: 103/A,0
406,Cafe'de Yemekteyiz,,Kadıköy,Ayşe Çavuş Cad. Kitapçı Çıkmazı No: 3/P,0
407,Melisa Cafe,,Kadıköy,Bağdat Cad. No: 223,0
408,Serkan Usta'nın Mutfağı,,Kadıköy,Moda Cad. İşgören Pasajı No: 120/13,0
409,Othello Cafe,,Kadıköy,Zuhal Sok. No:4/A,0
410,BTA Cafe,,Kadıköy,Bostancı İskele,0
411,Keyif Nargile Kafe,,Kadıköy,Sakızgülü Sok. No:27,0
412,"Colombian Swirl Cafe, Doğuş Üniversitesi Kampüsü",,Kadıköy,Zerrin Sok. 2-6 Acıbadem,0
413,"Değirmen Pastaneleri, Tepe Nautilus Avm",,Kadıköy,Fatih Cad. No:1 Acıbadem,1
414,"Jimmy Joker Coffees, Suadiye",,Kadıköy,Şemsettin Günaltay Cad. No:53 Suadiye,0
415,Aborjin Cafe Restaurant,,Kadıköy,Güneşli Bahçe Sok. No:58/A,0
416,Mary Jane Cafe,,Kadıköy,Hacı Şükrü Sok. No: 34/A,0
417,Cafe Ziksak,,Kadıköy,Halitağa Cad. No:55/B,0
418,Pi Laff,,Kadıköy,Moda Cad. Bademaltı Sok. No: 20/B,0
419,Güğüm Cafe,,Kadıköy,Mühürdar Cad. Dumlupınar Sok. No:5,0
420,Turunç Cafe,,Kadıköy,Kaya Sultan Sok. No:89/1,0
421,Doruk Cafe,,Kadıköy,Ressam Salih Ermez Cad. No :27/A-B,0
422,Yıldız Cafe,,Kadıköy,"Caferağa Mah, Miralay Nazım Sok, No 13.",0
423,Senta Cafe,,Kadıköy,İnönü Cad. Turapoğlu Sok. No: 6/B,0
424,Joy Food Cafe,,Kadıköy,Kurbağalıdere Cad. No:10,0
425,Pop In Java Cafe,,Kadıköy,Bağdat Cad. Işıldar Apt. No:260/1 Caddebostan,0
426,Krm Bahçe Cafe,,Kadıköy,Koşuyolu Ali Dede Cad. No:6,0
427,Balkon Sefası,,Kadıköy,Kozyatağı Mah. Oral Sok. No:12,1
428,The Bonepeti Cafe,,Kadıköy,Kırtasiyeci Sok. No:46/1,0
429,Tunahan Pasta Cafe,,Kadıköy,Nailbey Sok.,0
430,Ernestina Cafe Restaurant,,Kadıköy,Acıbadem Cad. Manolya Sit. Tekin Sok. No: 13/2,0
431,Dough House,,Kadıköy,Bağdat Cad. Orkide Apt. No:59/B,0
432,Deniz Cafe,,Kadıköy,Zeamet Sok. No:31,0
433,Hanedan Cafe & Patisseri,,Kadıköy,Göztepe Fahrettin Kerim Gökay Cad. No:112,0
434,"Dunkin Donuts, Bağdat Caddesi",,Kadıköy,Bağdat Cad. Kazım Özalp Sok. Kazım Kulan İş Merkezi No:22G/-12 Şaşkınbakkal,0
435,Tanem Cafe & Restaurant,,Kadıköy,Bağdat Cad. Feneryolu Konak Apt. No: 87/ A,0
436,Cafe 12,,Kadıköy,Kosuyolu Cad. No:21,0
437,"Phyto 7 Cafe, Yedi Tepe Üniversitesi Diş Hekimliği Fakültesi",,Kadıköy,Bağdat Cad. No:238,0
438,Efe Cafe,,Kadıköy,Yeniyol Sok. Eser Apt. No:40/2,0
439,Cafe's,,Kadıköy,Feneryolu Mah. Kuyubaşı Sok. No:21,0
440,"Görgülü Pastaneleri, Şaşkınbakkal",,Kadıköy,Bağdat Cad. Noter Sok. Su Apt. No: 18/2,0
441,Who Cafe,,Kadıköy,Fener Kalamış Cad. No:59/A,0
442,Gönül Keyfi Cafe,,Kadıköy,Plaj Yolu Sok. No: 14/A,0
443,Altı Yol Rakı Balık,,Kadıköy,Mühürdar Cad. Neşet Ömer Sok. No:20,0
444,Bostasyon Nargile Cafe,,Kadıköy,Can Sok.,0
445,"Nostra Damus Cafe, Altıyol",,Kadıköy,Çilek Sok. No: 30/1,0
446,Tiyatro Seyirlik Cafe,,Kadıköy,Sakızgülü Sok. No: 31/25,0
447,Krizantem Rest Cafe,,Kadıköy,Sarraf Ali Sok. No: 34/A,0
448,Selin Pasta & Cafe,,Kadıköy,Mütevelli Çeşme Sok. No: 21,0
449,Sol Cafe,,Kadıköy,Serasker Cad. Rıza Paşa Çıkmazı No: 1,0
450,Cafe Osmanlı,,Kadıköy,Gençlik Sok. No: 6/C,0
451,Manca Cafe,,Kadıköy,Fahrettin Kerim Gökay Cad. No:138 Göztepe,0
452,Kalamış Chocolate,,Kadıköy,Münir Nurettin Selçuk Cad. No:46 Kalamış,0
453,Batı Yakası Teras Cafe & Bar,,Kadıköy,Muvakkithane Cad. (Surp Takavor Ermeni Kilisesi Karşısı),0
454,Endaxi Cafe & Pub,,Kadıköy,Karadut Sok. No:6 Altıyol,0
455,Küt Cafe,,Kadıköy,Moda Cad. Gürbüz Türk Sok. No:17/A,0
456,"Black House, Moda",,Kadıköy,Moda Cad. Ferit Tek Sok. No: 46/A,0
457,Cafe Mod,,Kadıköy,"Merdivenköy Mah, Şair Arşi Cad, No 17,",0
458,Otağ Kafe,,Kadıköy,Günaydın Sok. No: 44/A,0
459,Kennedy's Cafe & Restaurant,,Kadıköy,Bağdat Cad. No: 60/A,0
460,Denizatı Ev Yemekleri & Cafe,,Kadıköy,Reşit Belgesay Sok. No:13 Caddebostan,0
461,Moda Cafe,,Kadıköy,Diri Çavuş Sok. No:54,0
462,"Fazıl Beyin Türk Kahvesi, Tepe Nautilus Avm",,Kadıköy,Fatih Cad. No:1 Acıbadem,0
463,Ramak Cafe,,Kadıköy,Fahrettin Kerim Gökay Cad. No:239/3 Göztepe,0
464,"Big Yellow Taxi Benzin Cafe, Şaşkınbakkal",,Kadıköy,Bağdat Cad. No:376/5 Şaşkınbakkal,0
465,180° Coffee Bakery,,Kadıköy,Dr. Esat Işık Cad. No: 36/A,0
466,"Zodiac Cafe, Kadıköy",,Kadıköy,Safranali Sok. No: 6/A,0
467,Meşhur Rumeli Hisar Börek Fırını Cafe,,Kadıköy,Halitağa Cad. No: 8,0
468,Cafe Eya,,Kadıköy,Taşlıbayır Sok. No: 16/A,0
469,TCDD Fenerbahçe Sosyal Tesisleri,,Kadıköy,Kalamış Fener Cad. No:97/1 TCDD Sosyal Tesisleri,0
470,Muhteber Cafe Sahne,,Kadıköy,Karakolhane Cad. No: 74-1A,0
471,Tiryaki Cafe,,Kadıköy,Miralay Nazım Sok. No: 19,0
472,Livadi Cafe,,Kadıköy,Hacı Şükrü Sok. No: 5/1,0
473,Mastihashop Cafe,,Kadıköy,Beyaz Akasya Sok. No: 4,0
474,3Bes7 Cafe,,Kadıköy,Bağdat Cad. No:502/A,0
475,Antique Cafe,,Kadıköy,Kurukahveci Sok. No:9,0
476,Evinönü Cafe,,Kadıköy,Fatih Sok. No: 10/A,0
477,Cook House,,Kadıköy,Bayar Cad. Bayar İş Merkezi No:107/B,0
478,Kıvılcım Cafe Ev Yemekleri,,Kadıköy,Vişne Sok. No:3,0
479,Waffle Planet,,Kadıköy,Mehmet Şevki Paşa Cad. Bahçelerarası Doğan Apt. No:5,0
480,Moda Reçel,,Kadıköy,Moda Cad. Ferittek Sok. No: 46/A,0
481,Bahariye Cafe,,Kadıköy,"Caferağa Mah, Miralay Nazım Sok, No 2/A,",0
482,Cafe 23,,Kadıköy,Moda Cad. Zuhal Sok. No: 1/A,0
483,Ziverbey Börek,,Kadıköy,Fahrettin Kerim Cad. Abdi Bey Sok. No: 95/B,0
484,Kozyatağı Cafe ve Restorant,,Kadıköy,Hilmipaşa Cad. No: 34/A,0
485,Turuncu Büfe,,Kadıköy,Zafer Sok. Şeker Apt. No: 1/A,0
486,"Simit Sarayı, Sahrayıcedit",,Kadıköy,Mengi Sok. No: 26,0
487,Cafe Yeliss,,Kadıköy,Cami Sok. No: 37/A,0
488,Joker Cafe House,,Kadıköy,Elmalı Çeşme Sok. No: 51,0
489,Simit Sarayı,,Kadıköy,Kurbağalıdere Cad. No:14/B,0
490,"Cafe Nordik, Bağdat Caddesi",,Kadıköy,Bağdat Cad. No:503/B Suadiye,0
491,"Lavazza Best Coffee Shop, Suadiye",,Kadıköy,Bağdat Cad. Çatalçeşme mevkii No:470 Suadiye,0
492,Cookla Cafe,,Kadıköy,Sahrayıcedit Mah. Halk Sok. Golden Plaza No:27,0
493,Bir Umut Cafe,,Kadıköy,Palvonya Sok. No:16/18,0
494,Rakun Cafe,,Kadıköy,Caferağa Mah. Moda Cad. Ressam Şeref Akdik Sok. No:6/A,0
495,Dogus Universitesi STF Kantin,,Kadıköy,Uzunçayır Caddesi,0
496,Sunny Garden,,Kadıköy,Meltem Sok. No:11-13,0
497,"Asli Borek, Göztepe",,Kadıköy,İstasyon Cad. No:110,0
498,Han Cafe,,Kadıköy,Mektep Sok. No:19 Fikirtepe,0
499,Kutu Cafe,,Kadıköy,Fırıldak Sok. No:25/A Moda,0
500,Ehli Keyf Cafe,,Kadıköy,Fahrettin Kerim Gökay Cad. Tuğrul Apt. No:102 Feneryolu,0
501,"Ebru Pastaneleri, Suadiye",,Kadıköy,Emin Alipaşa Cad. No:21 D:7,0
502,Cafe Diem,,Kadıköy,Bağdat Cad. Ortaçlar Apt. No:291/5 Caddebostan,0
503,Cheese House,,Kadıköy,Uzun Çayır Yolu Cad. No:26 K:1-3 Hasanpaşa,0
504,"Cafe Del Mondo, Tepe Nautilus Avm",,Kadıköy,Fatih Cad. No:1 Acıbadem,0
505,Ceviz,,Kadıköy,Mahmut Yesari Sok No:1 Koşuyolu,0
506,Kale Cafe,,Kadıköy,Hasırcı Başı Cad.,0
507,Vento Cafe,,Kadıköy,Fahrettin Kerim Gökay Cad. No:98 Göztepe,0
508,Telefon Cafe,,Kadıköy,Caferağa Mah Kadife Sok No:27,0
509,Green House And Shop,,Kadıköy,Bahariye Cad. Hacı Şükrü Sok. No:28,0
510,Çeşminar Cafe Büfe,,Kadıköy,Hatboyu Sok. No:21,0
511,Cafe 53,,Kadıköy,Mühürdar Başı Çık.,0
512,"Hacı Hasanoğulları Baklava & Börek, Kızıltoprak",,Kadıköy,Bağdat Cad. Kanuni Apt. No:74/2,0
513,3 Renk,,Kadıköy,Güneşlibahçe Sok. No:43/B,0
514,3 Kere 5,,Kadıköy,Bağdat Cad. No:97/E,0
515,Rengahenk Butik Cafe,,Kadıköy,Moda Cad. Ressam Şeref Akdik Sok. No:3/A Moda,0
516,Arjantin Cafe & Pub,,Kadıköy,Bağdat Cad. Taşlı Çeşme Sok. No:507/A,0
517,"Hacı Hasanoğulları Baklava & Börek, Erenköy",,Kadıköy,Fahrettin Kerim Gökay Cad. Ak Apt. No: 280/4,0
518,Cinnabon Bağdat Caddesi,,Kadıköy,Bağdat Cad. Akın Sok. No:396,0
519,Stars Cafe,,Kadıköy,Şemsettin Günaltay Cad. No:236/C Erenköy,0
520,Satsuma Cafe,,Kadıköy,Doktor Esat Işık Cad. Ardıç Apt. No: 31/A,0
521,6.45,,Kadıköy,Kadife Sok. No:10 D:2,0
522,Cafe' de Kadıköy,,Kadıköy,Serasker Cad. Piri Çavuş Sok. No: 22,0
523,Naboo Cafe,,Kadıköy,Soner Sok. No: 9/A,0
524,Cafe Sante,,Kadıköy,Bağdat Cad. No:454 Suadiye,0
525,Hera,,Kadıköy,Kadife Sok. No:10,0
526,"La Gazetta Cafe & Bar, Doubletree By Hilton İstanbul",,Kadıköy,Albay Faik Sözdener Cad. No: 31,0
527,Feşmekan Cafe,,Kadıköy,Fahrettin Kerim Gökay Cad. Çamtepe Sok. Sadıkoğlu Apt. Feneryolu,0
528,Latinköy Cafe,,Kadıköy,Meltem Sok. No: 11/A,0
529,Miss Retro Vintage  Cafe Shop,,Kadıköy,Pavlonya Sok. No: 24/B,0
530,Define Parti Evi ve Cafe,,Kadıköy,Mehpare Sok.No: 5 /A,0
531,Kafe Sen,,Kadıköy,Ali Suavi Sok. No: 28,0
532,Kahve Bahane,,Kadıköy,Moda Cad. No: 10,0
533,The Bakery,,Kadıköy,Bağdat Cad. No:454 Suadiye,0
534,"Beltur Cafe, Bostancı",,Kadıköy,Bostancı İskele Yolu,0
535,Schlepp Cafe & Pub,,Kadıköy,Karadut Sok. No:3/A 4,0
536,Butterfly Cafe,,Kadıköy,Çemenzar Sok. No 14,0
537,Alfred Cafe & Restaurant,,Kadıköy,Bademaltı Sok. No:1C,0
538,Cafe Miss,,Kadıköy,Bayar Cad. Cemil Akdoğan Sok. Şenvuran Apt. No:8/B,0
539,"Batu Cafe, Hasanpaşa Şubesi",,Kadıköy,Kurbağalıdere Cad. No:87,0
540,Sobiren Cafe,,Kadıköy,Sahrayı-cedid İnönü Cad. No: 30/A,0
541,Saklıbahçe,,Kadıköy,Saniye Ermutlu Sok. No: 3,0
542,Pembegül Pasta & Cafe,,Kadıköy,Cebesoy Sok. No: 6/1,0
543,Arda Çay Evi,,Kadıköy,Nakil Sok. No: 10/C,0
544,Angel's Cafe,,Kadıköy,Şemsettin Günaltay Cad. No: 160/A,0
545,Park Cafe,,Kadıköy,Koşuyolu Cad. No: 130,0
546,Cafe Bahane,,Kadıköy,Vahap Bey Sok.,0
547,Yazı Cafe Pub,,Kadıköy,Sarrafali Sok. No: 31/A,0
548,Özü Cafe,,Kadıköy,Sevük Sok. No: 8/A,0
549,Kurukahveci Osman Bey,,Kadıköy,Arayıcıbaşı Sok. No: 30,0
550,Esen Cafe Ev Yemekleri,,Kadıköy,Bağdat Cad. No: 393/A,0
551,Titiz,,Kadıköy,Koşuyolu Cad. No: 164,0
552,Kadıköy Çarşı Cafe,,Kadıköy,Mescid-i Sok. No: 9/A,0
553,Teras Cafe,,Kadıköy,Mühürdar Cad. No: 10/1,0
554,Aum Pasta & Cafe,,Kadıköy,Çolak İsmail Sok. No: 11/A,0
555,Caramelle Cafe,,Kadıköy,Serasker Cad. Ziyabey Sok. No: 7/B,0
556,Coffee Shop Company,,Kadıköy,Bağdat Cad. No: 298/B,0
557,İrem Cafe,,Kadıköy,Poyraz Sok. No: 4/B,0
558,Simit City,,Kadıköy,Fahrettin Kerim Gökay Cad. No: 90/A,0
559,Orta Kahve,,Kadıköy,Mühürdar Cad. No: 23/A,0
560,Cafe İstanbul,,Kadıköy,Miralay Nazım Sok.,0
561,Harman Cafe,,Kadıköy,Poyraz Sok. No: 5/1,0
562,Ribelle Pub Cafe,,Kadıköy,Muhttin Üstündağ Cad. No 43/A,0
563,Seyirlik Cafe,,Kadıköy,Miralay Nazım Sok.,0
564,Ora Közde Türk Kahvesi,,Kadıköy,Sarraf Ali Sok. No: 22/B,0
565,Ada Cafe,,Kadıköy,Ali Suavi Sok. No: 22/A,0
566,Fazıl Bey'in Türk Kahvesi,,Kadıköy,Bağdat Cad. No: 51/C,0
567,Arzu Cafe,,Kadıköy,Gedikli Sok. No: 1,0
568,Ottoman Cafe,,Kadıköy,Güneşli Bahçe Sok. No: 45,0
569,Gloria Jean's Coffees,,Kadıköy,Sarayardı Cad. Fatih Sok. No: 16/ A-B,0
570,Osmanlı Koleksiyonu Kafe,,Kadıköy,Dumlupınar Sok. No: 11/4,0
571,Lalu Cafe,,Kadıköy,Tütüncü Mehmet Efendi Cad. Nadirağa Sok. No: 10/B,0
572,Aş - Erdi Cafe,,Kadıköy,Salih Omurtak Sok. Direkli Çarşı No: 2/A - 1,0
573,Palmiye Cafe,,Kadıköy,Halitağa Cad. Kıvanç Sok. No: 5/1-2,0
574,Simit Cafe,,Kadıköy,Fahrettin Kerim Gökay Cad. Poyraz Sok. No: 2/1,0
575,Lyrica Cafe Bar,,Kadıköy,Arayıcıbaşı Sok. No: 13,0
576,Mekan Cafe,,Kadıköy,Fahrettin Kerim Gökay Cad. Huzur Apt. No: 106/B,0
577,Moda Nargile Cafe,,Kadıköy,Tuğlacı Emin Bey Sok. No: 5,0
578,Cafe Makara,,Kadıköy,Halitağa Cad. Kıvanç Sok. No: 3,0
579,Tekin Közde Kahve,,Kadıköy,Caferağa Mah. Moda Cad. No: 12/A,0
580,Nargile Dünyası,,Kadıköy,Yasa Cad. Üzerlik Sok. No: 13,0
581,Chokie,,Kadıköy,Feneryolu Gazi Muhtar Paşa Sok. No: 57/D,0
582,Rhiss Cafe,,Kadıköy,Emin Ali Paşa Cad. No: 118,0
583,Kahve & Çay,,Kadıköy,Topağacı Sok. No: 19/1A,0
584,Miss Simit,,Kadıköy,Fahrettin Kerim Gökay Cad. No: 112/A,0
585,Lokalist,,Kadıköy,Prof. Dr. Hulusi Behçet Cad. No: 30/B,0
586,Lokma,,Kadıköy,Şemsettin Günaltay Cad. Ferit Bey Sok. No: 5/A,0
587,Limonlu Kafe,,Kadıköy,Osman Zeki Üngör Sok. No: 15/A2,0
588,Kordelio Moda,,Kadıköy,Ruşenağa Sok. No: 3C,0
589,Özen Cafe & Pide,,Kadıköy,Şehirkahya Sok. No: 15/B,0
590,Café De Kahve,,Kadıköy,Nailbey Sok. No: 35/C,0
591,Delicatessen Fondue,,Kadıköy,Atatürk Cad. No: 63/B-C,0
592,Pamuk Cafe & Restaurant,,Kadıköy,Fahrettin Kerim Gökay Cad. Yonca Apt. No: 259/1B-1,0
593,Elmas Cafe & Sandwich,,Kadıköy,Bahariye Cad. Şair Latifi Sok. No: 2/B,0
594,Hamur İstanbul,,Kadıköy,Fahrettin Kerim Gökay Cad. No: 173/A,0
595,Brooklyn Cafe & Restaurant,,Kadıköy,Fahrettin Kerim Gökay Cad. No: 101/C,0
596,Konak Cafe,,Kadıköy,Halisefendi Sok. No: 12,0
597,Limon Cafe,,Kadıköy,Halitağa Cad. Kıvanç Sok. No: 3/A,0
598,Cafe Umut,,Kadıköy,Halitağa Cad. No: 32 Özlem İş Hanı,0
599,"Ray Cafe, Rasimpaşa",,Kadıköy,Rıhtım Cad. Trengarıyolu Sok. No: 8/1,0
