,0,1,2,3,4
0,Lusso Restaurant Cafe Bowling,,Maltepe,Turgut Özal Bul. No: 183/1,4
1,Mektup Restaurant,,Maltepe,Turgut Özal Bul. No:81 İdealtepe Sahil,4
2,Şato Cafe,,Maltepe,Turgut Özal Bul. No:187,4
3,"Yalı Cafe, Maltepe",,Maltepe,Süreyyapaşa Mevkii Sahil Yolu No:176,4
4,Yörük Çadırı,,Maltepe,Maltepe Sahili (Migros Yanı),0
5,Çamlık Cafe,,Maltepe,Küçükyalı Mah. Turgut Özal Bul. (İBB Park ve Pahçeler Müd. Yanı),4
6,What's Up ?,,Maltepe,Mimar Sinan Cad. Havuzlar Sok. No:13,5
7,Hayal Bahçesi,,Maltepe,Atatürk Cad. No:21,4
8,Saloon Cafe & Restaurant,,Maltepe,Cumhuriyet Cad. No:142 İdealtepe,3
9,Yakamoz Cafe,,Maltepe,Turgut Özal Bul.,0
10,"Kuğu Pastaneleri, Altıntepe",,Maltepe,Bağdat Cad. No:67 Altıntepe,0
11,Yavuz Pastane & Cafe,,Maltepe,Mektep Cad. No: 1/2,0
12,Ada Manolya Pastanesi,,Maltepe,Bağdat Cad. Adatepe Sit. No:24/34,0
13,"Serander Nargile Cafe, Kayışdağı",,Maltepe,Kayışdağı Dudullu Yolu No:10 (Yeditepe Üniversitesi Arkası Gold Country İçerisinde),0
14,Bia Cafe & Restaurant,,Maltepe,Krizantem Sok. No: 12/1,3
15,Bemol Pasta Cafe,,Maltepe,Bağdat Cad. No: 226/A,0
16,Tutku Cafe,,Maltepe,Rıhtım Cad.,5
17,Limon Ağacı Cafe  & Restaurant,,Maltepe,Rıhtım Cad. No: 2,0
18,"Krispy Kreme, Carrefoursa Maltepe Park Avm",,Maltepe,Tugay Yolu No: 67,3
19,Cafe Mahallenin Muhtarları,,Maltepe,Beşçeşmeler Sok. No:9-13,3
20,Balıkçıköy Cafe Restaurant,,Maltepe,Beşçeşmeler İmam Ali Sok. No: 1,0
21,Tropicana Cafe & Restaurant,,Maltepe,Bağdat Cad. Erol Atasayan Apt. No: 205/C-E,5
22,Elif Cafe,,Maltepe,Cumhuriyet Cad. No:110,0
23,"Dilek Pasta & Cafe Restaurant, İdealtepe",,Maltepe,Büyükyaka Mevkii İdealtepe Avm Turgut Özal Bul. No:119/B,3
24,Konak Cafe,,Maltepe,Rıhtım Cad. No:13,0
25,Nayla Cafe & Restaurant,,Maltepe,Krizantem Sok. No:1,0
26,Yol Cafe,,Maltepe,Beşçeşmeler Sok. No:16,0
27,Öz ve Öz Gurme,,Maltepe,İstiklal Cad. No:2,5
28,Diar Cafe,,Maltepe,Bağdat Cad. No: 340,5
29,Wonderland,,Maltepe,Bostancı - Maltepe Sahil Yolu (İdealtepe Mevkii),0
30,Anna Cafe & Gurme,,Maltepe,Rıhtım Cad. No:15/1,5
31,Şelale Cafe & Restaurant,,Maltepe,Maltepe Sahil Yolu Rıhtım Cad. No:2,4
32,Moni Patisserie Cafe,,Maltepe,Mareşal Fevzi Çakmak Cad. B1 Blok No:38 Yalı,0
33,Bulvar Fırın,,Maltepe,Bağdat Cad. No: 461,5
34,Burcu Cafe,,Maltepe,Rıhtım Cad. Başaran Sit. B Blok No:10,5
35,Hanımeli Tatlı & Pasta,,Maltepe,Nil Cad. No: 47/7,5
36,Perihan Abla Cafe & Ev Yemekleri,,Maltepe,Özyurt Küçükyalı,5
37,Can Kebap,,Maltepe,Bağdat Cad. Beyza Sok. B-1 Blok No: 56-6/A,5
38,Seyr-i Keyf,,Maltepe,Bağdat Cad. No : 431 / 1(HSBC Karşısı),5
39,Aum Pasta & Cafe,,Maltepe,Adnan Kahveci Bulvarı. No:18,5
40,Karadut Patisserie Cafe,,Maltepe,Bağdat Cad. No: 112/B,0
41,"Barış Büfe, Küçükyalı",,Maltepe,Atatürk Cad. No:6/E Küçükyalı,5
42,Fiskos Cafe,,Maltepe,Küçükyalı Mah. Bağdat Cad. No:151,5
43,"Nuga Pasta & Cafe, Maltepe",,Maltepe,Bağdat Cad. No: 310,3
44,Osmanlı Nargile Cafe,,Maltepe,Küçükyalı Mah. Bağdat Cad. Dumanlar Pasajı No:138,0
45,"Simit Sarayı, Maltepe",,Maltepe,Bağdat Cad. Ercan İşhanı No:104/15,4
46,Mahallenin Muhtarları Cafe,,Maltepe,Mahallenin Muhtarları Cad. Beşçeşmeler Sok. No: 1/A,4
47,Canbaz Cafe & Restaurant,,Maltepe,Yol 6 Sok. Seyrantepe Çarşı No:3-4,0
48,Tiryaki Cafe,,Maltepe,Marmara Cad. No:1,0
49,Düşler Sokağı Cafe & Bar,,Maltepe,Bağdat Cad. Özderici İşhanı No:155/11 (Yapı Kredi Yanı),3
50,Lunch Box,,Maltepe,Tugay Yolu Cad. No: 67,3
51,Titiz,,Maltepe,Bağdat Cad. No: 469,0
52,Dilara Pastaneleri,,Maltepe,Feyzullah Cad. No:82/A Yalı,0
53,Beltur,,Maltepe,Turgut Özal Bul. İdealtepe Sahil Yolu,0
54,Hanedan Nargile,,Maltepe,Mahallenin Muhtarları Sok. No: 13,0
55,"Yurt Kafe, Maltepe Üniversitesi",,Maltepe,Maltepe Ünv. Marmara Eğitim Köyü,0
56,Pembegül Pastanesi,,Maltepe,Kadir Has Cad. No:32/A Tuncay Apt. Küçükyalı(Merkez) Mah.,0
57,Lalezar Cafe,,Maltepe,İmam Ali Sok. No: 15,0
58,ByRAMA Cafe,,Maltepe,Bağdat Cad. 452/B,0
59,Fırın Kafe,,Maltepe,Beşçeşmeler Sok. No: 7,0
60,Çamlik Çay Bahçesi,,Maltepe,Bağdat Cad. Yeni Camii Karşısı,0
61,Esmer Fırın,,Maltepe,İnönü Cad. No: 5/A,0
62,Ford ST Cafe,,Maltepe,Akpınar Mah. Hasan Basri Cad.,0
63,Sakal Cafe & Bar,,Maltepe,Rıhtım Cad. No:1,0
64,Marina Cafe,,Maltepe,"Kucukyali Limani, Turgut Özal Bulvarı",0
65,Antre Brasserie,,Maltepe,Emek Cad. Nar City Konutları D:1,0
66,Kahve Hane,,Maltepe,Maltepe Sahil Yolu Maltepe Spor Tesisleri Yanı,0
67,Laguna Cafe,,Maltepe,Atatürk Cad. No:31/C Yalı,0
68,Bemol Pasta Cafe & Bistro,,Maltepe,"Bağdat Caddesi, Nuray Sokak",0
69,Elif Cafe,,Maltepe,Cumhuriyet Cad. No: 110,0
70,Minor's Cafe & Restaurant,,Maltepe,Eski Bağdat Cad. No:1,0
71,Tiryaki Nargile Cafe,,Maltepe,Bağdat Cad. No:214,0
72,İren Kadınlar Kahvesi,,Maltepe,Plaj Yolu Sok. No:3/1,0
73,Leylim Cafe,,Maltepe,Rıhtım Cad. Sahil Yolu No:11/2,0
74,"Olivia, Maltepe",,Maltepe,Bağdat Cad. No: 321/1,0
75,Cafe Exroom,,Maltepe,Değirmenyolu Cad. Demir Apt. No:1 Altıntepe,0
76,"Arsemia Çiğköfte, Fatih Caddesi",,Maltepe,Fatih Cad. No: 37/a,0
77,Tarihi Ortaköy Kumpircisi,,Maltepe,Bağdat Cad. No:328,0
78,"Keyfi Mangal, Maltepe",,Maltepe,Başıbüyük Yolu Cd. No 54 (Gold Country Park),0
79,Chakra Lounge,,Maltepe,Turgut Özal Blv. No : 185/1,0
80,Nemise Cafe,,Maltepe,Bağdat Cad. Barbaros Hayrettin Sok. No: 6/G,0
81,Saral Pastanesi,,Maltepe,Bağdat Cad. No: 187,0
82,Fincan Dibek Kahvecisi,,Maltepe,Mahallenin Muhtarları Cad. No: 7,0
83,Curcuna,,Maltepe,Rıhtım Cad. No: 17/A,0
84,Altıntepe Nokta Cafe,,Maltepe,Turgut Özal Bul. No: 9,0
85,Çağla Cafe & Fal,,Maltepe,Eski Belediye Sok. No: 2,0
86,Nazım Kültürevi,,Maltepe,No: 14,0
87,Derin Cafe,,Maltepe,Bağdat Cad. No: 20,0
88,Nazar Cafe,,Maltepe,Yarıyol Sok. No: 1,0
89,Cafe Her Dem,,Maltepe,Fırın Sok. No: 3/A,0
90,Dr & Rodi Cafe,,Maltepe,Küçükyalı Cad. Beşçeşmeler Meydanı,0
91,Nokta Cafe,,Maltepe,Fırın Sok. No: 1,0
92,Bist Cafe & Restaurant,,Maltepe,Sahil Yolu Cad. No: 62/A,0
93,Teras Cafe,,Maltepe,Beşçeşmeler Meydanı Sok. No: 5,0
94,Rüya Cafe,,Maltepe,Küçükyalı Cad. Dar Sok. No: 2,0
95,Yaren Cafe,,Maltepe,Mahallenin Muhtarları Cad. No: 35,0
96,Masal Sanat Cafe,,Maltepe,Fırın Sok. No: 8,0
97,"Osmanlı Nargile Cafe, Dumanlar Pasajı",,Maltepe,Küçükyalı Mah. Bağdat Cad. No: 138,0
98,Sokak Maltepe Sanat Kültür Merkezi,,Maltepe,Eski Belediye Sok. No: 9,0
99,Öztat Cafe & Pasta,,Maltepe,Atatürk Cad. No: 71/D,0
100,Yakamoz Cafe,,Maltepe,Maltepe Sahilyolu Deniz Dolgu Alanı Dragos Mevkii No:2,0
101,Mum Cafe & Restaurant,,Maltepe,Sahil Yolu No: 217,0
102,Kahve Diyarı,,Maltepe,Bağdat Cad. No:48 Küçükyalı,0
103,Zero 5 Cafe,,Maltepe,Adnan Kahveci Cad. No:28 Küçükyalı,0
104,"Özsüt, Yaylada Maltepe",,Maltepe,Turgut Özal Bul. Süreyya Paşa Tesisi No:195,0
105,"Sera Kahve, Maltepe Üniversitesi",,Maltepe,Maltepe Üniversitesi Maltepe Eğitim Köyü,0
106,Tesadüf Cafe,,Maltepe,Bağdat Cad. İdeal Tepe,0
107,Cafe F,,Maltepe,İdealtepe Sahil Yolu No:136,0
108,Special Cafe,,Maltepe,Bağdat Cad. No:191 Fikir Apt. Dük:4,0
109,İnci Cafe,,Maltepe,Maltepe Spor Tesisleri Sahil Yolu Migros Yanı Maltepe,0
110,Pınar Cafe,,Maltepe,Bülbül Sok No:5,0
