,0,1,2,3,4
0,Telefon Cafe,,Merkez,Kayserili Ahmet Paşa Cad. Park Apt. No:24/A,5
1,Han Kahvesi,,Merkez,Fetvane Sok. Yalı Hanı No:28,4
2,Donanma Aile Çay Bahçesi,,Merkez,Yalı Cad. No:15-33,0
3,Assos Cafe & Bar,,Merkez,Kayserili Ahmet Paşa Cad. No:27/A,0
4,Cafe Notte,,Merkez,Kayserili Ahmet Paşa Cad. No:40,0
5,Benzin Cafe Bar,,Merkez,Eskibalıkhane Sok. No:11/1,4
6,Öküz Kültür Cafe & Bar,,Merkez,Fetvane Sok. No:17 (Barlar Sokağı),0
7,Kahveci Kafe,,Merkez,Çarşı Cad.,0
8,Sahil Cafe,,Merkez,Kayserili Ahmet Paşa Cad.,4
9,Troia Balik Cafe Bar,,Merkez,Yeni Kordon-1 Sok. No:7,5
10,Boğaz Cafe,,Merkez,Kayserili Ahmet Paşa Cad.,0
11,Tenedos Cafe,,Merkez,Eski Balıkhane Yolu Elmas Apt. No:18/A,0
12,Corridor Cafe & Bar,,Merkez,Fetvane Sok. Yalı Hanı Kat 2,0
13,Big Yellow Taxi Benzin Cafe,,Merkez,Eski Balıkhane Sok. No:11/1,0
