,0,1,2,3,4
0,Cafe Zeytin,,Urla,Mareşal Fevzi Çakmak Bul.,0
1,Urla Aren Beach,,Urla,Yalı Cad. No:18 Çeşmealtı,4
2,Panorama Restaurant,,Urla,Güvendik Tepesi 261 Sok. No:8,5
3,Nebioglu Cafe,,Urla,Yalı Cad. Çeşmealtı Camii Yanı,0
4,Buse Cafe Restaurant,,Urla,Şehit Kemal Cad. No:55,0
5,Çardak Cafe,,Urla,İskele Sok. No. 1,0
6,Messt Cafe,,Urla,Denizli Cad. No:40,0
7,Barba Kafe,,Urla,Denizli Sok. No:21,0
8,Tepe Kahve 2001,,Urla,Zeytinler Otoban Çıkışı No:30 Uzunkuyu Köyü,0
9,Mavi Boncuk Cafe,,Urla,12014 Sok. No:1 Gülbahçe,0
10,Urla Köyce,,Urla,"İskele Mahallesi, 2018 Sokak, No 47",0
11,Malgaca Cafe,,Urla,Zafer Cad. No: 49,0
12,"Kahve Diyarı, Urla",,Urla,Kazımkarabekir Mah. Baratalı Bul. No:40/40,0
13,Çuha Bahçe,,Urla,2025/1 sk No:4,0
14,Arsedo Kafeterya,,Urla,Yalı Cad. No: 193/A,0
