,0,1,2,3,4
0,1001 Sanat,,Bahçelievler,Talatpaşa Cad. No: 26/1,4
1,Cafe Biyer,,Bahçelievler,Çavuşpaşa Cad. Hülya Sok. No: 10,4
2,Lovely Cafe,,Bahçelievler,Adnan Kahveci Bul. No: 97,2
3,N10 Cafe,,Bahçelievler,Adnan Kahveci Bul.(Eski Londra Asfaltı) No:73/24,0
4,Caferesso,,Bahçelievler,Naci Kasım Cad. Baran Sit. A-1 Blok No: 33/C,0
5,"Ömür Teras Cafe & Bar, Ömür Plaza Avm",,Bahçelievler,Ömür Sok.,5
6,"Faruk Güllüoğlu, Yayla",,Bahçelievler,Adnan Kahveci Bul. No: 64,3
7,Gazelle Cafe,,Bahçelievler,Bağcılar Cad. No:61,2
8,Kimene Cafe,,Bahçelievler,Seyhan Sok. No:1,0
9,"Aslı Börek, Bahçelievler",,Bahçelievler,Ferit Selim Paşa Cad. No:6,1
10,12.Cadde Cafe,,Bahçelievler,Talatpaşa Cad. No:39/1 Yayla,0
11,Şehzade Cafe,,Bahçelievler,Mehmet Nesih Özmen Mah. Poyrazlı Sok.,0
12,Arkabahçe Cafe,,Bahçelievler,İzzettin Çalışlar Cad. No:1,0
13,Vivasis Cafe,,Bahçelievler,Adnan Kahveci Bul. No:91/C,1
14,Neria Cafe & Restaurant,,Bahçelievler,Eski Londra Asfaltı Adnan Kahveci Bul. No: 133/1,1
15,Gündoğdu Cafe,,Bahçelievler,Çavuşpaşa Cad. No: 31,0
16,"Kahve Dünyası, Starcity Avm",,Bahçelievler,Yenibosna Merkez Mah. Kavak Sok. No: 2 Kat: 2,0
17,Pabuch Cafe & Bistro,,Bahçelievler,"Soğanlı Mah, Bağcılar Cad, No 45/1.",0
18,"Krispy Kreme, Star City Outlet",,Bahçelievler,Star City Outlet C Kapısı,0
19,Alaturka Garden Cafe,,Bahçelievler,Adnan Kahveci Bul. No:79,4
20,My Bistro Cafe,,Bahçelievler,Toplu Yapi Sit. Saklivadi Evleri Çayır Sok. No:12,5
21,"Simit Sarayı, Ömür Plaza",,Bahçelievler,İncirli Kavşak,0
22,Divina Cafe & Restaurant,,Bahçelievler,İzzettin Çalışlar Cad. No: 53,4
23,Pes Cafe,,Bahçelievler,Adnan Kahveci Bul. No:127,0
24,Keyfinbilir Cafe,,Bahçelievler,Nil Sok. No:11 Şirinevler,0
25,Bigel Cafe,,Bahçelievler,Adnan Kahveci Bul. Eski Londra Asfaltı No:76/B Yayla,5
26,Marmara Cafeterya,,Bahçelievler,Hareket Ordusu Sok. No:2 (Marmara Üniversite Önü),4
27,La Defne Cafe,,Bahçelievler,Şirinevler Meydanı Meriç Sok. No:19/A,4
28,Yörem Cafe & Nargile,,Bahçelievler,Talatpaşa Cad. Hareket Ordusu Sok. No:20,0
29,Hababam Kahvesi,,Bahçelievler,Adnan Kahveci Bul. (Eski Londra Asfaltı) No:67,0
30,Etiler Keyifff Cafe,,Bahçelievler,Mareşal Fevzi Çakmak Cad. No:13,0
31,"Kahve Diyarı, Bahçelievler",,Bahçelievler,Adnan Kahveci Bul. No: 99,5
32,Kocatepe Cafe & Restaurant,,Bahçelievler,Meydan Merter (Real) Alışveriş Merkezi Eski Londra Asfaltı No: 5 Mağaza No: 21 ,5
33,Cafe Lounge 34,,Bahçelievler,Adnan Kahveci Blv. No:91/A,5
34,"Douwe Egberts Coffee, Bahçelievler Mah.",,Bahçelievler,Naci Kasım Sok. Baran Sit. A1 Blok No: 33/A,5
35,Umursan Cafe,,Bahçelievler,Yenibosna Merkez Mah. Yıldırım Beyazıt Cad.,5
36,Ehl-i Keyf Cafe,,Bahçelievler,Mahmutbey Cad. İncesu Sok. No:22,0
37,"İn Bakery Cafe, Koçtaş Yenibosna",,Bahçelievler,,0
38,Cafe Day's,,Bahçelievler,Sümbül Sok. No:29 Yenibosna,0
39,Oklava,,Bahçelievler,Yıldırım Beyazıt Cad. No: 20 Yenibosna,0
40,Özgün Cafe,,Bahçelievler,Hareket Ordusu Sok. No:7/2,0
41,Hot Chocolate,,Bahçelievler,Adnan Kahveci Bul. No:50/B,0
42,La Fresco,,Bahçelievler,Mehmetçik Sok. No:7,3
43,Cafe Roma,,Bahçelievler,"Şirinevler Mah, Mareşal Fevzi Çakmak Cad, 1. Sok, No 4.",0
44,Simitçim,,Bahçelievler,Yıldırım Beyazıt Cad. No:14 D:1 Yenibosna,1
45,Örnek Börek Salonu,,Bahçelievler,Mareşal Fevzi Çakmak Cad. No:8,3
46,"Kahve Dünyası, Starcity Outlet Center",,Bahçelievler,Köyaltı Mevkii Merkez Mah. Değirmenbahçe Cad. Kavak Sok. No:2 (Altınyıldız Fabrikası Karşısı) Yenibosna,0
47,Migros Cafe,,Bahçelievler,Yenibosna Merkez Mah. Değirmenbahçe Cad. No: 12,0
48,Beyzade Cafe Restaurant,,Bahçelievler,Saklıvadi Sok. No:1/A,0
49,Hoss Cafe & Restaurant,,Bahçelievler,Mehmet Nezih Özmen Mah. Emek Sok. No:17,0
50,Beyoğlu Büfe,,Bahçelievler,Çavuşpaşa Köprüyolu Cad. No: 14,0
51,London Cafe,,Bahçelievler,Eski Londra Asfaltı Adnan Kahveci Bul. No:87,0
52,"Kahve Diyarı, Kuyumcukent",,Bahçelievler,Basın Ekspres Yolu 29 Ekim Cad.,0
53,Deep Fish Restaurant,,Bahçelievler,Değirmenbahçe Cad. No: 17A1 / 25-26 Yenibosna,0
54,Arsima Cafe & Restaurant,,Bahçelievler,Mehmetçik Sok. No:06/2,0
55,Kavanoz Cafe,,Bahçelievler,Adnan Kahveci Bul. No:84,0
56,Black Sis Cafe,,Bahçelievler,Siyavuşpaşa Mah Adnan Kahveci Bulvarı. No:83/A,0
57,Kahve Butta,,Bahçelievler,Adnan Kahveci Bul. No:123/B,0
58,"Kahve Deposu, Bahçelievler",,Bahçelievler,Adnan Kahveci Bul. (Eski Londra Asfaltı) No:82,0
59,Lara Cafe,,Bahçelievler,Bağcılar Cad. No: 161/A,0
60,Cafe Karamel,,Bahçelievler,Mehmetçik Sok. No:6/1-A,0
61,Oklava,,Bahçelievler,Barbaros Cad.,0
62,Şans Cafe,,Bahçelievler,Kocasinan Merkez Mah. Mahmutbey Cad. No:363,0
63,Abs Cafe,,Bahçelievler,Hareket Ordusu Sok.,0
64,"Kafe Edo, Star City Avm",,Bahçelievler,Köyaltı Mevkii Merkez Mah. Kavak Sok. No: 2,0
65,"Marmara Çınar Cafe, Marmara Üniversitesi",,Bahçelievler,Ressam Namık İsmail Sok. No:1-A,0
66,Desen Cafe,,Bahçelievler,Sümbül Sok. No:23,0
67,Cafe Avrupa,,Bahçelievler,Köyüm Sok. No:8,0
68,Smyrna Cafe,,Bahçelievler,Adnan Kahveci Bul. No:52/B,0
69,Künefeci Niyo,,Bahçelievler,Adnan Kahveci Bul. No: 46/A,0
70,"Big Mamma's, Bahçelievler",,Bahçelievler,Adnan Kahveci Bul. No: 91,0
71,Beyaz Cafe,,Bahçelievler,Kuyumcukent AVM,0
72,Lavin Simit Cafe,,Bahçelievler,Adnan Kahveci Blv. 50/B,0
73,Cafe Hep Yek,,Bahçelievler,4. Sok. No: 6/A,0
74,Funnhane Cafe Patisserie,,Bahçelievler,Mahmutbey Cad. No: 110,0
75,Kafedo,,Bahçelievler,Değirmendere Cad. Kavak Sok. No: 2,0
76,Şipaooo,,Bahçelievler,Mareşal Fevzi Çakmak Cad. Fırat Sok. No: 11,0
77,Dido Cafe,,Bahçelievler,Bağcılar Cad. No: 79/A,0
78,Derya Cafe Nargile,,Bahçelievler,Mareşal 3. Sok. No: 9/C,0
79,Hanedan Cafe ve Restaurant,,Bahçelievler,Kocasinan Merkez Mah. Malazgirt Cad. No: 43,0
80,Timeless Cafe & Bistro,,Bahçelievler,Şehitler Cad. No: 1,0
81,Cafe De Paris,,Bahçelievler,Mahmutbey Cad. Nil Sok. No: 8/A,0
82,Cafe Şipaooo,,Bahçelievler,Mareşal Fevzi Çakmak Cad. Fırat Sok. No: 11,0
83,Son Osmanlı Nargile Cafe,,Bahçelievler,Fırat Sok. No: 6 Şirinevler,0
84,Noon Street Cafe Restaurant,,Bahçelievler,Naci Kasım Cad. No: 5,0
85,Cafe Mocha,,Bahçelievler,Adnan Kahveci Bul. No: 38/A,0
86,Pinuva Good Cook,,Bahçelievler,Adnan Kahveci Bul. No: 121,0
87,Coffee Yayla,,Bahçelievler,Adnan Kahveci Bul. No: 40,0
88,"Cafe Deniz, Kuyumcukent Avm",,Bahçelievler,Mağaza Bloğu 29 Ekim Cad. Yenibosna Merkez Mah.Giriş Kat,0
89,Cafe Dengi,,Bahçelievler,Mareşal Fevzi Çakmak Cad. Nil Sok. No: 21,0
90,Tutku'm Fırın,,Bahçelievler,Yenibosna Merkez Mah. Atatürk Cad. No: 28,0
91,Misstat,,Bahçelievler,"Zafer Mah, Yıldırım Beyazıt Cad, No 26, Yenibosna,",0
92,Violet Cafe,,Bahçelievler,İzzettin Çalışlar Cad. No: 24/1,0
93,"Big Yellow Taxi Benzin Cafe, Bahçelievler",,Bahçelievler,Adnan Kahveci Bul. No:82 / A,0
94,Emuan Cafe and Club,,Bahçelievler,Yenibosna Merkez Mah. Güneşli Cad. No:6,0
95,Neco Türkü Evi,,Bahçelievler,Bağcılar Cad. No:9/A,0
96,"Loures Patisseria Cafe Restaurant, Abc Plus Plaza",,Bahçelievler,Eski Londra Cad. No:26 Abc Plus Avm,0
97,Seren Cafe & Börek,,Bahçelievler,Adnan Kahveci Bul. No:135/3,0
98,Marlen Cafe,,Bahçelievler,Adnan Kahveci Bul. No:76/B,0
99,"Gaziantepli Habeş Seyidoğlu, Airporthill Yenibosna",,Bahçelievler,Merkez Mah. Değirmenbahçe Sok. Airporthill Sit. No:11 1/2 Yenibosna,0
100,Cafe Londra,,Bahçelievler,Adnan Kahveci Bul. (Eski Londra Asf.) No:87/1,0
101,Kırmızı Cafe,,Bahçelievler,Eski Londra Asfaltı No:91,0
102,Lamal Cafe & Restaurant,,Bahçelievler,İzzettin Çalışlar Cad. No:17/A,0
103,"Finn Cafe, Kadir Has Avm",,Bahçelievler,Mehmetçik Sok. No:1,0
104,Fatih Börek Salonu,,Bahçelievler,Fevziçakmak Mah. Fatih Cad. No:56/1,0
105,Limoni Cafe,,Bahçelievler,Yenibosna Merkez Mah. Sanayi Cad. Çobançeşme,0
106,Potomya Cafe,,Bahçelievler,Mithatpaşa Cad.,0
107,Tadım Büfe Cafe,,Bahçelievler,Bağcılar Cad.,0
108,Pinokyo Cafe,,Bahçelievler,Yenibosna Merkez Mah. Kılıç Sok.,0
