,0,1,2,3,4
0,Balance Cafe,,Konak,Aydın Mah. 4328 Sok. No:19A/A Karabağlar,4
1,"Leman Kültür, Alsancak",,Konak,Kıbrıs Şehitleri Cad. No: 179/E,5
2,"Peximet, Alsancak",,Konak,Yücel Sok. No:7/32,4
3,"Kahve Diyarı, Kordon",,Konak,Atatürk Cad. No:318/A,0
4,Hangover Cafe&Bar,,Konak,1453 Sok. (Gazi Kadınlar Sokağı) No:19,0
5,Pepe Rosso,,Konak,Atatürk Cad. No:202/B Alsancak,0
6,Siesta Cafe,,Konak,Mithatpaşa Cad. No:1132 (Göztepe İskelesinin Karşısında),5
7,Popcorn,,Konak,Atatürk Cad. No:272 Alsancak,0
8,Cafe La Cigale,,Konak,Cumhuriyet Bul. No:152 Farnsız Kültür Merkezi Alsancak,5
9,"Mandolin Cafe, Konak Pier Avm",,Konak,Atatürk Cad. No:19,0
10,"Cafe Reci's, Güzelyalı",,Konak,İnönü Cad. No:1096/A Güzelyalı,0
11,Tyna Pizza Cafe,,Konak,Ali Çetinkaya Bul. No:5 Alsancak,0
12,Sunset Cafe,,Konak,Ali Çetinkaya Bul. No:2/A Alsancak,4
13,"Kafe Pi, Kordon",,Konak,Atatürk Cad. 1. Kordon No:192/B,0
14,"Cafe Swiss, Swiss Büyük Efes Otel",,Konak,Gaziosmanpaşa Bul. No:1 Alsancak (Swiss Büyük Efes Otel),0
15,Arma Kültür Sanat,,Konak,Atatürk Cad. No:312/A Alsancak,0
16,"Kahve Diyarı, Alsancak",,Konak,Ali Çetinkaya Bul. No: 21/A Alsancak,5
17,"Kahveci Ömer Usta, Merkez",,Konak,905. Sok. No:15 (Hisarcamii Arka Kapısı) Kemeraltı,1
18,Hookah Spot,,Konak,Atatürk Cad. No:250/A,0
19,"Kumrucu İzzet, Güzelyalı",,Konak,MithatPaşa Cad. No:1144/1-A Güzelyalı,5
20,Sardunya Cafe&bar,,Konak,Kıbrıs Şehitleri Cad. 1453 Sok. No:12,0
21,Marina Cafe & Patisserie,,Konak,Atatürk Cad. No:94 Pasaport,5
22,Vision Cafe,,Konak,Mithatpaşa Cad. No:1142 Güzelyalı,0
23,Kaos Cafe & Bar,,Konak,1482 Sok. (Muzafer İzgü Sok.) No:20 Alsancak,5
24,Doğa Cafe,,Konak,Kıbrıs Şehitleri Cad. No:60-62 Alsancak,0
25,"Baks Cafe, Kordon",,Konak,Atatürk Cad. No:324 Alsancak,3
26,Buzz 35 Cafe,,Konak,Mithatpaşa Cad. No:1056/B Güzelyalı,2
27,Mercan Cafe,,Konak,Mithat Paşa Cad. No:1116/A,0
28,Big Boss,,Konak,Atatürk Cad. No:280/A Alsancak,0
29,Cafe Melanie,,Konak,Atatürk Cad. No:206/A 1.Kordon Alsancak,0
30,Kahve Bahane,,Konak,Kıbrıs Şehitleri Cad. 1482 Sok. No:22 Alsancak,5
31,Has Kahve Evi,,Konak,Dr. Mustafa Bey Cad. No:5/A Alsancak,2
32,Tea & Pot,,Konak,1379. Sok. No:15/B Alsancak,0
33,Şükrü Bey'in Yeri,,Konak,876 Sok. No:62 Hisarönü,0
34,"Has Kahve Evi, 1. Kordon",,Konak,Atatürk Cad. Teyyare Apt. No:204/B 1. Kordon,0
35,"Kahve Diyarı, İzmir - Hatay",,Konak,İnönü Cad. No:411,5
36,Livia Cafe & Restaurant & Catering,,Konak,Akdeniz Cad. No:5/G Alsancak,3
37,Arka Sokak Cafe,,Konak,Kıbrıs Şehitleri Cad. 1450 Sok. No:12,0
38,Garden Efes Beer Cafe,,Konak,Mustafa Kemal Sahil Bul. No:689 Güzelyalı,4
39,Daisy Cafe,,Konak,Kıbrıs Şehitleri Cad. No:146/C Alsancak,1
40,Cafe Du Fiesta Plus,,Konak,Kıbrıs Şehitleri Cad. 1448. Sok. No:14 Alsancak,0
41,Sisim Cafe,,Konak,Atatürk Cad. No:174/A 1.Kordon Alsancak,0
42,Kandemir Cafe,,Konak,Atatürk Cad. No:8,0
43,Acı Kahve,,Konak,861. Sok. No:35-59,4
44,Cafe Plaza,,Konak,Dr Mustafa Enver Bey Cad. No:3/A Alsancak,0
45,"Has Kahve Evi, Konak Pier Avm",,Konak,Atatürk Cad. No:19,5
46,Lozan Sandwich,,Konak,Vasıf Çınar Bul. No:29/D Alsancak,0
47,Cafe Canteen,,Konak,Dr. Mustafa Bey Cad. No:7/B Alsancak,0
48,"Alin's Cafe & Restaurant, Kıbrıs Şehitleri",,Konak,Kıbrıs Şehitleri Cad. No:55 Alsancak,5
49,Cafe Cookie,,Konak,1462 Sok. No:20 Kıbrısşehitleri Alsancak,4
50,Denizatı Cafe & Bar,,Konak,Atatürk Cad. No:276/B 1. Kordon Alsancak,0
51,"Sanita, Güzelyalı",,Konak,Mustafa Kemal Sahil Bul. No:679,0
52,Doy Doy Cafe,,Konak,Cumhuriyet Bul No:178 Alsancak,4
53,Pupa Cafe,,Konak,Kıbrıs Sehitleri Cad. 1452 Sok.(Can Yücel Sok.) No:16 Alsancak,0
54,"Kahve Durağı, Alsancak",,Konak,Atatürk Cad. No:330/A Alsancak,0
55,Yağmur Cafe & Bar,,Konak,Kıbrıs Şehitleri Cad. 1447. Sok. No:1/D Alsancak,0
56,Taş Plak Cafe,,Konak,(1452 Sok.) Can Yücel Sok. No:2/1 Alsancak,5
57,Kırım Çiğ Börek & Mantı,,Konak,384 Sok. No:30 Bayramyeri,0
58,Antik Cafe,,Konak,İnönü Cad. No:192/D Üçyol,0
59,Alinda Cafe,,Konak,1.Kordon Atatürk Cad. No:208/A Alsancak,4
60,Venezia Cafe,,Konak,Atatürk Cad. No:210/A Alsancak,0
61,"Baks Bakery & Snacks, Konak",,Konak,Cumhuriyet Blv. No:34/A,5
62,Miko Siesta Cafe,,Konak,Can Yücel Sok No: 11/A Alsancak,5
63,Shatilli Cafe Xtra,,Konak,Atatürk Cad. Doğan Apt. No:316/A,0
64,Sevdam Cafe,,Konak,906 Sok. No:18,0
65,Ömerağa Cafe,,Konak,1453. Sok No:3,5
66,Atıştır Cafe,,Konak,Şht. Nevres Bul. No:21/B Alsancak,5
67,Nar Çay & Kahve,,Konak,Kıbrıs Şehitleri Cad. Gönül Yazar Sok. No:3,0
68,Mekkan,,Konak,Atatürk Cad. No:184/B Alsancak,0
69,Sirena,,Konak,Atatürk Cad. No:194,5
70,"Cafe Reci's, Alsancak",,Konak,1382 Sok. No:31/A Alsancak,5
71,Marpuç Cafe,,Konak,900 Sok. No:16 Kemeraltı,0
72,Coffeeco,,Konak,1381. Sok. No:5/C Alsancak,0
73,Efes Cafe & Patisserie,,Konak,1379 Sok. No:19 Alsancak,0
74,"Kahve Dünyası, Swiss Otel",,Konak,Şehit Nevres Bul. No:2,0
75,Calypso Cafe,,Konak,Mithatpaşa Cad. No: 804/1,0
76,Zerdust Cafe & Bar,,Konak,1435. Sok. No:3/C Alsancak,0
77,"Kırmızı Cafe, Dokuz Eylül Üniversitesi",,Konak,Adatepe Mah. Cumhuriyet Bul. DEU Dokuzçeşmeler Kampüsü,0
78,Halis Dibek Kahve,,Konak,902. Sok. No:8,0
79,Nostalji,,Konak,Atatürk Bul. No:42 Pasaport,0
80,Eylül Cafe,,Konak,Cumhuriyet Bul. No:144,0
81,Elhamra Cafe,,Konak,Mithatpaşa Cad. No:1146/D,0
82,Defne Cafe,,Konak,Can Yücel Sok. No:15/B,0
83,Otantik Cafe & Bar,,Konak,1448. Sok. No:31 Alsancak,0
84,Efes Beer House,,Konak,Atatürk Cad. No:184/A 1.Kordon Alsancak,0
85,Simit Keyfi,,Konak,İnönü Cad.,4
86,Sandwich Store,,Konak,Dr. Mustafa Bey Cad. No:1/C Alsancak,0
87,Turunç Cafe,,Konak,Mustafa Bey Cad. 1379. Sok. No:2/F Alsancak,0
88,Mia Cafe,,Konak,Plevne Bul. No:19/F Alsancak,0
89,Maya Cafe Sandwich & More,,Konak,1389 Sok. No:1/C Alsancak,0
90,Kupon Cafe,,Konak,Ali Çetinkaya Bul. No:55/C Alsancak,0
91,Cafe Reci's,,Konak,Cengiz Topel Cad. No:30/1 Aalsancak,5
92,Baks Bakery & Snacks,,Konak,Necati Bey Bul. 1337 Sok. No: 16/A Çankaya,0
93,Down Town,,Konak,Ali Çetinkaya Bul. No:27/A Alsancak,0
94,Shotzy Cafe,,Konak,Atatürk Cad. No:258 / A 1. Kordon Alsancak,5
95,Cafe D'amore,,Konak,1389 Sok. No:1/B,0
96,Cafe Antre,,Konak,Çobanoğlu Zekibey Cad. No:7-C/D/E Kemeraltı,0
97,Cafe Ti,,Konak,1374 Sok. No:18/C (Hilton İzmir Arkası),5
98,"Kahve Mania, Alsancak",,Konak,1464. Sok. Alsancak,0
99,Kodon Cafe & Bar,,Konak,Atatürk Cad. No:266/A-B Alsancak,0
100,"%100 Rest-Cafe & More, Konak Pier Avm",,Konak,Atatürk Cad. No:19,0
101,Mr.Kahvaltı,,Konak,860 Sok. No:14/D Kemeraltı,5
102,Mennan Dondurma & Sütlü Tatlıları,,Konak,899 Sok. No:30/A Hisarönü,5
103,Cafe Bar Bahane,,Konak,1482 Sok. (Muzafer İzgü Sok.) No:24 Alsancak,0
104,Cafe de Cafe,,Konak,Gürsel Aksel Bul. No:22/1 Üçkuyular,5
105,Cafe Derinn,,Konak,Halide Edip Adıvar Cad. No:47 Üçyol,5
106,Cafe Brownie,,Konak,1379 Sok. No:57/1 A Blok,0
107,Melisa Cafe & Waffle,,Konak,1444 (İrfan Boyuer) Sok. No:18/B-C Alsancak,5
108,Sake Cafe & Bar,,Konak,Atatürk Cad. 1.Kordon,5
109,"Kahve Diyarı, Çankaya",,Konak,Gaziosmanpaşa Bul. No:28,5
110,Cafe Moyen,,Konak,Atatürk Cad. No:186/2,5
111,Pıer Mandolın Cafe,,Konak,Mustafa Kemal Sahil Bul.,5
112,Neden Kumru,,Konak,Ziya Gokalp Bul. No:13/B Alsancak,5
113,Osteria Cafe & Restaurant,,Konak,1447 Sok. No:6/C Alsancak,5
114,Bonjour Patisserie,,Konak,Mustafabey Cad. No:13/A Alsancak,5
115,"Cafe Swiss, Swissotel Grand Efes",,Konak,Gaziosmanpaşa Bul. No:1,0
116,Cafe Atmosphere,,Konak,324 Sok. No:7/A,1
117,Birabeer,,Konak,Halil Rıfat Paşa Cad. SSK İş Hanı No:7,0
118,Teras Cafe,,Konak,Şehit Nihat Bey Cad. No:76/A Karataş,0
119,Marjinal Cafe,,Konak,Mithatpaşa Cad. No:958 (Muzom Restaurant),0
120,Sir Winston Tea House,,Konak,Dr. Mustafa Bey Cad. No:20/C Alsancak,0
121,Mola Cafe,,Konak,Fevzi Paşa Bul. No:120/B Küçükyalı,0
122,Samis Cafe,,Konak,1. Kordon Atatürk Cad. No:218 Alsancak,0
123,"Baca Bakery Cafe, Gıda Çarşısı",,Konak,1203/2 Sok. No: 27,0
124,Cine Cafe,,Konak,1379. Sok. No:57/B Alsancak- Sevgiyolu,0
125,Çarşı Cafe,,Konak,Anafartalar Cad. No:35 Kemeraltı,0
126,"Gönül Kahvesi, Kordon",,Konak,Atatürk Cad. No:252 (1. Kordon) Alsancak,0
127,13 Cafe Bar,,Konak,Kıbrıs Şehitleri Cad. Muzaffer İzgü Sok. No:13 Alsancak,0
128,Caffe Perfetto,,Konak,Atatürk Cad. No:190/1 Alsancak,2
129,Asmaaltı Cafe,,Konak,Kıbrıs Şehitleri Cad. 1453 Sok. No:26/A,0
130,"Rıhtım Restaurant Cafe & Bar, Konak Pier Avm",,Konak,Atatürk Cad. No:19,0
131,"Baks Bakery & Snacks, Kıbrıs Şehitleri",,Konak,Kıbrıs Şehitleri No:157 Alsancak,0
132,Çaycı Cafe,,Konak,1442. Sok. No:41/B Alsancak,0
133,Mart Cafe,,Konak,Mithatpaşa Cad. No:1092 Güzelyalı,0
134,Sir Winston Tea House,,Konak,Şht. Nevres Bul. No:2 Alsancak,0
135,"Baks Bakery & Snacks, Gıda Çarşısı",,Konak,1203 sok. 5D Remzi Bey İş Merkezi,0
136,Cafe Plaza La Bodega,,Konak,Dr. Mustafa Bey Cad. No:3/A Alsancak,0
137,Kalamış Cafe,,Konak,Atatürk Cad. No:150/A Pasaport,0
138,Ionia Cafe,,Konak,Kıbrıs Şehitleri Cad. 1452 Sok. No:13 Z/2 Alsancak,0
139,Beyaz Cafe-Bar & Restaurant,,Konak,Can Yücel Sok. (1452 Sok.) No:4 Alsancak,0
140,İzmir Sanat Cafe,,Konak,26 Ağustos Kapısı Fuar İçi,0
141,"Cafe Line, Alsancak",,Konak,Atatürk Cad. No: 254/A 1. Kordon,0
142,Cafe Mocha,,Konak,Bahçelievler Mah. İnönü Cad. No:185-4/B,0
143,Linn Cafe & Bar,,Konak,Mithatpaşa Cad. No:1172/B Güzelyalı,0
144,Kardelen Cafe,,Konak,Göksu Mah. 679. Sok. No:4-8,0
145,Flu Cafe,,Konak,Mithatpaşa Cad. No:1146/1A Güzelyalı,0
146,Maya Cafe,,Konak,1389 Sok. No:1/C Alsancak,0
147,Titizel Cafe & Restaurant,,Konak,Necati Bey Bul. No:5/6 Çankaya,0
148,Kün Design Cafe,,Konak,Mithatpaşa Cad. No: 332/C Karataş,0
149,Çatlıcan Cafe,,Konak,Ziya Gökalp Bul. No:12/C,0
150,İskele Algida Cafe,,Konak,Atatürk Cad. No:326 Alsancak,0
151,Cilveli Kahve,,Konak,Mustafa Kemal Sahil Bul. NO:349/C,0
152,Deep Cafe,,Konak,Ssk Tesisleri D:P31,0
153,Ömür Cafe,,Konak,Cumhuriyet Bul. No:24/C,0
154,Güzelim Cafe,,Konak,Konak SSK Binaları C Blok No:Z-10,0
155,Dido Cafe,,Konak,1448. Sok. No:5 Alsancak,0
156,Şamdan Cafe,,Konak,Atatürk Cad. No:192-C Alsancak,0
157,Köffte' CM,,Konak,Kıbrıs Şehitleri Cad. 1440 Sok. No:5/B,0
158,Mekan Cafe,,Konak,1462 Sok. No:6/B,0
159,Stafilina,,Konak,1453 Sok. No:8/A,0
160,Sokak Cafe,,Konak,İrfan Boyuer Sok. No:11/B Kıbrıs Şehitleri Alsancak,0
161,Pasaport Cafe,,Konak,Atatürk Cad. No:140 Pasaport,0
162,Domat Cafe,,Konak,Ziya Gökalp Bul. No:12/B Alsancak,0
163,Miss Gain Cafe & Bar,,Konak,1452 Sok. (Can Yücel Sok.) No:162 Alsancak,0
164,"Salzburg Cafe, Ege Palas Business Hotel",,Konak,Cumhuriyet Bul. No:210,0
165,Telvin Cafe,,Konak,1462 Sok. No:6/B Alsancak,0
166,Art Cafe,,Konak,Plevne Bul. No:36/D,0
167,Bornova Alaçatı Sakızlı Kahve,,Konak,Kazım Dirik Mah. Süvari Cad. No:15/B Bornova,0
168,Tetik Cafe,,Konak,Ahmetağa Mah. Cumhuriyet Bul. Konak İş Merkezi K:Zemin,0
169,Dudi Cafe,,Konak,İnönü Cad. No:610/A (Denizmen Durağı) Üçkuyular,0
170,Address,,Konak,Atatürk Cad. No:282/A,0
171,Pit- Stop Cafe & Bar,,Konak,Ali Çetinkaya Bul. No:2/C Alsancak,0
172,"Solfej Kafe & D&R Store, Ahmet Adnan Saygun Sanat Merkezi",,Konak,Mithatpaşa Cad. No:1087 Güzelyalı,0
173,Turşu,,Konak,Gazi Kadınlar Sok.,0
174,Pofuduk,,Konak,Mithatpaşa Cad. 78. Sok.,0
175,Fesleğen Cafe & Restaurant,,Konak,İsmet Kaptan Mah. Hürriyet Bul. 1374. Sok. No:22,0
176,Aluppa Cafe,,Konak,Kınrıs Şehitleri Cad. İrfan Boyuer 1444 Sok. No:11/B Alsancak,0
177,"juice Planet, Çankaya",,Konak,1379 Sok. No:61 Çankaya,0
178,Palmiye Cafe,,Konak,1379. Sok. No:57/B Alsancak,0
179,By Marco,,Konak,Atatürk Cad. No:202/B Alsancak,0
180,Despina Cafe & Bar,,Konak,Atatürk Cad. No:286/A Alsancak,0
181,Caffe'il Porto,,Konak,Atatürk Cad. No:374/A Alsancak,0
182,"Cafe Port, Merkez",,Konak,İslam Kerimov Cad. Sunucu Plaza A Blok No:18/D,0
183,La Querida Restaurant,,Konak,Ali Çetinkaya Bul. Talatpaşa Cad. 1391. Sok.,0
184,Bella Vista,,Konak,Atatürk Cad. No:346/A Alsancak,0
185,Şurup Cafe,,Konak,54 Sok. No: 3/C,0
186,Cafe Infinity,,Konak,Atatürk Cad. No:252 Kordon,0
187,Lezzat Cafe & Restaurant,,Konak,Akdeniz Cad. No: 8 / H Pasaport,0
188,La Vie En Rose Aksesuar & Cafe,,Konak,Mithatpaşa Cd. Göztepe Mh. No. 842/A,0
189,Waffle Home Cafe,,Konak,234 Sok. No:4/C Hatay,0
190,Cafe Dia,,Konak,1. Kordon Atatürk Müzesi Yanı Alsancak,0
191,Kahveden Cafe,,Konak,Kıbrıs Şehitleri Cad. No:98/B Alsancak,0
192,Kahve Diyarı,,Konak,Mimar Sinan Cad. No:23 Büyüktürkoğlu Binası,0
193,"Kahve Diyarı, Üçkuyular",,Konak,İnönü Cad. No: 668/A,0
194,Mc Bubbles,,Konak,Cumhuriyet Bul. No:196/A Alsancak,0
195,Bisquitte Cafe,,Konak,Atatürk Cad. No:310/A Alsancak,0
196,Burqers,,Konak,Ali Çetinkaya Bul. No:12 Alsancak,0
197,Cafe Bar Bahane Alsancak,,Konak,1482 Sok. No:24 Alsancak,0
198,Haskahve Evi,,Konak,Dr. Mustafa Enver Bey Cad. Onur Apt. No:15/B Alsancak,0
199,"Kahveci Ömer Usta, Şube",,Konak,863 Sok. No:75 Kemeraltı,0
200,Cafe Joy,,Konak,1434 Sok. No:2/B,0
201,Cafe De Bugün,,Konak,Atatürk Cad. No:162 D:1-2 Pasaport,0
202,Cafe Pandora,,Konak,Hürriyet Bulv. Tezol İş Hanı No:5/A Küçükyalı,0
203,Opera Cafe,,Konak,SSk Tesisleri B Blok D:Z03-04,0
204,72 Cafe Bistro,,Konak,Talatpaşa Bul. No:10/B,0
205,Demirhindi Osmanlı Kahvesi,,Konak,Kordonboyu Atatürk Cad. No:216/A Alsancak,0
206,Rozette Cafe & Restaurant,,Konak,1442 Sok. Tesisat İş Merkezi No:1 Yenişehir,0
207,Cafe Tuana,,Konak,1456 Sok. No:23 Alsancak,0
208,Cafe Eski Usül,,Konak,1435. Sok. No:2/B Alsancak,0
209,Egeden Fesleğen Cafe & Restaurant,,Konak,Hürriyet Bul. No: 1/A,0
210,Aşk Cafe,,Konak,902 Sok. No:52 Kemeraltı,0
211,"Breeze Bar, Mövenpick Hotel - İzmir",,Konak,Cumhuriyet Bul. No:138 Pasaport,0
212,Cafe Du Fiesta,,Konak,1482 Sok. (Muzafer İzgü Sok.) No:2 Alsancak,0
213,Cafe Kaffa,,Konak,1435 Sok. No:3/B Alsancak,0
214,Ege'den Fesleğen Cafe & Restaurant,,Konak,Hürriyet Bul. No:1/A Alsancak,0
215,II. Cup Cafe,,Konak,Atatürk Cad. No:250/A Alsancak,0
216,Nüans Bahane,,Konak,1451. Sok.(Prof. Dr. Nusret H. Fişek Cad.) No:7/A Alsancak,0
217,"Sanat Cafe, Tarihi Havagazı Fabrikası",,Konak,Alsancak Limanı Karşısı,0
218,Turunç Cafe,,Konak,1379. Sok. No:2/F Alsancak,0
219,Bonzai Restaurant & Cafe & Bar,,Konak,Alsancak Liman İçi (Migros Katlı Otopark Karşısı),0
220,Carpe Noctem Cafe & Bar,,Konak,1482. Sok. No:10 Alsancak,0
221,Düşler Yakası Cafe,,Konak,Kıbrıs Şehitleri Cad. 1448. Sok. No:25 Alsancak,0
222,Gülevi Cafe & Bar,,Konak,Kıbrıs Şehitleri Cad. 1453 Sok.(Gazi Kadınlar Sok.) No:14/A Alsancak,0
223,"House 44, Alsancak",,Konak,1381 Sok. No:4/B Alsancak,0
224,Lobby Lounge,,Konak,Gaziosmanpaşa Bul. No:1 Alsancak (Swiss Büyük Efes Otel),0
225,Rizt Cafe & Bar & Restaurant,,Konak,1482 Sok. (Muzafer İzgü Sok.) No:17 Alsancak,0
226,"The Lounge, İzmir Hilton Oteli",,Konak,Gaziosmanpaşa Bul. No:7 (İzmir Hilton Oteli) Çankaya,0
227,Cafe Walk,,Konak,1381. Sok. No:3/B Alsancak,0
228,Cafe Dodici,,Konak,Cumhuriyet Bul No:192/A Alsancak,0
229,Cafe Fiore,,Konak,Mithatpaşa Cad. No:1172/B Güzelyalı,0
230,Çıtırık Patiserrie,,Konak,Kıbrıs Şehitleri Cad. No:159,0
231,Alsancak Tuana Cafe,,Konak,Gündoğdu Meydanı Cumhuriyet Bul. No:198/1,0
232,Cafe Afife,,Konak,Kıbrıs Sehitleri Cad. 1453 Sok. 14/B Alsancak,0
233,Pandora Cafe,,Konak,Cumhuriyet Bul. No:198/1 Alsancak,0
234,Micasa,,Konak,1388. Sok. No:10/A Alsancak,0
235,"Baca Bakery Cafe, Alsancak",,Konak,1374 Sok. No: 8,0
236,Konak Cafe & Restaurant,,Konak,Cumhuriyet Blv. No: 24 / A,0
237,Amore Caffe,,Konak,1389 Sok. No: 13/1,0
238,Resital Sanat Merkezi,,Konak,Cumhuriyet Bulvarı No:263/A (Ege Palas Oteli İlerisi),0
239,Cafe Cups,,Konak,1382 Sok. No:34/1,0
240,Lonca Cafe,,Konak,1203/7 Sok. No:2/M,0
