,0,1,2,3,4
0,"Gönül Kahvesi, Kale Outlet Center",,Güngören,Eski Londra Asfaltı No:89 (Mehmet Akif Kavşağı Yanı) Kale Outlet Center K:3,0
1,"Mado, Kale Outlet Center",,Güngören,Eski Londra Asfaltı No:89 (Mehmet Akif Kavşağı Yanı) Kale Outlet Center K:3,0
2,"Seçil Cafe & Restaurant, Merter",,Güngören,General Ali Rıza Gürcan Cad. Merter İş Merkezi No:2/19 Merter,5
3,Şehrigül Cafe & Restaurant,,Güngören,Davutpaşa Cad. No:20 (Çinçin Dere Yolu İncirlik Bahçe İlköğretim Okulu Yanı),4
4,Favori Cafe & Restaurant,,Güngören,Ali Rıza Gürcan Cad. Çırpıcı Yolu Meridyen İş Merkezi No:241/C K:6 Merter,0
5,Tony's Cafe Ytu,,Güngören,Davutpaşa (YTÜ Davutpaşa Kampüsü),0
6,Yeşim Pasta & Cafe,,Güngören,Posta Cad. No: 97/A,0
7,Cafe Mola,,Güngören,Mareşal Fevzi Çakmak Mah. Soğanlı Cad. No: 5/A,0
8,Er Ruha Cafe,,Güngören,Mareşal Fevzi Çakmak Mah. Soğanlı Cad. Cümbüş Sok. No: 2,0
9,Hamsili Cafe & Patisserie,,Güngören,Mehmet Nesih Özmen Mah. Çam Sok. No: 5/8 Merter,0
10,İslamoğlu,,Güngören,Marmara Cad. No: 30/14,0
11,Royal City,,Güngören,Fatih Cad. Limon Sok. No: 4 Merter,0
12,Marka Fast Food & Cafe,,Güngören,Mareşal Fevzi Çakmak Mah. Abdi İpekçi Cad. No: 91,0
13,Seren Börek Salonu,,Güngören,Fatih Cad. Keresteciler Sit. No:41 Merter,0
14,"Kahve Dükkanı, Kale Outlet Center",,Güngören,No: 6 K: 3,0
15,"Doy Doy Cafe, Güngören",,Güngören,Tevfik Fikret Sok. No:29,0
16,Şen Börek Salonu,,Güngören,Soğanlı Cad. No:18,0
17,El Brüs Cafe Bar,,Güngören,Eski Londra Asfaltı No:15 Kat:2,0
