,0,1,2,3,4
0,Cafe Kule,,Osmangazi,Merinos Cad. Atatürk Kongre ve Kültür Merkezi Yanı( Merinos Parkı İçi) Merinos Parkı,5
1,Caffe Siesta,,Osmangazi,Cevizli Sok. No:55 Kükürtlü,4
2,Seyr-ü Sefa,,Osmangazi,Uludağ Yolu 5. Km No:214,4
3,"Kahve Dünyası, Bursa",,Osmangazi,No:2,0
4,Gren Cafe & Restaurant,,Osmangazi,Sakarya Cad. Arapşükrü Sok. No:46,0
5,"Testa Rossa Cafe, Anatolium Avm",,Osmangazi,Alaşar Mah. Yeni Yalova Cad. No:487,4
6,Kahvebeyaz,,Osmangazi,Anadolu Cad No:1 Mudanya Yolu Girişi,0
7,Cafe Mık,,Osmangazi,Sakarya Cad. No:40,0
8,Capella Cafe,,Osmangazi,Bozkurt Cad. No:27 (Osmangazi Kaymakamlığı Arkası) Altıparmak,5
9,Mavi Yel Cafe,,Osmangazi,Haşim İşcan Cad. Tuğsa İş Mer. Sit. No:13,0
10,Orman Cafe & Çay Bahçesi,,Osmangazi,Kültür Park Çekirge Girişi,0
11,Dere Cafe,,Osmangazi,Selcuk Hatun Sok. No:28,5
12,Meşhur Tostçu Ali,,Osmangazi,7. Çilek Sok.,3
13,Saklıkent Cafe,,Osmangazi,Dağyolu 3.Km No:249,4
14,Çırağan Cafe,,Osmangazi,Çekirge Cad. Süleyman Çelebi Parkı İçi No:155,0
15,Bıçaksız Restoran,,Osmangazi,3.Nilüfer Cad. No: 102,5
16,Cafe Bab's,,Osmangazi,Taşkapı Sok. Sabuniş Apt.No:8,4
17,"Tchibo, Kent Meydanı Avm",,Osmangazi,Kıbrıs Şehitleri Cad. No:145,0
18,"Jacobs Terassen Cafe, As Merkez Avm",,Osmangazi,Yeni Yalova Yolu 9.Km No:214 K:2,0
19,Bendensin Cafe,,Osmangazi,Atatürk Cad. (Prestije Sineması Karşısı),4
20,Meridyen Cafe,,Osmangazi,Keresteciler Sok. No:7,3
21,Bursa Sortie Cafe,,Osmangazi,Atatürk Cad. Uluca Pasaj No:77 K:4,2
22,Aşıklar Kahvesi,,Osmangazi,Uludağ Cad. No:28,0
23,"Kat 3 & Malt, Kent Meydanı Avm",,Osmangazi,Kıbrıs Şehitleri Cad. No:64,0
24,"Cafe Keyf, Bursa",,Osmangazi,Sakarya Cad. No:77/3,0
25,"Kahve Dükkanı, Anatolium Avm",,Osmangazi,Alaşar Mah. Yeni Yalova Cad. No:487,0
26,Yeşil Vadi,,Osmangazi,Uludağ Yolu İnkaya Köyü Mah. Harmanlar Bölgesi 4 Km.,0
27,"Vitamin Cafe, Form Back Yaşam Merkezi",,Osmangazi,Kanal Cad. Derince Sok. No:2-4-6 Dikkaldırım,0
28,Cafe Siesta,,Osmangazi,Nalbantoğlu Çarşısı Heykel,0
29,"Kumpirjim Salata, Kent Meydanı Avm",,Osmangazi,Kıbrıs Şehitleri Cad. No:64,0
30,Türkü Tadı Türkü Evi,,Osmangazi,Çekirge Cad. No:69,0
31,"Ice Cafe, Korupark Avm",,Osmangazi,Mudanya Yolu Üzeri 9. Km Mudanya Bul. No:2,0
32,Göl Cafe & Restaurant,,Osmangazi,Kültür Park İçi,0
33,Cellat Çeşmesi,,Osmangazi,Altıparmak Mah Bozkurt Cad No :23,0
34,English Cafe,,Osmangazi,Hamzabey Cad. No:106,0
35,Kule Cafe & Restaurant 360 Derece,,Osmangazi,Merinos Cad. (Atatürk Kongre ve Kültür Merkezi Yanı-Merinos Parkı İçi),0
36,Chies Fastfood,,Osmangazi,Hoca Ali Zade Mah.Eceler Sok.No:2,0
37,Facefood Waffle,,Osmangazi,"Yan Sok. Apolyont Han. (Zafer Plaza Yanı, YKM sağ Çaprazı)",0
38,Şehr-i Bursa Cafe ve Çay Bahçesi,,Osmangazi,Uludağ Yolu Yiğitali Köyü Mevkii No:1,0
39,Love Ash,,Osmangazi,Koru Sok. No:1/A,0
40,Çınar Cafe,,Osmangazi,Kutucular Sok.,0
41,Piano Cafe,,Osmangazi,Kükürtlü Cad.,0
42,Kahvealtı,,Osmangazi,Apolyont Han No:3/194,0
