,0,1,2,3,4
0,"Robert's Coffee, Olivium Outlet Center",,Zeytinburnu,Prof. Dr. Muammer Aksoy Cad. No:1/1,4
1,Manastır Cafe ve Restaurant,,Zeytinburnu,Silivri Kapı Yolu Sok. No:6,1
2,My Bread,,Zeytinburnu,Mevlana Cad. Topkapı Merkez Evleri No:94/A-C,5
3,Sur Restaurant Cafe,,Zeytinburnu,Belgrad Kapı Yolu No:7,4
4,Balkon Cafe,,Zeytinburnu,58. Bul.,0
5,"Cafe Crown, Olivium Outlet Center",,Zeytinburnu,Prof. Muammer Aksoy Cad. No:1/1,5
6,Saray Cafe,,Zeytinburnu,58. Bul. Cad. No:149,0
7,My Bread Cafe & Restaurant,,Zeytinburnu,Merkez Efendi Mah. Mevlana Cad. Topkapı Merkez Evleri No:94/A-C 34015 Cevizlibağ,5
8,Anıl Börek Salonu,,Zeytinburnu,Prof. Dr. Turan Güneş Cad.,5
9,Bakırköy Pasta Cafe,,Zeytinburnu,Merv Cad. No:60-68,5
10,"My Bread, Zeytinburnu",,Zeytinburnu,Mevlana Cad. Topkapı Merkez Evleri No:94/A-C,4
11,Gökyüzü Kahvaltı Tatlı Cafe,,Zeytinburnu,Gümüşsuyu Cad.,4
12,Eos Cafe,,Zeytinburnu,Prof. Dr. Turan Güneş Cad. Denizatı Kent Sitesi,0
13,Moonstar,,Zeytinburnu,Londra Asfaltı Cad. No:32/1 Avrupa konutları,0
14,"Kahve Deposu, Zeytinburnu",,Zeytinburnu,"The İstanbul Veliefendi Konutları, Prof. Dr. Turan Güneş Caddesi, Ön Girişi Yanı No:57/29, 34025",0
15,A1 Cafe,,Zeytinburnu,Beşkardeşler Sok.,0
16,Çotanak Cafe ve Kahvaltı Salonu,,Zeytinburnu,Beş Telsiz Mah. G-1. Sok,0
17,Sakallı,,Zeytinburnu,109. Sok. No: 1,0
18,Moonlight Cafe,,Zeytinburnu,Mevlana Cad. Kiptaş 2.Etap No: 92/F,0
19,Gürpınar,,Zeytinburnu,Hoca Ahmet Yesevi Cad. No: 108,0
20,Balkon Cafe,,Zeytinburnu,Mevlana Cad. No: 94B/A,0
21,Umut Cafe,,Zeytinburnu,72. Sok. No: 21A,0
22,Bacaksız Cafe,,Zeytinburnu,Demirciler Sit. 8. Cad. Galaksi A Blok D:75-77,0
23,Aura Cafe,,Zeytinburnu,48. Sok. No:33/B,0
24,Kayra Cafe,,Zeytinburnu,Papatya Sok.,0
25,Lezzethan Baklava Börek,,Zeytinburnu,Yeni Çiftlik Cad. No:36,0
26,Yılmazlar Cafeterya,,Zeytinburnu,Yıldız Sok. No:4,0
27,Bacaksız Cafeteria,,Zeytinburnu,Demirciler 8. Yol,0
28,Dalyan Cafe,,Zeytinburnu,58. Bul No:112,0
29,Koçira Kafeterya,,Zeytinburnu,Hastane Yolu Sok. No:3,0
