,0,1,2,3,4
0,Hisarönü Barlar Sokağı,,Fethiye,Cumhuriyet Cad. Ölüdeniz,0
1,Timeout Bar,,Fethiye,Ölüdeniz Beldesi () Cumhuriyet Cad.,0
2,Cafe Bahane,,Fethiye,1054 Sok. No: 86/ D Çalış Plajı,0
3,Deep Blue Bar,,Fethiye,27 Hamam Sok. Paspatur,0
4,Mango,,Fethiye,Cumhuriyet Mah. Hamam Sok. No:29,0
5,4 Corner,,Fethiye,Cumhuriyet Mah.Atatürk Cad. No:4 Kat:1,0
6,Cloud 9 Restaurant &  Bar,,Fethiye,Çarşı Cad. No:2 Ölüdeniz,0
7,"Pasha On The Bay, Hillside Beach Club",,Fethiye,Kalemya Koyu,0
8,Scarlet Bar,,Fethiye,Barış Manço Bul. 996 Sok.,0
9,"Pool Bar, Hillside Beach Club",,Fethiye,Kalemya Koyu,0
10,Help Beach Bar,,Fethiye,Denizpark Cad. Ölüdeniz,0
