,0,1,2,3,4
0,Tren Bar,,Konak,Gazi Kadınlar Sok. No:13 Alsancak,5
1,Tac Mahal,,Konak,Şehitler Cad. 1521 Sok. No:131 Alsancak,0
2,Bios Bar,,Konak,Gazi Kadınlar Sok. 1453 Sok. No:18 Alsancak,5
3,Kordon Cafe & Bar,,Konak,Atatürk Cad. No:266,1
4,1888 Bar & Lounge,,Konak,Cumhuriyet Bul. No:248 2. Kordon Alsancak,0
5,Kaos Cafe & Bar,,Konak,1482 Sok. (Muzafer İzgü Sok.) No:20 Alsancak,5
6,Ekopub,,Konak,Plevne Bul. No:1,0
7,Baryum,,Konak,Atatürk Cad. No:230/A 1.Kordon-Alsancak,4
8,Tato Bar,,Konak,1445 Sok. No:7,0
9,Denizatı Cafe & Bar,,Konak,Atatürk Cad. No:276/B 1. Kordon Alsancak,0
10,Opus Bar,,Konak,1453 (Gazi Kadınlar) Sok. No:9 Alsancak,0
11,Kalyon Bar,,Konak,Plevne Bul. Alsancak,5
12,Cafe de Paris,,Konak,Liman Cad. No: 10-1 Alsancak,0
13,Deep Rock Bar,,Konak,Kıbrıs Şehitleri Cad. 1448 Sok.(Cumbalı Sok.) No:19 Alsancak,0
14,Karnaval Cafe & Bar,,Konak,Atatürk Cad. No:158/A Pasaport,0
15,İl Sogno,,Konak,Kıbrıs Şehitleri Cad. 1452 Sok. No:16/A Alsancak,0
16,Mavi Bar,,Konak,Cumhuriyet Bul. No:206 2. Kordon Alsancak,1
17,Zeus Rock Bar,,Konak,1453 Sok. No:23,0
18,Sirena,,Konak,Atatürk Cad. No:194,5
19,Nar,,Konak,Meksika Sok.(1386. Sok.) No:11/B-C Alsancak,0
20,Marche Cabaret,,Konak,1471 Sok. No:22 Alsancak,5
21,Zerdust Cafe & Bar,,Konak,1435. Sok. No:3/C Alsancak,0
22,Sahne 35,,Konak,Liman Cad. No:10 Alsancak,0
23,Club Berlin's,,Konak,1453 Sok. ( Gazi Kadınlar Sok. ) No:20/A Alsancak,3
24,Hayalbaz,,Konak,Kıbrıs Şehitleri Cad. 1448 Sok.(Cumbalı Sok.) No:26 Alsancak,0
25,Soho Bar,,Konak,Atatürk Cad. No:39 Alsancak,5
26,Port Marche Bar,,Konak,Atatürk Cad. No:32 1.Kordon Alsancak,5
27,Punta Rock Bar,,Konak,Kıbrıs Şehitleri Cad No:107 Alsancak,5
28,İstasyon Nostalji Cafe & Bar,,Konak,Gazi Kadınlar Sok. No:26 Alsancak,0
29,Retro Garden,,Konak,1469 Sok. No:1 Alsancak,0
30,Club Cariye,,Konak,Şehitler Cad. 1504 Sok. No:6 Alsancak,0
31,13 Cafe Bar,,Konak,Kıbrıs Şehitleri Cad. Muzaffer İzgü Sok. No:13 Alsancak,0
32,Suis Karaoke Bar,,Konak,Cumhuriyet Bulvarı No:194/A Alsancak,0
33,Cariye Club,,Konak,Şehitler Cad. No:147 Alsancak,0
34,Stavanger,,Konak,Gaziosmapaşa Bul. No:9/A Çankaya,0
35,Rock'n Beer,,Konak,1482. Sok. No:9,0
36,"Roof Bar, Ege Palas Business Hotel",,Konak,Cumhuriyet Bul. No:210,0
37,Noa,,Konak,Atatürk Cad. No:202 Alsancak,0
38,Ritz Bar,,Konak,Kıbrıs Şehitleri Cad. 1482. Sok. No:17 Alsancak,0
39,Oc Murphy's,,Konak,Talatpaşa Bul. No:10/B,0
40,The Office,,Konak,1447. Sok. (Akbank Sok.) Alsancak,0
41,Hometown,,Konak,1453 Sok. ( Gazi Kadınlar Sok. ) No:24/A Alsancak,0
42,Luna Blue,,Konak,1453 Sok. ( Gazi Kadınlar Sok. ) Alsancak,0
43,911 Bar,,Konak,Kıbrıs Şehitleri Cad. No:107,0
44,Rox Club,,Konak,Atatürk Cad. No:390,0
45,A-1444 Cafe Bar & Restaurant,,Konak,1444 Sok. No: 3/A Gündoğdu Alsancak,0
46,Linn Cafe & Bar,,Konak,Mithatpaşa Cad. No:1172/B Güzelyalı,0
47,Kırmızı Restaurant & Bar,,Konak,Kıbrıs Şehitleri Cad. 1482 Sok. (Muzaffer İzgü Sok.) No:15 Alsancak,0
48,Knock Down,,Konak,1453 Sok. ( Gazi Kadınlar Sok. ) No:7 Alsancak,0
49,Kybele Rock Cafe Bar,,Konak,1453 Sok. No:28 Alsancak,0
50,Stafilina,,Konak,1453 Sok. No:8/A,0
51,Miss Gain Cafe & Bar,,Konak,1452 Sok. (Can Yücel Sok.) No:162 Alsancak,0
52,Ceneviz Bar,,Konak,Şehit Nihat Bey Cad. No:76/A Karataş,0
53,Malibu Night Club,,Konak,Mürselpaşa Bul. No:6/101 Basmane,0
54,Club Vegas,,Konak,Şehitler Cad. No: 131,0
55,Sherwood Cafe Bar,,Konak,1469 Sok. No: 17 Alsancak,0
56,Boom Box,,Konak,Kıbrıs Şehitleri Cad. Gazi Kadınlar Sok.(1453. Sok) No:11 Alsancak,0
57,Küba Alsancak,,Konak,1471 Sok. No:14 Alsancak,0
58,"Mistral Lounge & Bar, Mövenpick Hotel - İzmir",,Konak,Cumhuriyet Bul. No:138 Pasaport,0
59,Despina Cafe & Bar,,Konak,Atatürk Cad. No:286/A Alsancak,0
60,Cece Bar,,Konak,1471 Sok. No:14 Alsancak,0
61,Ege Bar,,Konak,Atatürk Cad. No:110 Pasaport,0
62,Club Mania,,Konak,1501 Sok. No:2/A Alsancak,0
63,Secret Club,,Konak,1471 Sok. (Bornova Sok.) Alsancak,0
64,Kulis,,Konak,Liman Cad. No: 10/L Alsancak Stadı Karşısı (Ex Loujain Yanı),0
65,Kovan Bar,,Konak,Muzaffer İzgü Sok. No:6 Kıbrıs Şehitleri,0
66,Shotbuddy,,Konak,1435. Sok. No:2/B Alsancak,0
67,Dizzeel Cafe Bar,,Konak,Atatürk Cad. No:340/A Alsancak,0
68,Zeus Bar,,Konak,1374 Sok. No:4 K:4/402 Alsancak,0
69,Gözde Müzikhol,,Konak,Şehit Fethibey Cad. No:78/A Küçükyalı,0
70,Soho Plus,,Konak,1471 Sok. No:11 Alsancak,0
71,Carpe Noctem Cafe & Bar,,Konak,1482. Sok. No:10 Alsancak,0
72,Hypnose Karaoke Bar,,Konak,Atatürk Cad. No:284/A 1.Kordon Alsancak,0
73,"Marla Restaurant Cafe & Bar, Otel Marla",,Konak,Vali Kazım Direk Cad. No:7 Pasaport (Otel Marla),0
74,Nice Performance,,Konak,Kıbrıs Şehitleri Cad. Cumbalı Evler Sok. (1448. Sok.) Alsancak,0
75,"The North Shield, Konak Pier Avm",,Konak,Atatürk Cad. No:19,0
76,Rutuputo Cafe Bar,,Konak,Cumhuriyet Bul. No:56,0
77,Il Volo,,Konak,Atatürk Cad. No:122/A Alsancak,0
78,NoXIX (No. Ondokuz),,Konak,1453. Sok. (Gazi Kadınlar Sok.) No:19,0
79,Modjo Club,,Konak,1524 Sok. No:6/Z1,0
