,0,1,2,3,4
0,Tütün Hanı,,Şehitkamil,Boyacı Mah. Külekçi Çarşısısı Tütün Hanı No:27,0
1,"Coffee Life, Sanko Park Avm",,Şehitkamil,İ. Rafet İşitmen Cad.,0
2,Ayuş Hanım Konağı,,Şehitkamil,Zübeyde Hanım Bul. Festival Park İçi Botanik Bahçe Yanı,0
3,Starlife Cafe,,Şehitkamil,"Zübeyde Hanım Bul. (100. Yıl Atatürk Kültür Parkı 2. Etap Masal Park Yanı, Eski SSK Arkası)",0
4,"Eskici Kahve Evi, Üniversite",,Şehitkamil,Üniversite Bul. No:236 (Memo Restaurant Karşısı),0
5,Kips Cafe,,Şehitkamil,Kavaklık Mah. Kavaklık Cad. (Şato Restaurant Yanı),0
6,Papirus Cafe,,Şehitkamil,Bey Mah. Noter Sok. No:10,5
7,"Eskici Kahve Evi, Bahçe",,Şehitkamil,Kavaklık Yüzüncü Yıl Festival Parkı İçi,0
8,Cafe İstanbul,,Şehitkamil,Gazimuhtarpaşa Blv. Nişantaşı Sok.,0
9,Adıbelli Cafe & Fast Food,,Şehitkamil,Muammer Aksoylu Bul. 12.Sok. No:2/D,0
10,Adda Cafe,,Şehitkamil,İncirli Pınar Mah. Prof Muammer Aksoy Bul.,0
11,Fondue Monde,,Şehitkamil,Kürşat Tüzmen Bul. Güleç Plaza Altı No:6 ( Emine Nakıpoğlu Koleji Köşesi),0
12,Anadolu Kır Lokantası,,Şehitkamil,6. Sok. No:15,0
13,Endpoint Cafe Restaurant,,Şehitkamil,İncili Pınar Mah. Tekerekoğlu İş Merkezi No:24,0
14,Hayal Nargile Cafe,,Şehitkamil,89. Cad.,0
15,Tatbak Life Döner & Cafe,,Şehitkamil,Atatürk Bul. No:90/A Alleben,0
16,Cafe Bagdat,,Şehitkamil,Bey Mah. Noter Sok. No:4,5
17,Önder Pastanesi,,Şehitkamil,Zübeyde Hanım Bul. SSK Hastanesi Arkası,0
18,Ekin Cafe & Restaurant,,Şehitkamil,İbrahimli 80. Nolu Cad. Şehir Parkı İçi,0
19,Zuzu Milano Cafe & Restaurant,,Şehitkamil,Üniversite Bulv. No:218 (Fırat Koleji Civarı),0
20,Locca Cafe,,Şehitkamil,12 No’lu Cad. No:13 Ece Apt. Altı,0
21,Senior Cafe & Restaurant,,Şehitkamil,Kürşat Tüzmen Bul. No:27/A Batıkent,0
22,Elit Cafe & Restaurant,,Şehitkamil,Zübeyde Hanım Bul. No:39,0
23,Cafe Di Venedik,,Şehitkamil,Abdülkadir Aksu Bul. No:72,0
24,Mirarma Restaurant & Cafe,,Şehitkamil,Tahaoğlu Sok. No:16 Emek,0
