,0,1,2,3,4
0,Şehri Bahçe,,Büyükçekmece,Behçet Kemal Çağlar Cad. No:134,4
1,Kybele Bar,,Büyükçekmece,Kordonboyu Cad.,4
2,Pelikan Hotel Barları,,Büyükçekmece,E-5 Karayolu üzeri,5
3,Club Cakra,,Büyükçekmece,Kordonboyu Cad. Barlar Pasajı,4
4,Club Aqua,,Büyükçekmece,Komando Sok. No:4,0
5,"The Summit, Kaya Ramada Otel",,Büyükçekmece,E-5 Otoyolu Hadımköy Sapağı (Tüyap Yanı),0
6,"Deep Club, Eser Premium Hotel",,Büyükçekmece,Gazi Mustafa Kemal Cad. No:11,0
7,Charger Cafe Bar,,Büyükçekmece,Pınarkent Mevki Büyükçekmece Sahili,0
8,Shaiika,,Büyükçekmece,Turgut Özal Bulv. No:2 K:5 Fox City AVM,0
