,0,1,2,3,4
0,Ray Bar,,Bakırköy,Ray Sok. No: 2,0
1,Cro's Bar,,Bakırköy,Ray Sok. No:2/B,0
2,"Ada Cafe, Bakırköy",,Bakırköy,Şirin Sok. No: 28/A,5
3,FasaFisa Taverna,,Bakırköy,Sahil Yolu Cad. No:6,5
4,Bar Noblesse,,Bakırköy,Sahilyolu Cad. No:2,4
5,Karya Bar & Restaurant,,Bakırköy,Sahil Yolu Cad. Yeşilyurt Spor Kulübü,0
6,"Club Tunnel, Bakırköy",,Bakırköy,Kennedy Cad. No:13,0
7,"Dedikodulu Meyhane, Florya",,Bakırköy,"Basınköy İstanbul Caddesi, No: 17",0
8,Vodoo,,Bakırköy,Ataköy Yat Limanı Regatta Eğlence Merkezi No:241,0
9,Frange istanbul,,Bakırköy,Sipahioğlu Cad. No: 13/C,0
10,"Pool Bar, Sheraton İstanbul Ataköy Hotel",,Bakırköy,Ataköy 1. Kısım Sahilyolu,0
11,Gizli Bahçe Lotus Cafe Bar,,Bakırköy,Yakut Sok. No: 6,0
12,Şımarık Bar,,Bakırköy,Ebuziya Cad. No:65/A,0
