,0,1,2,3,4
0,Kubbe-i Aşk,,Fatih,Fetva Yokuşu Güneş Han No:3,3
1,Mihri Restaurant,,Fatih,Ayasofya Meydanı No:2,5
2,Huqqam Lounge Terrace,,Fatih,Prof Cemil Birsel Cad. N0: 25/4,3
3,Antik Balat Cafe,,Fatih,Vodina Cad. Sancaktar Yokuş. No:6,4
4,"Marmarion Teras, Istanbul",,Fatih,Sekbanbaşı Sok. No:6 - Beyazıt,5
5,Şerbethane Cafe & Restaurant,,Fatih,Küçükayasofya Cad. Torun Sok. Arasta Pazar No:117 Sultanahmet,4
6,Takatuka Tur,,Fatih,Cibali Cad. No: 39/B,5
7,Meşk Cafe Restaurant,,Fatih,Eyüp İskele Cad. No: 1,2
8,"Afife Cafe, Kocamustafapaşa",,Fatih,Kuvayi Milliye Cad. No:3,3
9,Ağa Kapısı Cafe,,Fatih,Nazır İzzet Efendi Sok. No: 11,4
10,Hüsnü Ala Cafe & Restaurant,,Fatih,Fetva Yokuşu Nazır İzzet Efendi Sok. No: 12,4
11,Mimar Sinan Teras Cafe,,Fatih,Fetva Yokuşu No: 34,5
12,"Vefakar Cafe & Bistro, Vefa-Fatih Şubesi",,Fatih,Cemal Yener Tosyalı Cad. No:136,3
13,Afilli Cezve,,Fatih,Eski Kasaplar Sok. No:2,1
14,Beyrut Kafe,,Fatih,At Pazarı Meydanı Sok. No:7,0
15,Edebiyat Kiraathanesi,,Fatih,Divan Yolu Cad. No:14 Sultanahmet,4
16,Nev-i Cafe,,Fatih,Abdulezel Paşa Cad. Haraçcıbaşı Sok. No:1 (Haliç Sosyal Tesisleri Karşısı),5
17,İBB Haliç Sosyal Tesisleri,,Fatih,Ayvansaray Cad. İBB Haliç Nedim Parkı (Kadir Has Üniversitesi Karşısı),4
18,Lale Çay Bahçesi,,Fatih,Prof. Sıddık Sami Onar Cad. Şifahane Sok. No: 2,5
19,Kahverengi Cafe,,Fatih,Şehremini Mah. Ördekkasap Mah. Turgut Özal Cad. No:105/A,0
20,"Brew Coffee Works, Eminönü",,Fatih,Hamidiye Cad. No: 64,4
21,Coffeetopia,,Fatih,Arpacılar Cad. No: 8,5
22,Son Osmanlı Nargile Cafe,,Fatih,Adnan Menderes Bulv. No:65/A,0
23,"Kahve Durağı, Fatih",,Fatih,Fevzipaşa Cad. No: 17,5
24,Hanegah,,Fatih,At Pazarı,0
25,Türk Ocağı Çemberlitaş,,Fatih,Bab-ı Ali Cad. No:16-34,0
26,Sütlü Kahve,,Fatih,Büyük Reşit Paşa Cad. No:21 Vezneciler,4
27,Ari Antik Cafe,,Fatih,Ali Kuşca Mah. Fevzipaşa Cad. İslambol Sok. No :2/1,0
28,Cafe 1453,,Fatih,Şehremini Mah.Turgut Özal Cad.(Millet Cad.) No:178,0
29,Mehreb Cafe,,Fatih,Hisaraltı Sk. No: 7/A,0
30,Dostan Cafe ve Mantı Evi,,Fatih,Süleymaniye Cad. No:21,0
31,Sehzade Cafe,,Fatih,Silivrikapı Mah. Hekimoğlu Ali Paşa Parkı No:121,0
32,"Mado, Historia Avm",,Fatih,Adnan Menderes Bul. No:2,4
33,"Kahve Dünyası, Nuruosmaniye",,Fatih,Nuruosmaniye Cad. Gazi Sinanpaşa Sok. No:79,3
34,Meşale Cafe,,Fatih,Kabasakal Cad. Arasta Çarşısı No: 45,0
35,Siesta-s Cafe & Restaurant,,Fatih,Turgut Özal Cad. (Millet Cad.) No:105/1A Çapa (Çapa Öğretmen Lisesi Karşısı),5
36,"Kafedo, Historia Avm",,Fatih,Ahmediye Cad.,1
37,Sezon Cafe,,Fatih,Başvekil Cad. No: 48 Çapa,0
38,Zeyrek Cafe,,Fatih,Kasap Demir Hun Mah. Fil Yokuşu Sok. No:21 Unkapanı,0
39,Coffee Point,,Fatih,Turgut Özal Cad. (Millet Cad.) No: 97 Çapa,4
40,Lena Cafe,,Fatih,Ali kuşçu Mah. Atpazari Meydani Sok. No:9/A,0
41,"Starbucks, Sultanahmet",,Fatih,Divan Yolu Cad. No:76/A,4
42,Samatya Van Kahvaltı Salonu,,Fatih,Kennedy Cad. Sahil Yolu Kocamustafapaşa Tren İstasyonu Yanı No:1,3
43,Aruna Cafe,,Fatih,Yeni Galata Köprüsü Altı Boğaz Tarafı No:6 Eminönü,5
44,Şark Kahvesi,,Fatih,Yağlıkçılar Cad. No:134 Kapalıçarşı,5
45,"Cafe Esmer Chef, Sirkeci",,Fatih,Ankara Cad. No: 73/B,0
46,Yeditepe Teras Restaurant,,Fatih,Yüksekler Sok. No: 4,2
47,"Bambi Cafe, Sirkeci",,Fatih,Hamidiye Cad. No: 73,3
48,Arka Bahçe Cafe,,Fatih,Şehremini Mah. Turgut Özal Cad. No:81,0
49,Vefa Nargile Cafe,,Fatih,Hocaüveys Mah. Vatan Cad. No: 44,0
50,"Mado, Laleli",,Fatih,Ordu Cad. No:315,0
51,Erol Taş Kahvesi,,Fatih,Cankurtaran Meydanı Sok. No: 3,0
52,Palatium Cafe and Restaurant,,Fatih,Kutlugün Sok. No: 31 Sultanahmet,0
53,Duvar Dibi,,Fatih,Fatih Camii (Boyacıkapısı Çıkışı),0
54,Dervish Cafe & Restaurant,,Fatih,Kabasakal Sok. No: 1/2 Sultanahmet,0
55,Kalenderhane Cafe Nargile,,Fatih,Cemal Yener Tosyalı Cad.No:78,0
56,Fener Köşkü Restaurant,,Fatih,Abdülezel Paşa Cad. No:115,2
57,Saklı Çeşme Nargile Cafe,,Fatih,Halıcılar Köşkü Sk. No:2A,0
58,Dergah Cafe,,Fatih,Vatan Cad. No:55/A,0
59,Dervis Cafe 2,,Fatih,"Binbirdirek Mahallesi, Peykhane Sok. No:9/1",0
60,Bab-ı Yaren Cafe,,Fatih,At Pazarı Meydanı No:15 Kırmaştı,0
61,Tebessüm Cafe,,Fatih,Cemal Yener Tosyalı Cad. No:69,0
62,Karen Cafe,,Fatih,Kızılelma Cad. No: 49,5
63,Mekan Cafe,,Fatih,Unkapanı Cibali Mah. Hisaraltı Cad. No:1,0
64,Cafe Lokum,,Fatih,Şeftali Sok. No:14 Sultanahmet,5
65,Grande Cafe,,Fatih,Hacı Tahsinbey Sok. No:44 Sultanahmet,0
66,Magnaura Cafe & Restaurant,,Fatih,Akbıyık Cad. No: 27 Eminönü,5
67,"Duran Sandwiches, Eminönü",,Fatih,Asma Altı Cad. Büyükbaş Sok. No: 7,0
68,Sultan Cafe Restaurant,,Fatih,At Meydanı Sok. No: 3/A Sultanahmet Meydanı,0
69,"Starbucks, Kadir Has Üniversitesi",,Fatih,Kadir Has Cad. Kadir Has Üniv. D Blok Hol,4
70,Shey Cafe & Bowling,,Fatih,Vatan Cad. No:2 Historia A.V.M. Kat:4,5
71,Cafe Mese,,Fatih,Hüdavendigar Cad. No:27 Sirkeci,0
72,Mozaik Restaurant,,Fatih,Divanyolu Cad. İncirli Çavuş Sok. No:1 Sultanahmet,0
73,Eyta Cafe,,Fatih,Fevzipaşa Cad. No: 5,0
74,Şef Cafe,,Fatih,Turgut Özal Cad. (Millet Cad.) No:81,0
75,Hanedan Nargile & Coffee House,,Fatih,Yeni Cami Avlusu No: 23 (Mısır Çarşısı Yanı) Eminönü,5
76,Molla Aşkı Parkı,,Fatih,Paşa Hamamı Sok. No :2,4
77,Papetti Cafe,,Fatih,Başvekil Cad. No: 35/A Çapa,0
78,Gülhane Sur Cafe,,Fatih,Soğuk Çeşme Sok. No:30,0
79,Tarihi Fatih Sarmacısı,,Fatih,Fevzi Paşa Cad. Aslanhane Sok. No:14,5
80,Balaturca,,Fatih,Kadir Has Cad. Seferiköz Sok.,0
81,Cooklife,,Fatih,Vodina Cad. Akçin Sok. No: 3/B,5
82,Qayragusto Cafe,,Fatih,Siyavuşpaşa Cad. No: 14,3
83,Yeni Marmara Cafe,,Fatih,Çayıroğlu Sok. No:46 Sultanahmet,5
84,Vatan Cafe,,Fatih,Muratpaşa Mah. Vatan Cad. Şehit Mehmet Çetinkaya Parkı İçi No:2,0
85,Neva Cafe,,Fatih,Vodina Cad. No:40,5
86,İstanbul Enjoyer Cafe & Restaurant,,Fatih,Divanyolu Cad. İncili Çavuş Sok. No:25 Sultanahmet,0
87,İstanbul Uygur Cafe,,Fatih,Necip Asım Sok. No: 15/A,5
88,Bebek Marmara,,Fatih,Turgut Özal Millet Cad. No: 92/A,5
89,Sultan Köşesi Restaurant & Cafe,,Fatih,Küçükayasofya Cad. No: 6 Sultanahmet,0
90,Amedros Cafe,,Fatih,Divanyolu Cad. Hoca Rüstem Sok. No: 7 Sultanahmet,0
91,Ay Cafe,,Fatih,Takkeciler Sok. No:41 Kapalı Çarşı Dükkan:43 Beyazıt,5
92,Limon Cafe,,Fatih,Nuruosmaniye Cad. No:21/23 Cağaloğlu,5
93,Carra Cafe,,Fatih,Millet Cad. No:137/A Çapa,5
94,Keyf-i Balat,,Fatih,Kadir Has Cad. Hızır Çavuş Köprü Sok. No:36,5
95,Vera Cafe,,Fatih,Çakırağa Mah. Abdüllatif Paşa Sok. No:1,5
96,Cağaloğlu Paksüt Cafe,,Fatih,Bab-ı Ali Cad. No:16,5
97,Sarmaşık Nargile,,Fatih,Hasan Halife Mh. Halıcılar Cd. No:5,5
98,Ya Nargile Cafe,,Fatih,Macar Kardeşler Cad. Kamil Paşa Sok. No:8,0
99,"Cadde Cafe & Nargile, Fatih",,Fatih,Fevzipaşa Cad. Medalyon Apt. No:14 K:3,2
100,Huzur Cafe,,Fatih,Molla Gürani Mah. Fındıkzade Sok. No:58,0
101,Dükkanım Nicomedian,,Fatih,Abdulezel Paşa Cad. No: 103/A,0
102,Kütük Ev Cafe,,Fatih,"E-5 Yanyol, Güngören Sapagi, Merter",4
103,Çapa Aile Çay Bahçesi,,Fatih,Şehremini Mah. Gaspir Ali İsmail Sok. No:11/A,0
104,Kahvedeyiz Nargile Cafe,,Fatih,Adnan Menderes Bul. (Vatan Cad.),0
105,"Sekbanbaşı Cafe & Bar, Antik Hotel",,Fatih,Ordu Cad. Sekbanbaşı Sok. (Darphane Sok.) No:10 Beyazıt,4
106,Davidolf Cafe,,Fatih,Kılıçcılar Sok. (Kapalı Çarşı Nuri Osmaniye Kapısı) Beyazıt,4
107,Cafe Kat4,,Fatih,Yalı Köşkü Cad. No:64 Eminönü,0
108,Minder Cafe,,Fatih,At Pazarı Meydanı No: 18,0
109,Adonin Cafe & Restaurant,,Fatih,Divanyolu Cad. Ticarethane Sok.No:27/31 Sultanahmet,0
110,Cafe Kamelya,,Fatih,Kocamustafapaşa Mah. Kennedy Cad.,0
111,Aloran Cafe & Restaurant,,Fatih,Akbıyık Cad. Adliye Sok. No:11 Sultanahmet,0
112,"Kahve Dünyası, Eminönü",,Fatih,Asmaaltı Cad. Kızılhan Sok. No:18/1,0
113,Vitamin Simit,,Fatih,Millet Cad. No: 23/1B,0
114,"Orient Cafe, Orient İstanbul",,Fatih,Molla Fenari Mah. Nuru Osmaniye Cad. No:75 Cağaloğlu,0
115,Express Cafe,,Fatih,Balabanağa Mah. Vidinli Tevfik Paşa Cad. No:36/B Laleli,0
116,Sedan 2 Cafe,,Fatih,Ordu Cad No:280,3
117,Cozy Pub Cafe & Restaurant,,Fatih,Divan Yolu Cad. No: 60 Sultanahmet,3
118,Nargilem Cafe,,Fatih,Prof.Cemal Birsel Cad. Ağızlıkçı Sok. Yiğitcan İşhanı No:6,0
119,Old Ottoman Cafe & Restaurant,,Fatih,Prof Doktor Kazım İsmail Gürkan Cad. No: 17/C,0
120,Forever G.H.C Green House Coffee Restaurant,,Fatih,At Pazarı Meydanı Sok. No: 18,0
121,Ayasofya Asmaaltı Cafe & Restaurant,,Fatih,Küçük Ayasofya Camii Sok. No: 14,0
122,Meyvex Cafe,,Fatih,Hobyar Mah. Ankara Cad. No:31 Sirkeci,0
123,"Kahve Diyarı, Aksaray",,Fatih,Ahmediye Cad. No: 10,0
124,Dem Cafe,,Fatih,Kıztaşı Cad. No :39,0
125,"Palmiye Cafe Restaurant, Ares Hotel",,Fatih,İncili Cavuş Sok. No:17 Sultanahmet,0
126,Silam Kafe,,Fatih,Silivri Kapı Mah. Çevre Tiyatrosu Sok.,0
127,Rumeli Cafe,,Fatih,Alemdar Mah. Divan Yolu Cad. Ticarethane Sok. No:6 Eminönü,0
128,The Little House Cafe,,Fatih,Vodina Cad. No: 6,0
129,Erzurum Nargile,,Fatih,Tahsildar Sok. No:11 Küçük Pazar Eminönü,0
130,Okyanus Cafe,,Fatih,Kalçın Sok. No:13,0
131,Şirin Cafe,,Fatih,İskender Paşa Mah. Eski Saraçhane Sok.,0
132,İstanbul Anatolia Cafe & Restaurant,,Fatih,Divan Yolu Cad. Ticarethane Sok. No:21/A Sultanahmet,0
133,Meşale Cafe,,Fatih,Torun Cad. Arasta Çarşısı No:45 Sultanahmet (Sultanahmet Camii Arkası),0
134,Palato Cafe & Restaurant,,Fatih,Akbıyık Cad. No:28 Sultanahmet,0
135,Ali Paşa Kafe,,Fatih,Yapağı Sok.,0
136,Fatih Belediyesi Cerrahpaşa Park Cafe,,Fatih,Cerrah Paşa Mah. Koca Mustafapaşa Cad. (Cerrahpaşa Parkı İçi),0
137,Cafe Loya,,Fatih,Hobyar Mah. Şeyhülislam Hayriefendi Cad. No.2/2 Eminönü,0
138,Cafe Inn,,Fatih,Taş Tekneler Sok. No:41/A Vefa,0
139,Çardak,,Fatih,Atik Medresesi Sok. No:2-12,0
140,Mekan Nargile,,Fatih,Abdülezelpaşa Cad.,0
141,Sultanahmet Cafe & Restaurant,,Fatih,Divanyolu Cad. No:25/A Sultanahmet,0
142,"Sultan Cafe & Restaurant, Sultan Hostel",,Fatih,Akbıyık Cad. No:17 Sultanahmet,0
143,Kaylan Cafe,,Fatih,Peykhane Cad.No:41,0
144,Cafe Sultan,,Fatih,Halıcılar Cad. No:44 Kapalıçarşı Eminönü,0
145,Marmara Cafe,,Fatih,Keçihatun Mah. Millet Cad. No:11 D:5 Aksaray,0
146,Gülhane Çay Bahçesi,,Fatih,(Gülhane Parkı İçi),0
147,Kuleli Cafe,,Fatih,Çarşıkapı Cad. No:9,0
148,Ümit Cafe,,Fatih,Bezmi Alem Sok.,0
149,Cafe Life,,Fatih,Halıcılar Cad. No:53 Beyazıt,0
150,Tarihi Sarnıç Nargile Cafe,,Fatih,Piyerloti Cad. No:7 (Eski Eminönü Belediyesi Yanı) Sultanahmet,0
151,Reçete Cafe,,Fatih,Sancaktar Hayreddin Mah. Org. Abdurrahman Nafiz Gürman Cad.,0
152,Hayal Cafe,,Fatih,Dirlik Sok. No: 7 Eminönü,0
153,Telve Cafe,,Fatih,At Pazarı Meydanı Sok. No: 2,0
154,Arsenal Cafe Restaurant,,Fatih,Dr. Emin Paşa Sok. No:8,0
155,Topdeck Cafe & Bar,,Fatih,Akbıyık Cad. No:12,0
156,İstanbuli Gıda,,Fatih,Hobyar Mah. Şeyhülislam Hayri Efendi Cad. No:23 Eminönü,0
157,Big Family Cafe Shop,,Fatih,Hocapaşa Mah. Tayahatun Sok. No:20 Sirkeci,0
158,Bistro İstanbul,,Fatih,Nuruosmaniye Cad. No:59/61,0
159,Fes Cafe,,Fatih,Ali Baba Türbesi Sok. No:25-27 Nuruosmaniye Sultanahme,0
160,Şah Cafe İnn,,Fatih,Divanyolu Cad. İncili Çavuş Sok. No:5/A Sultanahmet,0
161,Enjoy Cafe Emin Hotel,,Fatih,Saffettin Paşa Sok. No:18 Sirkeci,0
162,Divane Cafe Restoran,,Fatih,Alemdar Mah. Hoca Rüstem Sok. No:2 Eminönü,0
163,Montana Cafe & Restaurant,,Fatih,Güzelsanatlar Sok. No: 15 Sultanahmet,0
164,Köşk Cafe,,Fatih,Dr. Adnan Adıvar Cad. No: 11/A,0
165,Mira Nargile Kafe,,Fatih,Üstad Sok. No: 12,0
166,Shafia Cafe,,Fatih,Alemdar Mah. Prof. Dr. Kazım İsmail Gürkan Cad. No:15 Cağaloğlu,0
167,Nar Cafe,,Fatih,Yavuz Selim Mah. Mustantik Sok. No:12,0
168,Lale Bahcesi,,Fatih,Şifahane Sok. Tahtakale,0
169,Coffeed Cafe,,Fatih,Arpa Emini Mah. Turgut Özal Cad. No:162/A Şehremini,0
170,Hamur Merdane Cafe,,Fatih,Millet Cad. Palas Apt. No:95/B,0
171,Neşeli Kafe,,Fatih,Yeniçeriler Cad. Taşdirek Çeşme Sok. No:2,0
172,"İstanblues Terrace, My  Home Sultanahmet Hotel",,Fatih,Pierlotti Cad. No: 35 Sultanahmet,0
173,Galata İstanbul Restaurant & Cafe,,Fatih,Hocapaşa Mah. Nöbethane Cad. No:16 Sirkeci,0
174,Küçükoğlu Cafe & Restaurant,,Fatih,Alemdar Mah. Çatalçeşme Sok. No:5 Cağaloğlu,0
175,Pasha Restaurant Cafe Bar,,Fatih,Divanyolu Cad. Bestekar Osman Sok. No: 2-4 Sultanahmet,0
176,"Taraça Cafe, Fındıkzade",,Fatih,Turgut Özal Cad. No:75 Fındıkzade,0
177,Arzum Cafe,,Fatih,Mahramacı Sok No:38,0
178,The Green,,Fatih,Ankara Cad. Kastelli İş Merkezi No:21 Eminönü,0
179,Sultan Cafe Restaurant,,Fatih,Fetva Yokuşu No: 29,0
180,Çakra Cafe Pita,,Fatih,Ahmet Vefik Paşa Cad. No: 38,0
181,Kahve Durağı Fatih,,Fatih,Kızılelma Cad. No:23,0
182,Gülhane Kandil Cafe,,Fatih,Alemdar Cad. Gülhane Park İçi No: 48,0
183,Harem's Cafe Restaurant,,Fatih,Mimar Kemalettin Mh. Ordu Cad. Dibekli Cami Sok. No:10 İstanbul,0
184,Aslan Restaurant & Cafe,,Fatih,Mollafenari Mah. Vezirhan Cad. No:70 Eminönü,0
185,Sea View Cafe,,Fatih,Kutlugin Sok. No: 51,0
186,"Simit Cafe, Fatih",,Fatih,Divanyolu Cad. No: 19,0
187,Mirkelami Çay Evi,,Fatih,Çakırağa Cami Sok. No: 4/A,0
188,Cafe Erdoğmuş,,Fatih,Yalı Köşkü Cad. No: 8,0
189,Palmiye Cafe,,Fatih,Hacı Hüseyin Ağa Mah. Kennedy Cad. Mehmet Akif Ersoy Parkı,0
190,Vera Cafe,,Fatih,Abdüllatifpaşa Sok. No: 14/B,0
191,Grand Vezir Restaurant,,Fatih,At Meydanı No: 11,0
192,Bahçem Cafe,,Fatih,Dr. Adnan Adıvar Cad. No: 9,0
193,The Garden Nargile Cafe,,Fatih,Yokuş Çeşme Sok. No: 9,0
194,"Güllüoğlu, Sirkeci",,Fatih,Muradiye Cad. No: 13,0
195,Teras Cafe,,Fatih,Osmaniye Cad. No: 29,0
196,Telis Caffé,,Fatih,Muallim Fevzi Sok. No: 74,0
197,Sütun Cafe,,Fatih,Dr. Sadık Ahmet Cad. No: 11,0
198,Yeşim Pasta & Cafe,,Fatih,Türkeli Cad. No: 22,0
199,Rumeli Cafe,,Fatih,Kennedy Cad. Mehmet Akif Ersoy Parkı,0
200,Eastanbul Nar Art & Cafe,,Fatih,Dalbastı Sok. No: 13,0
201,Kahve Köşesi,,Fatih,Vezirhan Cad. No: 46,0
202,Cafe Minia,,Fatih,Küçükayasofya Cad. No: 30/A,0
203,Ottoman Hamam Nargile & Cafe,,Fatih,Mahmutpaşa Cad. Hamam Sok. No: 20,0
204,Ambrosia Cafe,,Fatih,Halıcılar Cad. No: 82,0
205,Tanem Cafe,,Fatih,Tacirler Sok. No: 2 Kapalıçarşı,0
206,Deniz Inn Cafe,,Fatih,Şehit Mehmetpaşa Yokuşu No: 8,0
207,Küçük Hayal Çay Evi,,Fatih,Hobyar Mah. Yalı Köşkü Cad. Kömürcü Bekir Sok. No: 2,0
208,Tea House,,Fatih,Aksaray Mah. Mustafa Kemal Cad. Çakırağa Cami Aralığı Sok. No: 3/3,0
209,Havuzbaşı,,Fatih,Nakilbent Cad. No: 2,0
210,Edebiyat Kıraathanesi,,Fatih,Divanyolu Cad. No: 14,0
211,Şenay Börek Cafe,,Fatih,Hobyar Mah. Ankara Cad. İç Mürekkebi Sok. No: 31/1,0
212,Truva Cafe,,Fatih,Hobyar Mah. Bankacılar Sok. No: 7,0
213,Saklı Bahçe,,Fatih,Vodina Cad. No: 160,0
214,Timaş Kitap Kahve,,Fatih,Alaşköşkü Cad. No: 11-13,0
215,Sarnıç Nargile Cafe & Restaurant,,Fatih,Gedikpaşa Cad. No: 12,0
216,Brew Coffee Works,,Fatih,Ayan Cad. No: 17,0
217,Loti Cafe Dining,,Fatih,Piyer Loti Cad. No:1,0
218,Qinn Bistro Cafe,,Fatih,Hocapaşa Mah. Dervişler Sok. No:7 Sirkeci,0
219,Topkapı Çay Bahçesi,,Fatih,Topkapı Cad. No: 56,0
220,Harab'be Cafe,,Fatih,Divanyolu Cad. Ticarethane Çıkmazı No: 4,0
221,"Kahve Dükkanı, Historia Avm",,Fatih,Adnan Menderes Bul. No:2 K:2,0
222,"Çinili Cafe, Kapalıçarşı",,Fatih,Halıcılar Cad. No: 97,0
223,"Eon, Hypnos İstanbul Design Hotel",,Fatih,Ebusuud Cad. No: 10,0
224,TNT Cafe Pub,,Fatih,Akbıyık Cad. No: 18,0
225,Byzas,,Fatih,Yıldırım Cad. No: 10,0
226,Derin Cafe,,Fatih,Ayvansaray Cad. No: 59,0
227,Bolulu Hasan Usta,,Fatih,Şehremini Mah. Millet Cad. No: 125/A,0
228,Maya's Corner Cafe,,Fatih,Yerebatan Cad. No: 25,0
229,Tuğra Cafe,,Fatih,Hocapaşa Mah. Hocapaşa Camii Sok. No: 5,0
230,Huzur Cafe,,Fatih,Şehremini Mah. Ahmet Vefik Paşa Cad. No :67,0
231,Cafe Inteco,,Fatih,"Millet Cad. Darüşşifa Sokak, No: 48",0
232,Duran Cafe Apart,,Fatih,Hocapaşa Mah. Ebussuud Cad. Hocapaşa Camii Sok. No 7,0
233,Cafe Hipodrom,,Fatih,"Hotel Alzer, Kat Z, Sultan Ahmet Mah, At Meydanı, No 72,",0
234,Divalis Cafe & Bar,,Fatih,"Divalis Hotel, Akbyık Cad. No 76,",0
235,Keyf-i Mekan Cafe & Restaurant,,Fatih,Tığcılar Sok. No:56,0
236,Cafe Bi Dünya,,Fatih,"Cerrah Paşa Mah, Koca Mustafapaşa Cad, No 118,",0
237,Köşem Aile Çay Bahçesi,,Fatih,Haseki Sultan Mah. Haseki Cad. Aksaray,0
238,"Cafe Grey, Hotel Arcadia Blue",,Fatih,Doktor İmran Öktem Cad. No:1 Sultanahmet,0
239,"Pavement Cafe, Yusuf Paşa Konağı Hotel",,Fatih,Cankurtaran Cad. No:34,0
240,"Garden Cafe, Akgün İstanbul Hotel",,Fatih,Adnan Menderes Bul. Topkapı,0
241,"Lobby Cafe, Hotel Golden Horn",,Fatih,Binbirdirek Meydanı Sok. No: 1,0
242,Kahve Sarayı,,Fatih,Uzunçarşı Sok. No: 237,0
243,Orient Garden,,Fatih,Yenikule Mah. Kennedy Cad. No:9,0
244,"Garden Cafe Restaurant, Best Western Premier Regency Suites & Spa",,Fatih,Akbıyık Cad. No:46,0
245,Babylonia Garden Terrace Cafe & Restaurant,,Fatih,Akbıyık Cad. No: 19,0
246,Antiochland Antakya Diyarı,,Fatih,Prof Kazım İsmail Gürkan Cad. No:24/A,0
247,"Star Hotel & Cafe, Star Hotel İstanbul",,Fatih,Akbıyık Cad. No:16,0
248,"Fes Cafe, Kapalıçarşı",,Fatih,Halıcılar Cad. No:62,0
249,Avlu Cafe,,Fatih,Koca Mustafa Paşa Mah. Kennedy Cad. Sahil Yolu No:44 Sultanahmet,0
250,Galataturka Cafe & Bar,,Fatih,Yeni Galata Köprüsü No:1 Eminönü - Cağaloğlu,0
251,Cemal Büfeterya,,Fatih,Vatan Cad. Şair Cem Sok. No:41/B,0
252,"Park Cafe, Dorint Park Plaza Hotel",,Fatih,Topcu Cad. No:23,0
253,Şık Bistro,,Fatih,Mahkeme Sok. No:2 D:6,0
254,Can Cafe,,Fatih,Hekimoğlu Ali Paşa Cad. No:171 Topkapı,0
255,Cansin Kafeterya,,Fatih,Galata Köprüsü No:28 Cağaloğlu-Eminönü,0
256,Öz Cafe,,Fatih,Akbıyık Cad. No:24 Sultanahmet,0
257,Tedd Cafe,,Fatih,Millet Cad. No:171 Çapa,0
258,Jave Cafe,,Fatih,Peykhane Cad. Su Terazisi Sok. No:9/A,0
259,Antico Caffe,,Fatih,Halıcılar Sok.,0
260,Ayasofya Büfe,,Fatih,Yerebatan Cad.No:58 Sultanahmet,0
261,Puerto Rico Cafe,,Fatih,Küçük Ayasofya Cad. Sultanahmet,0
262,Susam,,Fatih,Hobyar Mah. Şeyhülislam Hayri Efendi Cad. No:4 Sirkeci,0
263,Kır Evi,,Fatih,Divanyolu Cad. Hoca Rüstem Sok. No:9/1 Sultanahmet,0
264,"Byzas Cafe & Restaurant, Best Western Premier Acropol Suites & Spa",,Fatih,Akbıyık Cad. No:21 Sultanahmet,0
265,Küçük Ev Cafe & Restaurant,,Fatih,İncili Çavuş Sok. No:21 Sultanahmet,0
266,Caffee Prince,,Fatih,Şifa Hamamı Sok. No: 24 Sultanahmet,0
267,Harem Cafe & Restaurant,,Fatih,Hoca Paşa Mah. İbni Kemal Cad. No:23 Sirkeci,0
268,Safir Teras Cafe,,Fatih,Divanyolu Cad. Ticarethane Sok. No:1,0
269,"Teras Restaurant & Bar, Sarnıç Premier Hotel",,Fatih,Küçük Ayasofya Cad. No:26 Sultanahmet,0
270,Denizen Coffee,,Fatih,Şehit Mehmet Paşa Yokuşu Sultanahmet,0
271,Stone House Restaurant & Cafe,,Fatih,Küçük Ayasofya Cad. Kaleci Sok. No:7,0
272,Sembol Meat House,,Fatih,Can Kurtaran Mah. Seyit Hasan Sok. No:14,0
273,"Terrace Bar & Restaurant, Special Artefes Hotel",,Fatih,Çayıroğlu Sok. No:17 Sultaahmet,0
274,Omar Cafe & Restaurant,,Fatih,Şeftali Sok. No:8 Sultanahmet,0
275,Park Bistro & Cafe,,Fatih,Turgut Özal Cad. (Millet Cad.) No:17/A,0
276,Dilan Cafe,,Fatih,Hüsambey Mah. Macar Kardeşler Cad.,0
277,Dream Cafe,,Fatih,Akbıyık Cad. No:76/A,0
278,Huzur Çay Evi,,Fatih,Abdi Çelebi Mah. Pamukçu Sok. No:81,0
279,Gül Çay Evi,,Fatih,Hüsambey Mah. İtfaiye Cad.,0
280,Huzur Cafe,,Fatih,Hacı Hamza Mah. Hacı Piri Sok.,0
281,Seren Pastane Cafe,,Fatih,Millet Cad. No:155 Şehremini,0
282,Alp Cafe,,Fatih,Revani Çelebi Sok. İmç 1. Blok No:1517,0
283,Asia Minor House Cafe & Anadolu Mutfaği,,Fatih,Küçükayasofya Mah Mustafa Paşa Sok No:49,0
284,Merdane Cafe,,Fatih,Millet Cad.(Turgut Özal Cad) No:90/D,0
285,Telve Cafe,,Fatih,Cankurtaran Mey. Şadırvan Çkm. No:1,0
286,Cafem Kirko,,Fatih,Odun İskelesi Sok. No:15 Cibali,0
287,Kır Evi Rest.Cafe,,Fatih,Alemdar Mah. Çatalçeşme Sok. Eminönü,0
288,Renk Cafe,,Fatih,Hasan Halife Mah. Akdeniz Cad.,0
289,Kaanbey Cafe Döner,,Fatih,Ereğli Mah. Börekçi Veli Sok No:2,0
290,Cafe Paşazade,,Fatih,Keyci Hatun Mah. Dr. Adnan Adıvar Cad.,0
291,Accura Cafe,,Fatih,Binbirdirek Meydanı Sok. No:1,0
292,Pepe Cafe & Pizzeria,,Fatih,Hobyar Mah. Ankara Cad. Dervişoğlu Sok. No:5 Sirkeci,0
