,0,1,2,3,4
0,Neff Cafe Nargile,,Keçiören,Atatürk Cad. No: 17/1,3
1,"Firezza Bistro & Cafe, Antares Avm",,Keçiören,Halil Sezai Erkut Cad. Afra Sok. No:1/A Ayvalı-Etlik,5
2,Küçük Ev Kafe,,Keçiören,Kasalar Mevki Halil Sezai Erkut Cad. No:5 (Zeynepçik Parki İçi) Etlik,4
3,Ada'm Cafe Bistro,,Keçiören,Fatih Cad. No:32,0
4,Cafe Motto,,Keçiören,Giresun Cad. Mestan Sok.,0
5,The Green Port Cafe,,Keçiören,Esenboğa Havalimani iç hatlar terminali,0
6,"Gönül Kahvesi, Forum Ankara Outlet",,Keçiören,Ovacık Mah. Yozgat Bul. No:99,0
7,Sena Piknik,,Keçiören,Fatih Cad. No:127/D,0
8,Juice Planet,,Keçiören,FSM Bul. İstanbul Yolu Acity AVM Fast Food Katı No:244/244,5
9,Kahve Bahane!,,Keçiören,Gün Sazak Caddesi,5
10,"Terass Cafe, Antares Avm",,Keçiören,Halil Sezai Erkut Cad. Afra Sok. No:118/A,0
11,MYA Restaurant & Cafe,,Keçiören,Anavatan Cad. No:24,0
12,"Chicco Doro, Ftz Avm",,Keçiören,Fatih Cad. No: 30 Kat: 3,0
13,Cool Escape,,Keçiören,Antares Köy Sok. No:1/64 Etlik,0
14,Vdaliot Cafe,,Keçiören,Ankara Üniversitesi Ziraat Fakültesi Yerleşkesi Fatih Köprüsü Altı,0
15,Cafe Artı,,Keçiören,Belören Sok. No:4,0
16,Keyf-i Dürüm,,Keçiören,Halil Sezai Erkut Cad. Afra Sok. No: 1/62,0
17,Çınar Cafe,,Keçiören,Melih Gökçek Parkı,0
18,Escape The Black Club,,Keçiören,Halil Sezai Erkut Cad. Afra Sok. No: 1/64,0
19,Safir Cafe Bistro,,Keçiören,Halil Sezai Erkut Cad. Afra Sok.,0
20,Tuna Simit & Cafe,,Keçiören,Bağcı Cad. No: 9/A,0
21,Platin Pasta & Cafe,,Keçiören,Dalgıç Cad. No: 29/A,0
22,Ayfe Pastane Cafe,,Keçiören,Sanatoryum Cad. Bala Sok. No: 1/C,0
23,Life Bistro Cafe,,Keçiören,Yunus Emre Cad. No: 3/D,0
24,Can Simit,,Keçiören,General Dr. Tevfik Sağlam Cad. No: 156/A,0
25,Laçin Pasta ve Cafe,,Keçiören,Barış Yolu Cad. No: 12/C,0
26,Fiero,,Keçiören,Fatih Cad. No: 30,0
27,Barbados Cafe Bistro,,Keçiören,Gezi Yolu Sok. No: 8/A,0
28,Üstünel Pasta ve Cafe,,Keçiören,Bursa Cad. No: 51/B,0
29,Zeyno Cafe Pasta,,Keçiören,Kızlarpınarı Cad. No: 165/A,0
30,Yeşim Cafe & Patisserie,,Keçiören,Şehit Hakan Turan Cad. No: 3,0
31,Figora Pasta Cafe,,Keçiören,Nuri Pamir Cad. No: 7,0
32,Namzet Pasta Cafe,,Keçiören,Şefkat Mah. Dr. Besim Ömer Cad. No: 31/A,0
33,Lami Pasta ve Cafe,,Keçiören,Kızlarpınarı Cad. No: 76/B,0
34,Aktepe Simit Cafe,,Keçiören,Aktepe Mah. 429. Cad.,0
35,Namzet Pasta Cafe,,Keçiören,Aktepe Mah. 949. Cad. No: 8/A,0
36,Cherry Pasta & Cafe,,Keçiören,Sanatoryum Cad. Bala Sok. No: 1/C,0
37,Dolunay Pastane & Cafe,,Keçiören,Tarhanlar Cad. No: 31/A,0
38,Kuğu Cafe,,Keçiören,Sanatoryum Cad. No: 64/A,0
39,Draje,,Keçiören,Bağlum Cad. No: 33/B,0
40,A Piknik,,Keçiören,Şefkat Mah. Divrik Cad. No:4/C,0
