,0,1,2,3,4
0,"Bongo Bar, Altın Ceylan Club",,Osmangazi,Ulubatlı Hasan Bul. Kültür Park İçi,5
1,Sale Bar,,Osmangazi,Karagöz Cad. ÇekirgeNo:65,0
2,Ka Bar,,Osmangazi,Çekirge Cad.,0
3,İvory,,Osmangazi,Kükürtlü Cad.,0
4,Naturel Bar,,Osmangazi,Muradiye Mah Çekirge Cad.,5
5,Jazz Bar,,Osmangazi,Uludağ Cad. No:45 (Büyük Yıldız Hotel Karşısı),0
6,Ayyash Bar,,Osmangazi,Uludağ Oteller Bölgesi Kervansaray Otel İçi,0
7,Jazz Club Bar,,Osmangazi,Uludağ Yolu Büyük Yıldız Hotel Karşısı No:45,0
8,Nil's Restaurant & Bar,,Osmangazi,Sakarya Cad. Arapşükrü Sok. No:47,0
9,"RedRoom, Karinna Hotel",,Osmangazi,"Volfram Yolu, Uludağ",0
