,0,1,2,3,4
0,Bahçem Et Restaurant,,Silivri,2087 Sok. E5 No:12,3
1,Mostarpark Tesisleri,,Silivri,Büyük Önder Atatürk Cad. No: 132,4
2,Coast Cafe & Beach,,Silivri,Atatürk Mah. Plaj Yolu (Kadir Has Üni. Karşısı) Selimpaşa,4
3,Amiral Bar,,Silivri,Kordon Boyu Mevkii Mendirek Üstü No:34,0
4,"Seyran Pastaneleri, Kumburgaz",,Silivri,Kumburgaz Merkez Mah.D-100 Yanyolu,0
5,Masal Köy,,Silivri,Kınalı Mevkii Halil Albayrak Cad. No:1,4
6,İmren Pastanesi,,Silivri,Selim Paşa Merkez Mah.1042.Sok.,0
7,Mert Cafe & Beach,,Silivri,Selimpaşa Merkez Mah. Atatürk Cad.,0
8,"Güllüoğlu, Silivri",,Silivri,Ali Bey Çeşme Cad. No: 119,0
9,Karışık Pizza & Cafe,,Silivri,Yoğurthane Sok. No: 13/B,0
