,0,1,2,3,4
0,Sümerler Çay Bahçesi,,Antakya,Şht. Jnd. Er Ali Karadal Cad. 16. Sok.,0
1,Bellur Saray,,Antakya,Atatürk Cad. No:25,0
2,Cabaret Bar,,Antakya,Hürriyet Cad. Ortadoks Kilisesi Karşısı No:26,0
3,Antik Han Restaurant & Cafe,,Antakya,Hürriyet Cad. No:191,3
4,Antik Çay Bahçesi,,Antakya,16. Sok. No:20-42,0
5,Antakya Mado Evi,,Antakya,Atatürk Cad. Adalı Konağı No:6,0
6,"Kahve Diyarı, Antakya",,Antakya,İnönü Cad. No: 33/A,0
7,Makara Cafe,,Antakya,Zülüflühan Köyü Akyurt Evleri B/2 Blok Altı Serinyol,0
