,0,1,2,3,4
0,"Cookshop, Bodrum",,Bodrum,Neyzen Tevfik Cad. No:126,0
1,Shader One,,Bodrum,Kale Cad. No:16 Belediye Meydanı,0
2,Musto,,Bodrum,Neyzen Tevfik Cad. No:130,0
3,Boom Cafe,,Bodrum,Gazi Mustafa Bul. D-Marin Tesisi No:28 Turgutreis,0
4,Cafe S Bar,,Bodrum,Cumhuriyet Cad. No:127,0
5,"Limoon Cafe, Blue Marin Hotel",,Bodrum,Cafer Paşa Cad. No:10,0
6,Penguen Cafe & Restaurant,,Bodrum,Cumhuriyet Cad. No:122,0
7,Moonlight Bodrum,,Bodrum,Cumhuriyet Cad. No:60/B,0
8,Cafe Cafen,,Bodrum,Neyzen Tevfik Cad. No:178,5
9,Gümüş Cafe,,Bodrum,Kardak Sok.,5
10,Cafe Mandarin,,Bodrum,Yalı Kıyısı İskele Dibi Gümüşlük,0
11,Jazz Cafe,,Bodrum,1120. Sok. Gümüşlük,0
12,Yalıkavak Belediyesi Iskele Cafe,,Bodrum,Merkez Mah. Çökertme Cad.,0
13,Asmalı Çardak Kahvaltı Evi,,Bodrum,Merkez Mah. Kayacık Cad. No:52 Sandıma Yolu Üzeri Yalıkavak,0
14,Cafe Sail Loft,,Bodrum,Yalı Mevkii No:34/A Gündoğan,0
15,Cafe Çakıltaşı,,Bodrum,Kabadayı Sok. Gündoğan,0
16,Sedir Cafe,,Bodrum,Akyarlar Köyü Mah. Liman Cad.,0
17,Köşem Cafe & Restaurant,,Bodrum,Terzi İbrahim Özkeskin Meydanı Çarşı Hamam sok. No15 (Eski Ziraat Bankası Karşısı),0
18,Amavi,,Bodrum,Gümüşlük,0
19,Yelken Cafe,,Bodrum,Yalı Mah. Balıkçı Barınağı No:11 Turgutreis,0
20,Golden Plate Restaurant & Cafe,,Bodrum,Cumhuriyet Cad. No: 147,0
21,"Cafe Di Dolce, Bodrum",,Bodrum,Çökertme Cad. Marina Karşısı No: 45 Yalıkavak,0
22,Cafe Vanilla,,Bodrum,Cevat Şakir Cad. No:37/C1,0
23,Ali Cengiz Cafe,,Bodrum,Cumhuriyet Cad. No:163,0
24,Mu Art Cafe Plaj,,Bodrum,Kabakum Cad. Tersane Sok. No:6 Ortakent,0
25,Hokka Cafe,,Bodrum,Gazi Mustafa Kemal Bul. No:143 Turgutreis,5
26,Cafe Piu,,Bodrum,Neyzen Tevfik Cad. No:28/A-B,5
27,Cafe Del Mar,,Bodrum,Cumhuriyet Cad. No:116,0
28,Giritli Cafe,,Bodrum,Cumhuriyet Cad. No:167/A,0
29,The Kiwi Cafe & Pub,,Bodrum,1. Sahilyolu Cad.,0
30,"Alin's Cafe & Restaurant, Turgutreis",,Bodrum,Atatürk Meydanı No:1 Turgutreis,0
31,"Kahve Dünyası, Bodrum Eskiçeşme",,Bodrum,Neyzen Tevfik Cad. 5.Marina Çarşısı C-41-42 Eskiçeşme,0
32,"Kahve Dünyası, Bodrum Turgutreis",,Bodrum,Gazi Mustafa Kemal Bul. D-Marin 26,0
33,Cafe Bowling,,Bodrum,Emin Anter Bul. Kıbrıs Şehitleri Cad.,0
34,Mars Cafe,,Bodrum,Atatürk Cad. Yalı Mevki No:85/2 Gümüşlük,0
35,Deli Meze,,Bodrum,Caferpasa Cad. No.45/B,0
36,"Nostra Damus Cafe, Bodrum",,Bodrum,7013 Sok. No: 12/A,0
37,Cafe Yalıkavak,,Bodrum,Çarşı Cad. No:16,0
38,Cafe Deleeuw,,Bodrum,Şakir Esendemir Cad.,0
39,"Emprio Armani Cafe, Emporio Armani Caffe Bodrum",,Bodrum,Yalı Mh. (Turgutreis Bucağı) Turgutreis Marinası,0
40,Aron Amon Cafe,,Bodrum,Gazi Mustafa Kemal Bul. No:2/C Turgutreis,0
41,Sunset Kafe - Bar & Plaj Tesisleri,,Bodrum,Kargı Cad. No:43 Kargı Plajı Yahşi,0
42,"Kahve Diyarı, Yalıkavak",,Bodrum,Koray Yılmaz İş Merkezi D Blok No: 1,0
43,"Alin's Cafe & Restaurant, Gümbet",,Bodrum,Ayaz Cad. No:18 Gümbet,0
44,"Mado, Bodrum",,Bodrum,Kumbahçe Mh. Cumhuriyet Cad. No:133,0
