,0,1,2,3,4
0,Fellini,,Buca,Erdem Cad. No:6/A,0
1,Kahve Diyarı Plus,,Buca,Erdem Cad. 4/1 Sok. No:2,0
2,"Kahve Diyarı, Buca Forbes",,Buca,313 Sok. Forbes Sevgi Yolu No: 78/A,0
3,Kalyon Cafe,,Buca,Uğur Mumcu Cad. Barış Manço Sk.,0
4,Günay Cafe,,Buca,Buca Koop. Mah. Ahmet Piriştina Cad. No:60,0
5,Mirliva Cafe & Restaurant,,Buca,4. Sok.No:2/A,0
6,Melisa Cafe & Food,,Buca,3. Sok. No:65,0
7,"Kahve Diyarı, Buca Heykel",,Buca,Menderes Cad. No: 15/A,0
8,"Kahve Diyari, Buca Koop.",,Buca,1405 Sok. No: 19/B Buca Koop. (Kipa Üstü),0
9,Via Coffee & More,,Buca,Uğur Mumcu Cad. 127 Sok. No:2 (Sini Köşk Restaurant Karşısı ),0
10,Cafe'Inn,,Buca,63 Sok. No:38-40,5
11,Cafe Korner,,Buca,Erdem Cad. No:35/C,0
12,Ihlamuraltı Cafe,,Buca,138 Sok. No:7 (Öğretmen Evleri Sokağı),4
13,İbiza Coffee,,Buca,Menderes Cad. 138 Sok. No:4,0
14,Göksu Cafe,,Buca,Uğur Mumcu Cad. 111. Sok. No:4,0
15,Velioğlu Gusto,,Buca,Mehmet Akif Cad. No:25/B Şirinyer,0
16,Yedigöller Cafe,,Buca,İzkent Mah. Çagdaş Mah. Dede Korkut Cad. No:5 Evka-1,0
17,Oasis Cafe Bar,,Buca,Menderes Cad. No:59/B,0
18,"Kahve Mania, Buca",,Buca,138. Sok. No:12,5
19,Ihlamur Cafe,,Buca,Uğur Mumcu Cad. No:31,5
20,Vicente Cafe,,Buca,338 Sok. No:7/B,0
21,Mevlana Cafe,,Buca,46/8. Sok. No:39,5
22,Eylül Köşk,,Buca,24 Sok. No: 2 (D.E.Ü. Yabancı Diller Y.O. Yanı) Dokuzçeşmeler,0
23,Sevimli Cafe,,Buca,366. Sok. No:2,5
24,"Alin's Cafe & Restaurants, Buca",,Buca,138 Sok. No:14,0
25,Orta Kahve,,Buca,313 Sok. No:87/B Şirinyer,0
26,Yolcu Çay ve Kahve Evi,,Buca,Seyfi Demirsoy Cad. No:9/A,0
27,Gelato Roma,,Buca,Özmen Cad. No:3,0
28,Babil Cafe Restaurant,,Buca,Çevik Bir Meydanı 257/1 Sok. No:2/A,0
29,Göl Cafe,,Buca,Özmen Cad.,0
30,Cafe Han,,Buca,313. Sok. No:63/B Şirinyer,0
31,Cadde Cafe,,Buca,8/5 Sok. No:1/A,0
32,Richard Cafe & Restaurant,,Buca,348 Sok. No:4/A Forbes,0
33,Gate Cafe,,Buca,Menderes Cad. 138. Sok. No: 12,0
34,Bykusch Cafe,,Buca,138 Sok. Öğretmen Evleri,0
35,"Coffeemania, Dokuzçeşmeler",,Buca,Erdem Cad. No:4/A Kampüs (Hasan Ağa Parkı Karşısı) Dokuzçeşmeler,0
36,Kahve Sevdası,,Buca,138 Sok. No: 4,0
37,Kahve Diyarı,,Buca,138 Sok. No:19,0
38,Ege Kahverengi Cafe,,Buca,Forbes Sevgi Yolu No:61/B,0
39,Zuhal Cafe,,Buca,Kıbrıs Sok. No:52,0
40,Hadise Cafe,,Buca,Çakmak Cad. No:41/B Şirinyer,0
41,Aliş Cafe,,Buca,Menderes Cad. No:150/B İşçievleri,0
42,Beril Cafe,,Buca,506 Sok. No:1/B Şirinyer,0
43,Royal Cafe,,Buca,206. Sok. No:67,0
44,Bahçe Sadabad,,Buca,113. Sok. No:10,0
45,Cafe'M 1928,,Buca,127. Sok. No:2,0
46,Frenzzy Cafe,,Buca,Doğuş Cad. No:224/A Tınaztepe,0
