,0,1,2,3,4
0,Keyf-i Mekan Olivia,,Beykoz,Cumhuriyet Köyü Şile Yolu Üzeri No: 35,4
1,Cadı Kazanı Cafe Camping,,Beykoz,Şehit Levent Birben Cad. Müze Çıkmazı No 15,3
2,Göksu Locca Cafe,,Beykoz,Göksu Cad. No: 66,4
3,Bamboo Cafe & Restaurant,,Beykoz,Ressam Mehmet Cad. No: 53/A,0
4,Güzelcehisar Restaurant,,Beykoz,Muhteşem Çıkmaz Sok. No: 25 Otağtepe - Kavacık,4
5,Hidiv Kasrı Restaurant,,Beykoz,Çubuklu Hidiv Yolu No: 32,0
6,Göksu Cafe,,Beykoz,Küçüksu Cad.,5
7,Otağtepe Kafe,,Beykoz,Otağtepe Cad. No:117 Kavacık,5
8,Sehil - Kahve Zamanı,,Beykoz,Fatih Sultan Mehmet Cad. No:8,0
9,Seyir Kulesi Cafe,,Beykoz,İncirköy-Beykoz Cad. No:17,0
10,Beytaş Restaurant,,Beykoz,İncirliköy Mah. İncirköy Cad. Beykoz Belediye Tesisleri Paşabahçe,5
11,Habil Pizza & Cafe,,Beykoz,F.S.M. Cad. No:27 D:1 Kavacık,0
12,Ihlamur Cafe,,Beykoz,Kandilli İskelesi No:1,0
13,Deep Blue Restaurant,,Beykoz,Ahmet Mithat Cad. No:2 Yalıköy,3
14,Hünkar Mahfili,,Beykoz,Kelle İbrahim Cad. Tan Çıkmazı No:1,0
15,Hotel Hüseyin Bey,,Beykoz,Kızıl Serçe Sok. No:10,1
16,Kanlıca Tiryaki Cafe,,Beykoz,Barış Manço Cad. No:11/1,0
17,Boğaziçi Cafe,,Beykoz,Fevzipaşa Cad. No: 3/1,5
18,Şişmanın Yeri,,Beykoz,Akbaba Mah. Karakulak Cad. Kavacık,5
19,Dalyan Cafe,,Beykoz,Fevzi Paşa Cad. No:74,5
20,Koza Garden,,Beykoz,Beykoz Cad. No:50,4
21,Kanlıca Teras Cafe,,Beykoz,Halide Edip Adıvar Cad. (Çubuklu Cad.) No:6,0
22,Mio Cucina Cafe,,Beykoz,Cumhuriyet Cad. No:67 D:3 Kavacık,5
23,Yazlık Fener Cafe ve Restaurant,,Beykoz,Anadolufeneri Fener Cad. No: 17/A,5
24,Doğa Cafe Restaurant,,Beykoz,anadolu feneri,5
25,İmge Cafe,,Beykoz,Ekinciler Cad. No:7,4
26,The Garden  Kanlıca,,Beykoz,Hacı Muhittin Sok. No:40 Kanlıca,5
27,Defne Cafe,,Beykoz,Ekinciler Cad. No:12,5
28,Çikolata Vanilya,,Beykoz,Çamlık Cad. Hisar Evleri G8 Blok D:1 Kavacık,5
29,Yaren Cafe,,Beykoz,Berksun Sok No:1,0
30,B&T Fresco Cafe&Restuarente,,Beykoz,Kayın Sok. Asaş İş Merkezi No: 2 K: 1 Kavacık,0
31,Çınaraltı Cafe,,Beykoz,Mektep Sok. No:1,0
32,Şahvar Riva,,Beykoz,Değirmendere Köyü Dere Çıkmazı Sok. No:8 (Kılıçarslan Camii Karşısı),0
33,Tarçın Cafe,,Beykoz,Ekinciler Cad. Emek Apt. No:8 D:1 Kavacık,0
34,Mag Cafe Restaurant,,Beykoz,Orhan Veli Kanık Cad. Funda Sok. No:7 Kavacık,0
35,AuFour,,Beykoz,Göksu Evleri Sit. Palmiye Cad. Villa B25A Anadoluhisarı,0
36,Sempatik Kafe,,Beykoz,Anadolu Kavağı Mektep Sok. No:54,0
37,Cafe Bistro Life,,Beykoz,Fatih Sultan Mehmet Cad. Otakçı Çıkmazı Sok. No:9,0
38,Nostalji Cafe,,Beykoz,Cumhuriyet Cad. Kavacık,0
39,Konak Cafe,,Beykoz,Beykoz Konakları,0
40,"Fun Cafe & Eğlence Merkezi, Acr Loft Avm",,Beykoz,Polenez Bağlantı Yolu,0
41,"Hotstop Lounge, Göksu Evleri",,Beykoz,Çamlık Cad. Göksu Evleri,0
42,Gümüş Cafe,,Beykoz,Hekimbaşı Çiftlik Cad. No:1/B Anadoluhisarı,0
43,Orjinal Restaurant & Cafe,,Beykoz,Atatürk Cad. Şehit İbrahim Gürhan Sok. No:1,0
44,Meşhur Kanlıca Yoğurt,,Beykoz,İbrahimpaşa Cad. Sıtkı Bey Sok. No:11,0
45,1453 Cafe & Restaurant,,Beykoz,Çamlık Cad. (Göksu Evleri) Villa B/25-A Anadolu Hisarı,0
46,Şener Kavacık Dönercisi,,Beykoz,Öztürk Sok. No:13,0
47,"Qubba, Kavacık",,Beykoz,Orhan Veli Kanık Cad.,0
48,Şehri Sefam,,Beykoz,İshaklı Köy Mevki Trabzon Cad. No:4 Polonezköy,0
49,"Çardakçı Cafe, Beykoz",,Beykoz,Onçeşmeler No: 5,0
50,Cute Cafe,,Beykoz,Şebnem Sok. No: 58,0
51,10 Numara Nargile Cafe,,Beykoz,Çayır Cad. No:136/A,0
52,"Konak Cafe & Restaurant, Beykoz Konakları",,Beykoz,,0
53,Zeez Cafe & Restaurant,,Beykoz,Çavusbaşı Cad. Akbey Sok. No:6/A Kavacık,0
54,Rüzgar Fast Food Cafe,,Beykoz,Cumhuriyet Cad. Atatürk Sok. No:A/3 Çubuklu,0
55,Kapari Cafe & Restaurant,,Beykoz,Ekinciler Cad. Uluer Plaza No:2 Kavacık,0
56,Sempati Cafe,,Beykoz,Yalı Cad. No:22 Anadolu Kavağı,0
57,Turkuaz Restaurant,,Beykoz,Fatih Sultan Mehmet Cad. No:34/A,0
58,Sahil Plaj Cafe Restaurant,,Beykoz,Mendirek Yolu,0
59,Karadeniz Kafe,,Beykoz,Fevzipaşa Cad. No:25,0
60,Umut Cafe,,Beykoz,Beyaz Erguvan Cad. Pazar Sok. No:11 D:A,0
61,Mispat 2 Börek Cafe,,Beykoz,Yeni Mah. Mh. Dr. Ömer Besim Paşa Cad.,0
62,Avcı Kafeterya,,Beykoz,Sultan Aziz Cad. No:206,0
63,"Okkalı Kahve, Kavacık",,Beykoz,Orhan Veli Kanık Cad. Funda Sok. No:7 Kavacık,0
