,0,1,2,3,4
0,Kadı Köşk,,Kadıköy,Andelip Esat Sok. No: 39,2
1,Kalamış Paysage Restaurant,,Kadıköy,Münür Nurettin Selçuk Cad. Kalamış Yat Limanı,3
2,"Suadiye Mirror Restaurant & Bar, Suadiye",,Kadıköy,Suadiye Park Plaj Yolu A Blok K:2,4
3,Dorock XL,,Kadıköy,Neşet Ömer Sok. No: 3/C,4
4,"happy moon's, Suadiye",,Kadıköy,Bağdat Cad. No:407/A Suadiye,4
5,Karga Bar,,Kadıköy,Kadife Sok. No:16,4
6,Joker Bahçede,,Kadıköy,Bağdat Cad. No:294/1,0
7,Barcode,,Kadıköy,İskele Yolu Sok. No: 44/7,0
8,"Bistro 33, Erenköy",,Kadıköy,Bağdat Cad. Zincirliköşk Sok. Köşk Apt. No:10/1 Erenköy,5
9,"Havelka, Caddebostan",,Kadıköy,İskele Sok. (Barlar Sok.) No:36 Caddebostan,3
10,"Divan Brasserie, Kalamış Divan Brasserie",,Kadıköy,Amiral Fahri Korutürk Yat Limanı Kalamış,5
11,Shaft Club,,Kadıköy,Serasker Cad. Osmancık Sok. No:13/B,0
12,Cafe Zanzibar,,Kadıköy,Aşıklar Yolu Sok. No: 2/A,4
13,Corner Cafe & Bar,,Kadıköy,Dumlupınar Sok. No: 2/A,4
14,Lal Bar,,Kadıköy,Kadife Sok. No:19,5
15,Arka Oda,,Kadıköy,Kadife Sok. No: 18/A,5
16,Shisha Pub Kadıköy,,Kadıköy,Güneşlibahçe Sok. No: 47/B,0
17,Buddha Bar,,Kadıköy,Kadife Sok. No:14,4
18,Zürich  Bar,,Kadıköy,Sakızgülü Sok. No:9/A,0
19,Divan Pub,,Kadıköy,"Bağdat Cad. Çubukçu Apt. No:333,",4
20,Bardanadam,,Kadıköy,Kadife Sk.,0
21,Cadde Rakkas,,Kadıköy,Cemil Topuzlu Cad. No:128 Caddebostan,3
22,Zincir Bar,,Kadıköy,Kadife Sok.,0
23,"BlackJack, Bostancı",,Kadıköy,Bağdat Cad. No:33 (Kasaplar Çarşısı Girişi) Bostancı,3
24,Bizbize Fasıl,,Kadıköy,Bağdat Cad. Plaj Yolu,5
25,Mackolik Complex,,Kadıköy,Şefikbey Sok. No:1 (Şükrü Saraçoğlu Stadı Yanı),4
26,Kadife Club,,Kadıköy,Bahariye Kadife Sok. No: 2,0
27,Oda Bar,,Kadıköy,Serasker Cad. No:9/1,4
28,Zeytin Kafe,,Kadıköy,Moda Cad. No: 30/1,3
29,Livane,,Kadıköy,Osmancık Sok. No: 11,0
30,Grange,,Kadıköy,Tellalzade Sok. (Antikacılar Sokağı) No:16/A,0
31,Dora King Gastro & Pub,,Kadıköy,Moda Cad. No:36/1,5
32,Teachers British Pub,,Kadıköy,Sakızgülü Sok. No: 24/6,4
33,neXus,,Kadıköy,Güneşli Bahçe Sok.No: 53/B,5
34,İnanna Sahne,,Kadıköy,Miralay Nazım Sok. No: 28/A,0
35,Belde Ocakbaşı Et & Balık Restaurant,,Kadıköy,Altıyol Bahariye Cad. Süleymanpaşa Sok. No: 21/A-B,3
36,Altıyol Sanat Cafe Bar,,Kadıköy,Söğütlüçeşme Cad. Karadut Sok. No: 4-6/1,5
37,Moda Kaldırım Bar,,Kadıköy,Caferağa Mah. Moda Cad. No: 55/A,0
38,Shaft Rock Blues & Jazz Club,,Kadıköy,Serasker Cad. Osmancık Sok. No: 13,4
39,Kırmızım Cafe & Bar Türkü Evi,,Kadıköy,Mühürdar Cad. No: 56/A,5
40,Caddebostan Sangria,,Kadıköy,İskele Cad. Ata Apt. No:5,4
41,Hera Cafe Bar,,Kadıköy,Kadife Sok. No:10,0
42,"Bi Ciğer Bi Kebap, Kadıköy",,Kadıköy,Osman Ağa Mah.Kuşdili Cad.No:91/1 Kadıköy/İstanbul,4
43,"The Bow Bells Pub, Kalamış",,Kadıköy,İskele Cad. No: 38/1 Kalamış (Kalamış Marina Karşısı) Fenerbahçe,4
44,Voodoo Rock Club,,Kadıköy,Arayıcıbaşı Sok. No:21/3,4
45,Çivi Bar,,Kadıköy,Arayıcıbaşı Sok. No: 2,0
46,Jardin Cafe,,Kadıköy,Zuhtupasa Mah. Fener Kalamis Cad. No:114,4
47,Karşı World Music Club,,Kadıköy,Güneşli Bahçe Sok. No: 53/A,0
48,Şola Türkü Bar,,Kadıköy,Mandıra Cad. No:11,2
49,Rock Cafe & Pub,,Kadıköy,Doktor Esat Işık CAD. No:28/C,0
50,"Monc Live, Yalman Center",,Kadıköy,Kazım Özalp Sok. C Blok No: 60,0
51,Vox,,Kadıköy,Cemil Topuzlu Cad. No:137 (Burger King Karşısı) Caddebostan,2
52,"Balans Brau, Caddebostan",,Kadıköy,Bağdat Cad. No:294 1/2 Caddebostan,0
53,Saloon Restaurant & Bar,,Kadıköy,Bağdat Cad. No:448 Suadiye,0
54,Mesken Pub,,Kadıköy,Serasker Cad. Osmancık Sok. No:3/A,0
55,Taverna,,Kadıköy,"Suadiye Mahallesi, Kazım Özalp Sokak, Yalman Center, A Blok No:60/1",0
56,Batı Yakası Teras Cafe & Bar,,Kadıköy,Muvakkithane Cad. (Surp Takavor Ermeni Kilisesi Karşısı),0
57,Bostancı Cadde Premium Cafe Bar,,Kadıköy,Bağdat Cad. Demir Apt. No: 530/1,0
58,"Black House, Moda",,Kadıköy,Moda Cad. Ferit Tek Sok. No: 46/A,0
59,Frame Music Club,,Kadıköy,Bağdat Cad. Yapı Kredi İkramiye Blokları No:361/B,0
60,6:45 Gram,,Kadıköy,Caferağa Mah Kadife Sok. No:10/2,0
61,"Kadıköy Teras Restaurant & Bar, Sidonya Hotel",,Kadıköy,Rıhtım Cad. Nemlizade Sok. No: 34,0
62,Club Şımarık,,Kadıköy,Çetin Emeç Bul. No :146 Caddebostan,0
63,Bermuda Club,,Kadıköy,Kırtasiyeci Sok. No: 9,0
64,Chicago Teras,,Kadıköy,Bağdat Cad. No:546/3,0
65,La Barba,,Kadıköy,Şehir Kahya Sok No:35/B,0
66,Whispers Restoran Cafe Bar,,Kadıköy,Bağdat Cad. No:473,0
67,Turkuaz,,Kadıköy,"Bağdat Cad. Erdoğan Apt. No:9 Caddebostan Barlar Sokağı,",0
68,"Shot-Co Cafe & Bar, Şaşkınbakkal",,Kadıköy,Bağdat Cad. No:364,0
69,Angels Club,,Kadıköy,Bağdat Cad. No: 536/A,0
70,Flight Bridge Bar,,Kadıköy,Küçükyalı Mah. Cumhuriyet Cad. Tan Sok. No: 4,0
71,Kalamoz Bar,,Kadıköy,Küçükyalı Mah. Cumhuriyet Cad. Tan Sok. No: 4,0
72,Stupa Lounge & Bar,,Kadıköy,İskele Sok. No:19/1 Caddebostan,0
73,Remix Bar,,Kadıköy,Rıhtım Cad. Misak-ı Milli Sok. No: 28,0
74,Stereogun,,Kadıköy,Kadife Sok. No:10/3,0
75,Olimpiyat Bar,,Kadıköy,Misakı Milli Sok. No:33/A,0
76,Abone Bar,,Kadıköy,Kırtasiyeci Sok. No: 9,0
77,Mavi Cafe Pub,,Kadıköy,Bağdat Cad. No: 543/A,0
78,Street Restaurant & Bar,,Kadıköy,Bağdat Cad. No:272 Caddebostan,0
79,Amphora,,Kadıköy,Bağdat Cad. Çatalçeşme No:474 Suadiye,0
80,Bahçem Bar,,Kadıköy,Serasker Cad. Osmancık Sok. No:3/1,0
81,Biber Bar,,Kadıköy,Kalamış Yat Limanı Fenerbahçe,0
