,0,1,2,3,4
0,Yalı Cafe & Bar,,Karşıyaka,Cemal Gürsel Cad. No:196/A,0
1,Times,,Karşıyaka,2017 Sok. No:9/D Denizbostanlısı,0
2,Löwe Bar,,Karşıyaka,Cemal Gürsel Cad. No:198 Karşıyaka,5
3,Rain Club,,Karşıyaka,1649 Sok. No:79 Turan,5
4,Club Rain,,Karşıyaka,1649. Sok. No:79 Turan,1
5,Cerveza Dart Bar,,Karşıyaka,Cemal Gürsel Cad. No:472/A Bostanlı,0
6,Telefon,,Karşıyaka,2014 Sok. No:9,0
7,Luxor Bar,,Karşıyaka,2007 Sok. No:2/A,0
8,Rain After Party,,Karşıyaka,1649 Sok. No:79,0
9,Shuffle Bar,,Karşıyaka,1807. Sok. No:27/A Bostanlı,0
10,Cadde Bostanlı,,Karşıyaka,Cemal Gürsel Cad. No:75/2C,0
11,Sir Winston House Mavibahçe,,Karşıyaka,Aziz Nesin Bul. No: 26/Z02,0
12,Böcük Bar,,Karşıyaka,Yalı Cad. No: 474 Bostanlı,0
13,Makara Cafe Bar,,Karşıyaka,Namık Kemal Cad. No:20/A,0
