,0,1,2,3,4
0,Zoom Bahçe Cafe & Restaurant,,Şişli,Selahattin Pınar Cad. No:17,4
1,Şehr-i Bahçem,,Şişli,Eski Osmanlı Sok. No: 5/A,5
2,"Şiva Düruç, Şişli",,Şişli,Raşit Rıza Sok. No: 7/1,5
3,Milano Gourmet,,Şişli,Şakayık Sok. No: 54/1A,5
4,"Okafe, Cevahir Avm",,Şişli,Büyükdere Cad. No:22 Kat:6 Mağaza:608,4
5,Zamane Kahvesi,,Şişli,Vali Konağı Cad. No:85/1 Nişantaşı,4
6,"Serander Cafe, Cevahir Avm",,Şişli,Büyükdere Cad. No:22 Kat:2 Mağaza:201,3
7,"Cookshop, Nişantaşı",,Şişli,Abdi İpekçi Cad. No: 34/A,4
8,"Galata Muhallebicisi, Nişantaşı",,Şişli,Teşvikiye Cad. İmren Apt. No: 55,0
9,"Hardal Eat & Drink & Play, Nişantaşı",,Şişli,Atiye Sok. No: 7,4
10,Cakild's Coffee,,Şişli,Büyükdere Cad. Cad. No:2/B Mecidiyeköy,0
11,"Fua Cafe Restaurant, Maçka Şubesi",,Şişli,Maçka Demokrasi Parkı C Nolu Cafe,5
12,"Delicatessen İstanbul, Nişantaşı",,Şişli,Mim Kemal Öke Cad. No:19/1 Nişantaşı,5
13,"Backhaus, Nişantaşı",,Şişli,Valikonağı Cad. Akkavak Sok. No:12,4
14,Çaykovski,,Şişli,Büyükdere Cad. Pekin Apt No:5/1 İstanbul,3
15,"Terasım Cafe, Cevahir Avm",,Şişli,Büyükdere Cad. No:22 Kat:5 Mağaza:521/B,0
16,Garden Cafe,,Şişli,Ortaklar Cad. Bahçeler Sok. Somay İş Merkezi 9-C No:2 Mecidiyeköy,0
17,"Aşşk Kahve, Nişantaşı",,Şişli,Abdi İpekçi Cad. Milli Reasürans Çarşısı No:63 D:66 Nişantaşı,4
18,Juno Cafe,,Şişli,Mim Kemal Öke Cad. No: 15,4
19,Den Cafe & Restaurant,,Şişli,Mim Kemal Öke Cad. Çiftçiler Apt. No:12/1 Nişantaşı,5
20,Mayk Cafe,,Şişli,Ortaklar Cad. No:10 Mecidiyeköy,4
21,"Bambi Cafe, Mecidiyeköy",,Şişli,Büyükdere Cad. No: 47,4
22,Kantin Cafe,,Şişli,Akkavak Sok. No:30 Teşvikiye,5
23,"La Vita Patisserie, Nişantaşı",,Şişli,Vali Konağı Cad. No: 58/A,5
24,"Lavazza, Profilo Avm",,Şişli,Cemal Sahir Cad. No:33 K:Giriş Mecidiyeköy,0
25,"Symbol Cafe & Restaurant, Nişantaşı",,Şişli,Vali Konağı Cad. No:40 Nişantaşı,3
26,Rumeli Cafe,,Şişli,Rumeli Cad. No:78 D:2 Nişantaşı,4
27,"The House Cafe, Kanyon Avm",,Şişli,Büyükdere Cad. No:185,4
28,Celon's Beer Cafe,,Şişli,Büyükdere Cad. Dilek Pasajı No: 57/35,0
29,"Chops Cafe Ve Pub, Mecidiyeköy",,Şişli,Cemal Sahir Sok. Kutbay Apt. No:1/1,3
30,Mono Cafe & Brasserie,,Şişli,Halaskargazi Cad. No:95 Osmanbey,1
31,Susam Sokağı,,Şişli,Büyükdere Cad. No:3,4
32,Rezene Yemek Butik & Cafe,,Şişli,Abide-i Hürriyet Cad. No: 231/A,5
33,Cafe'de KESKE,,Şişli,Şişli Halaskargazi Cad. No:165,0
34,"Focaccia, Şişli",,Şişli,Abide-i Hürriyet Cad. No: 160-1,4
35,"Fish, Cevahir Avm",,Şişli,Büyükdere Cad. No:22 Kat:6 Mağaza:613,0
36,"Gloria Jean's Coffees, Harbiye Ramada",,Şişli,Osmanbey Halaskargazi Cad. No:139/151 Harbiye,4
37,Friends Cafe & Restaurant,,Şişli,Ortaklar Cad. No: 40,4
38,"Douwe Egberts Coffee, Ramada Plaza İstanbul",,Şişli,Halaskargazi Cad. No:63/C,5
39,Bread & Butter,,Şişli,Mim Kemal Öke Cad. No:1/C,5
40,Cafe Wien,,Şişli,Abdi İpekçi Cad. Reasürans Pasajı No:62 Teşvikiye,5
41,"Sütiş, Pangaltı",,Şişli,Ergenekon Cad. No: 35/A,5
42,Ambians Cafe,,Şişli,Selahattin Pınar Cad. No:4/3,0
43,"Merih Cafe Restaurant, Şişli",,Şişli,Halaskargazi Cad. No: 173,5
44,"Bodrum Mantı & Cafe, Nişantaşı",,Şişli,Abdi İpekçi Cad. Maltepe Apt. No: 44,0
45,Beer Town Cafe,,Şişli,Büyükdere Cad. Naci Kasım Sok. No: 3,4
46,Cafe Bella,,Şişli,Avni Dilligil Sok. No: 13/A,0
47,"The House Cafe, Teşvikiye",,Şişli,Atiye Sok. İskeçe Apt. No: 10/1,4
48,"Krispy Kreme, Cevahir Avm",,Şişli,Büyükdere Cad. No:22 Kat:5,5
49,Bahçe Cafe,,Şişli,Boru Çiçeği Sok. No: 23,0
50,"Çevre Pastane & Cafe, Mecidiyeköy",,Şişli,Raşit Rıza Sok. Azim Apt. No: 9A/1,5
51,Celine's Cafe & Dining Room,,Şişli,Valikonağı Cad. No: 42/A,4
52,Almira Cafe & Restaurant,,Şişli,Ortaklar Cad. No: 4/4,5
53,Maharet Cafe Restaurant,,Şişli,Halaskargazi Cad. No:154,0
54,"Okkalı Kahve, Profilo Avm",,Şişli,Cemal Sahir Sok. No: 33/A Mecidiyeköy,0
55,Mahalle,,Şişli,Ihlamur Cad. Ihlamur Yolu Sok. No: 34,4
56,Yücel Simit,,Şişli,Oya sk. Tümer Plaza no:7/1,4
57,"Orhan Pasta & Cafe, Gayrettepe",,Şişli,Öztürk Sok. No: 7/A,5
58,Nar Çiçeği Cafe & Restaurant,,Şişli,Kore Şehitleri Cad. No: 43/A,5
59,Gravité Coffee,,Şişli,Prof. Dr. Müfide Küley Sok. No: 45,4
60,Doğaya Dönüş,,Şişli,Ahmet Fetgari Sok. No: 18/A,5
61,"Cafe Zumo, Cevahir Avm",,Şişli,Büyükdere Cad. No:22 Kat:1 Mağaza:149/D2,4
62,Bibeka,,Şişli,Hakkı Yeten Cad. Doğu İş Merkezi No: 12,0
63,Pop Up,,Şişli,Kadırgalar Cad. G-mall Alışveriş Merkezi No: 3,0
64,Nurzade Lokantası,,Şişli,Bahçeler Sok. No: 15,0
65,Kampüs Cafe,,Şişli,İtü Maslak Kampüsü Konukevi Binası Zemin Kat No:6,0
66,Cafe Geyik,,Şişli,Cumhuriyet Cad. No: 103,5
67,Keyif Cafe,,Şişli,Ergenekon Cad. Teyyareci Fehmi Sok. No. 1,0
68,Dempoint,,Şişli,Büyükdere Cad. No:149,0
69,"Teşvikiye Mis, Teşvikiye",,Şişli,Osman F.Seden Sok. No: 4/A,0
70,Teşvikiye Cafe,,Şişli,Teşvikiye Cad. No:148,3
71,Cafe 24,,Şişli,Büyükdere Cad. Naci Kasım Sok. No: 6/C,0
72,Bulvar Pastanesi,,Şişli,19 Mayıs Cad. 19 Mayıs Apt. No: 21/C,5
73,Harbiye Sahne Restaurant Cafe Bar,,Şişli,Cumhuriyet Cad. No: 179/A Harbiye,0
74,Ella Cafe,,Şişli,Vali Konağı Cad. Kuyumcu İrfan Sok. No: 73,0
75,"Barnie's Cafe, Beykent Üniversitesi",,Şişli,Ayazağa Yerleşkesi,0
76,"Zeytindalı Cafe & Restaurant, Esentepe",,Şişli,Kasap Sok. No: 16/D,5
77,Daba Restaurant & Cafe,,Şişli,Cumhuriyet Cad. No:177/B Harbiye (Harbiye Ordu Evi Karşısı),0
78,"Cafee İl Piacere, Trump Towers Avm",,Şişli,Mecidiyeköy Yolu Cad. No:12/4B-11,0
79,Kulvar Patisserie,,Şişli,Büyükdere Cad. No: 153/C,0
80,Haddas Cafe & Restaurant,,Şişli,Altan Erbulak Sok. No:11,0
81,Çaça Cafe,,Şişli,Abide-i Hürriyet Cad. No: 147/B,5
82,Cafe Noon Express,,Şişli,Kasap Sok. Eser Apt. No: 20/C,0
83,Zeytin Ağacı Cafe,,Şişli,Valikonağı Cad. Polat İş Hanı No:52/29 Nişantaşı,5
84,Match Cafe,,Şişli,Bahçeler Sok No:20,4
85,Vitamin Simit,,Şişli,Büyükdere Cad. No:73/A,0
86,Dogmania,,Şişli,Eski Büyükdere Cad. Atom Sok. No: 20/B,0
87,Solerte,,Şişli,Büyükdere Cad. No: 39/1,5
88,"Tchibo, Şişli",,Şişli,Rumeli Cad. No:52/1,0
89,"Pelit Pastanesi, Maslak",,Şişli,Eski Büyükdere Cad. No:22 (Park Plaza Bağımsız Blm.2),5
90,Çıt Çıt Cafe & Bar,,Şişli,Yeşil Çimen Sok. No:12/427 Esentepe,0
91,"Fındık Kahve, Profilo Avm",,Şişli,Cemal Sahir Cad. No:33 K:Giriş Mecidiyeköy,0
92,"Dolunay Cafe, Tu Ayazağa",,Şişli,Spor Yolu Reşitpaşa Mah.,0
93,Mevlana Pide,,Şişli,Gazeteciler Sit. Keskin Kalem Sok. No: 7,5
94,"Kuğu Pastaneleri, Trump Cadde",,Şişli,Mecidiyeköy Yolu Cad. No: 12,0
95,Cake City,,Şişli,Feriköy Mah. Kurtuluş Cad. No:180/1,0
96,Dive Inn Cafe,,Şişli,Rumeli Cad. Zafer Sok. No:7 Nişantaşı,5
97,The New Yorker Pizza,,Şişli,Avukat Süreyya Ağaoğlu Sok. No: 7/D Nişantaşı,5
98,Karabiber Cafe,,Şişli,Oktay Cebeci Sok. No:31,5
99,Polen Pastanesi,,Şişli,Teşvikiye Mah. Ihlamur Nişantaşı Yolu No:21,5
100,Alem'de Cafe,,Şişli,Şehit Er Cihan Namlı Dereboyu No: 62 (Eski Pazar Sok. ),5
101,"Josefine Cafe & Backerei, Teşvikiye",,Şişli,Güzelbahçe Sok. No: 8,5
102,Bunk Cafe & Dükkan,,Şişli,Güzelbahçe Sok. Arev Apt. No:1/8,5
103,Salata New York,,Şişli,Ahmet Fetgari Sok. No: 38/B,0
104,Canella Bakery,,Şişli,Şakayık Sok. No : 28/A,5
105,Melita Cafe,,Şişli,Avnidilligil Sok. No: 1/A,0
106,Vitamin Mania,,Şişli,Atatürk Oto Sanayi Sit. Nazmi Akbacı İş Merkezi No:251 K:3 Maslak,5
107,Lale Cafe Bar,,Şişli,Halaskargazi Cad. Lale Pasajı No:151/3,5
108,"Tantuni Sofrası, Astoria Avm",,Şişli,Büyükdere Cad. No:127 Esentepe,5
109,"Good Food, Trump Cadde",,Şişli,Mecidiyeköy Yolu Cad. No: 12,5
110,Coffee Republic,,Şişli,Atiye Sok. No:8,5
111,Badem Cafe,,Şişli,Boruçiçeği Sok. No:4,5
112,Atik Büfe,,Şişli,Güzelbahçe Sok. No:23/B,5
113,Riva Cafe,,Şişli,Mecidiye Cad. No:14,5
114,Caffe Dolce Vanilya,,Şişli,Valikonağı Cad. Madalyon Sok. No:6/A D:1 Nişantaşı,5
115,Mashattan Restaurant,,Şişli,Ahi Evren Cad. Rentaş İş Merkezi No:23/F Maslak,0
116,Bomonti Balık,,Şişli,Palazoğlu Sok. No:12,3
117,Doğan Kardeşler Börek Salonu,,Şişli,Atatürk Cad. No:16/A,5
118,Cafe Chatal,,Şişli,Abdi İpekçi Cad. Reasürans Çarşısı No:14 Teşvikiye,5
119,Barnies Cafe,,Şişli,Vali Konağı Cad. No:28,5
120,Ada The Boutique Cafe,,Şişli,Hacı Emin Efendi Sok. No:4 Nişantaşı,5
121,Lavie Cafe,,Şişli,Cami Sok. No:6 Nişantaşı,5
122,"Cafe Crown, Nişantaşı",,Şişli,Güzelbahçe Sok. No:7/B Teşvikiye,5
123,Beymen Casa Clup,,Şişli,Teşvikiye Cad. No:117 Nişantaşı,5
124,Fuala Cafe&Restaurant,,Şişli,Hakkı Yeten Cad. No:10,3
125,Sunday Coffee Shop,,Şişli,Ahmet Fetgari Sok. No: 44/B,4
126,Divan Patisserie,,Şişli,Büyükdere Cad. (Şişli Büyükdere Cad.),0
127,"Aplus Cafe, Acıbadem Hastahanesi Maslak",,Şişli,Darüşşafaka Mah. Büyükdere Cad. No:40,0
128,Dunkin' Donuts,,Şişli,Halaskargazi Cad. Mert Apt. No:61 Harbiye,4
129,Kocatepe Kahve Evi Mecidiyeköy,,Şişli,Büyükdere Cad. No:22,4
130,Cities,,Şişli,Fahri Gizden Sok. No:1/B Gayrettepe,4
131,Ginza Cafe & Restaurant,,Şişli,Ortaklar Cad. Mevlüt Pehlivan Sok. No:5,4
132,"Hamurabi Börek, Şişli",,Şişli,Abide-i Hürriyet Cad. No: 209/1,4
133,Covva Brasserie & Cafe,,Şişli,Maçka Cad. No:16/A Nişantaşı,4
134,Badem Cafe Restaurant,,Şişli,Abide-i Hürriyet Cad. No: 41,0
135,"Bulvar Pastanesi, Esentepe",,Şişli,Kasap Sok. Azer Konak İş Merkezi No: 12,0
136,Melita Patissere,,Şişli,Rumeli Cad. Meriç Apt. No: 21/23 D: 2,0
137,"Passage 55, Milli Reasürans Çarşısı",,Şişli,Abdi İpekçi Cad. H Blok No:43-47,0
138,Tepsi Cafe Restoran,,Şişli,Kore Şehitleri Cad. No:9/2,0
139,Avrupa Yakası Cafe,,Şişli,Büyükdere Cad. No:98/A,3
140,"Jemm's Cafe, Profilo Avm",,Şişli,Cemal Sahir Cad. No:33 K:1/136 Mecidiyeköy,3
141,Cafe The Voice,,Şişli,Salih Tozan Sok. No: 13/A,0
142,Tencere Tava Cafe & Breakfast,,Şişli,Papa Ronchalli Sok. No: 2/C,0
143,Zincirlikuyu Karting Park Cafe & Restaurant,,Şişli,Kore Şehitleri Cad. No: 14,0
144,"Coffeeway, Nişantaşı",,Şişli,Güzelbahçe Sok. No: 7/A,0
145,Nişan Cafe & Restaurant,,Şişli,Ortaklar Cad. No: 41/3,3
146,"Roberts Coffee, Mecidiyeköy",,Şişli,Ortaklar Cad. No:2/B Mecidiyeköy,3
147,Moo Milk & Coffee,,Şişli,Belen Sok. No: 5,0
148,"Robert's Coffee, Anthill Residense",,Şişli,İncirlidede Cad.(Harika Sok.) Anthill Kuleleri A-B Blok No: 6 D:10-11,0
149,"Cafe Molinari, Cevahir Avm",,Şişli,Büyükdere Cad. No:22 Kat:3 Mağaza:352,0
150,Tıkınak Cafe,,Şişli,Sıracevizler Cad. No:116,3
151,"Schiller Chiemsee, Profilo Avm",,Şişli,Cemal Sahir Cad. No:33 Mecidiyeköy,3
152,Extreme Cafe,,Şişli,Halaskargazi Cad.,3
153,21 Restaurant Cafe,,Şişli,Ortaklar Cad. Bahçeler Sok.,3
154,Harbiye Bahçe Cafe,,Şişli,Ölçek Sok. No:41/A Harbiye,3
155,"Nuts Pizza & Cafe, Profilo Avm",,Şişli,Cemal Sahir Cad. No: 33,0
156,"Mado, Profilo Avm",,Şişli,Cemal Sahir Cad. No:33 K:3 Mecidiyeköy,0
157,Uğur Pastanesi,,Şişli,Cumhuriyet Mah. Kazım Orbay Cad. No:24/3 Bomonti,0
158,Cafe Arena,,Şişli,Silahşör Cad. Oktay Cebeci Sok. No: 1/B,0
159,Nespresso Boutique,,Şişli,Abdi Ipekçi Cad. No: 11,0
160,Pasiba Cafe & Restaurant,,Şişli,Lati Lokum Sok. Eser Apt. No:9,0
161,"Cafe Çaydanlık, Profilo Avm",,Şişli,Cemal Sahir Cad. No:33 K:Zemin Mecidiyeköy,0
162,Alaturka Restaurant & Cafe,,Şişli,Ahi Evren Cad. Nezmi Akbacı İş Merkezi No:80 (HSBC Genel Müdürlüğü Karşısı) Maslak,0
163,Arwen Cafe & Restaurant,,Şişli,Şişli Abidei Hürriyet Cad. No:85 D:A,0
164,Fuaye Cafe,,Şişli,Teşvikiye Cad. No:160 Teşvikiye,2
165,"Sade Kahve, Profilo Avm",,Şişli,Cemal Sahir Cad. No:33 Mecidiyeköy,2
166,Balsamico Cafe & Cuisine,,Şişli,Celal Atik Sok. No: 1/1-A,0
167,Viva la Vida,,Şişli,Abdi İpekçi Cad. Milli Reasürans Çarşısı No: 57,0
168,Saklı Bahçe Cafe,,Şişli,Kasap Sok. No: 3,0
169,Trafik Cafe,,Şişli,Halaskargazi Cad. Yılmazlar Pasaj No:309 D:13,0
170,Cafe La Vida,,Şişli,Vali Konağı Cad. No:13/A Nişantaşı,0
171,İstanbul Cafe & Restaurant,,Şişli,Raşit Rıza Sok. No:3 Mecidiyeköy,0
172,Bulvar Cafe & Patisserie,,Şişli,Kasap Sok. No: 12,0
173,Park Cafe,,Şişli,"Harbiye Mah. Cumhuriyet Parkı İçi, No 16, Nişantaşı,",0
174,Blue Cafe Restaurant,,Şişli,Harzemşah Sok. No: 20/A,0
175,Köşebaşı Cafe,,Şişli,Kasap Sok. No: 4/A,0
176,Ezgi's Garden,,Şişli,Roncalli Sok. No:61 (Harbiye İlköğretim Okulu Yanı),0
177,"Tmb Music Point Cafe , Astoria Avm",,Şişli,Büyükdere Cad. No:127,0
178,"Cafe Break, Doğuş Yayın",,Şişli,Eski Büyükdere Cad. Ayazağa Mah. No:15,0
179,Okyanus Cafe,,Şişli,İTÜ Ayazağa Kampüsü Teknoket Arı 1 Binası,0
180,"Lavazza, Vodafone",,Şişli,Vodafone Plaza Büyükdere Cad. No:67 Maslak,0
181,Mayk Kafe,,Şişli,Dr. Şevket Bey Sok. No: 4/13,0
182,"Meyvemix, Trump Towers",,Şişli,Trump Towers B3 Kids Floor,0
183,Fesleğen Cafe,,Şişli,Abide-i Hürriyet Cad. Hasat Sok. No: 52/A,0
184,Balbadem Pastanesi,,Şişli,Oya Sok. Yıldırım Apt. No: 4 Esentepe,0
185,Larose Cafe,,Şişli,Kurtuluş Cad. Seymen Sok. No: 54/A,0
186,The Cupcakery,,Şişli,Avukat Süreyya Ağaoğlu Cad. Köşe Apt. No:10,0
187,Ku-Ki Cafe Restaurant,,Şişli,Ali Sami Yen Sok. No: 10/A,0
188,"Aslı Börek, Şişli",,Şişli,Lati Lokum Sok. (Sivritaş Sok.),1
189,"BAT Lounge, Veko Giz Plaza",,Şişli,Maslak Mah. Maslak Meydan Sok. (G-38. Sok.),0
190,"Pınar Ev Yemekleri, Şişli",,Şişli,Abide-i Hürriyet Cad. No: 150,0
191,Black & White,,Şişli,Halaskargazi Cad. No:45/B Harbiye,0
192,"Mona Lisa Cafe, Nişantaşı",,Şişli,Rumeli Cad. Süleyman Nazif Sok. No:69 D:1 Nişantaşı,1
193,Perpa Simit Cafe,,Şişli,Halil Rıfat Paşa Mah. Perpa Ticaret Merkezi K:11 No:1925 Okmeydanı,0
194,Varol Cafe Restaurant,,Şişli,Balçık Tarlası Sok.,0
195,"Tarchy, Cevahir Avm",,Şişli,Büyükdere Cad. No:22 Kat:5,0
196,"Fresco Plus, Taşkışla",,Şişli,İstanbul Teknik Üniversitesi Taşkışla Cad.,0
197,Şelale Cafe & Restaurant,,Şişli,Naci Cemal Güncer Sok. No:33 Ayazağa (Beykent Üniversitesi Yanı),0
198,Sukas Fırın Pasta Ve Cafe,,Şişli,Abide-i Hürriyet Cad. No:68,0
199,"Art Cafe, Nişantaşı",,Şişli,Valikonağı Cad. Şakayık Sok. Aylin Apt. No: 75/A,0
200,"Zebil Pasta & Cafe, Merkez",,Şişli,Mehmetçik Cad. No: 92,0
201,Marmara Cafe,,Şişli,Kurtuluş Cad. No: 76/A,0
202,Armoni Restaurant & Cafe,,Şişli,Doktor İsmet Öztürk Cad. Şişli Plaza E Blok,0
203,Rumeli Lokantası,,Şişli,Süleyman Nazif Sok. No: 51/B,0
204,Cafe Express,,Şişli,Sakızağacı Sk. No:25/1 Carrefoursa,0
205,Venge,,Şişli,Vali Konağı Cad. Işık Apt. No: 8 – B,0
206,"Cafe De Paris, Nişantaşı",,Şişli,Vali Konağı Cad. No:81 Nişantaşı,0
207,Marmara Soğuk Sandviç & Döner,,Şişli,Dere Sok. No: 20 Osmanbey,0
208,Cafe Elmas,,Şişli,Sadet Sok. No: 1/A,0
209,Losta Cafe,,Şişli,Yazarlar Sok. No:3,0
210,Cafe Türk,,Şişli,Kasap Sok. Özlem Konak Pasajı No:6/6,0
211,Ingbank Genel Müdürlüğü B1 Kafeterya,,Şişli,Eski Bayükdere Cad. (Maslak Ayazağa Köy Yolu) No:6,0
212,"New Shake, Profilo Avm",,Şişli,Cemal Sahir Cad. No:33 K:3 Mecidiyeköy,0
213,Bilgi Cafe,,Şişli,Kızılcık Mahmut Sok. No:28,0
214,Yaprak Pastanesi,,Şişli,Etfal Hastanesi Sok. No: 2/B,0
215,Ayintap Fast Food,,Şişli,Salattin Pınar Cd. Darcan Sk. Kılıç pasajı No:1/Z9,0
216,Atölye Restorant,,Şişli,İnan Kıraç Sok. No: 2/A Nişantaşı,0
217,Shiva Cafe,,Şişli,Aytekin Kotil Cad. Gürkan Apt. No: 9/A,0
218,Özge Börek Salonu,,Şişli,Şehit Ertuğrul Kabataş Cad. No: 41/A,0
219,Chamay Cafe,,Şişli,Ferah Sok. No: 33,0
220,Biz Çevre Pastanesi,,Şişli,Bülent Tarcan Cad. No: 2/1,0
221,Mavi Cafe,,Şişli,Abdi İpekçi Cad. No:20 Nişantaşı/Teşvikiye,0
222,"Pool Cafe, Hilton İstanbul",,Şişli,Cumhuriyet Cad. Harbiye,0
223,"All Inn, Mecidiyeköy",,Şişli,Ortaklar Cad. Örmeci Sok. Ürün Apt. No:1/1B Mecidiyeköy,0
224,"Onur Cafe, Profilo Avm",,Şişli,Cemal Sahir Cad. No:33 K:Zemin Mecidiyeköy,0
225,"The Lifeco, Migros",,Şişli,Nazmi Akbacı İş Merkezi No:262,0
226,Özbek Cafe Börek Salonu,,Şişli,İzzetpaşa Mah. Susam Sok No:1,0
227,Cafe Nova,,Şişli,Kasap Sok. No:19,0
228,Ihlara Cafe,,Şişli,Valikonağı Cad. No:173/2,0
229,"Pinky Frozen Yoğurt, City's Nişantaşı Avm",,Şişli,Teşvikiye Cad. No:162 Nişantaşı,0
230,"Home Store Cafe, Nişantaşı",,Şişli,Teşvikiye Cad. Rıfat Gürani Pasajı No:14/A K:Zemin,0
231,Chrysantheme Cafe,,Şişli,Mim Kemal Öke Cad. No: 23,0
232,Food Factory,,Şişli,City's Nişantaşı Avm Teşvikiye Cad. No:162/414 ,0
233,"Bon a Petit Cafe & Cake, Radisson Blu Hotel",,Şişli,19 Mayıs Cad. No: 2,0
234,"Lobby Lounge, The Marmara Hotel - Şişli",,Şişli,Ortaklar Cad. No:30 Mecidiyeköy,0
235,Therapy Karaoke Cafe Bar Restaurant,,Şişli,Büyükdere Cad. Kral Apt. No:75/10 Mecidiyeköy,0
236,Own Coffeee Company,,Şişli,Ahmet Fetgari Sok. No: 31/A,0
237,"Çardak Cafe, Osmanbey",,Şişli,Cumhuriyet Cad. Teyyareci Fehmi Sok. No: 32/A,0
238,Teşvikiye Gedikli Cafe,,Şişli,Teşvikiye Cad. No:2/B,0
239,Pangaltı Cafe,,Şişli,Ergenekon Cad. No: 186,0
240,Zencii Cafe Bistro,,Şişli,Vali Konağı Cad. Poyracık Sok. No: 38/A,0
241,İstiklal Cafe,,Şişli,Baruthane Cad. No: 100,0
242,"Therapy Cafe & Restaurant, Mecidiyeköy",,Şişli,Büyükdere Cad. Naci Kasım Sok. No:6/A,0
243,"Bomonti Gourmet, Bomonti Gourmet",,Şişli,İncirli Dede Cad. No: 41 Divan Residence 1.Kat,0
244,"Dürüm Box, Levent Merkez",,Şişli,Kardeşler Cad. No: 7,0
245,Alaturka Kebap,,Şişli,Mumcu Sok. No: 6/B,0
246,"Culina Consept, Maya Akar Center",,Şişli,Büyükdere Cad. No:100-102,0
247,Manhattan Cafe,,Şişli,Güzelbahçe Sok. No:8 (Amerikan Hastanesi Sokağı) Nişantaşı,0
248,"Inncity Hotel Cafe, Inncity Hotel",,Şişli,Halaskargazi Mah. Dershane Sok. No:20 Nişantaşı,0
249,Çiçek Restaurant,,Şişli,Alpay Altan Sadi Sok. No: 9/13C,0
250,La Rose Lounge Cafe,,Şişli,Seymen sok No:54/A Kurtulus Sisli,0
251,Salim Kardeşler,,Şişli,Şişli Etfal Sok. No: 3/B,0
252,Çiçek Restaurant & Cafe,,Şişli,Saadet Hanım Sok. No: 5/A Fulya,0
253,Cafe Mina,,Şişli,Ortaklar Cad. Sakızağacı Sok. No: 1H,0
254,Hotpot Cafe,,Şişli,Perihan Sok. Erbil Apt. No: 73/B,0
255,Lezzetçi Gurme Cafe,,Şişli,Hüsrevgerede Cad. Fırın Sok. No: 3/B,0
256,Un7 Pasta Cafe,,Şişli,Kore Şehitleri Cad. No: 2/A,0
257,TMT Cafe & Restaurant,,Şişli,Mehmetcik Cad. No: 72/1,0
258,Polen Cafe & Patisserie,,Şişli,Vali Konağı Cad. No: 84 Nişantaşı,0
259,"Emek Cafe Börek & Pide, Şişli",,Şişli,Abide-i Hürriyet Cad. Yonca Apt. No: 148/B,0
260,Ayşe Bakery,,Şişli,Teşvikiye Mah. Av. Süreyya Ağaoğlu Sok. Divan Palas 43/15 Nişantaşı,0
261,Ye İç Express,,Şişli,"Cumhuriyet Mah. Silahşör Cad. No: 73, Bomonti",0
262,"Cafe Bien Loti, Trump Cadde",,Şişli,Mecidiyeköy Yolu Cad. No:12,0
263,"The Terrace Cafe - Mim Hotel, Mim Hotel",,Şişli,Öğretmen Haşim Çeken Cad. Ferah Sok. No: 20,0
264,Andon Machka Park,,Şişli,Abdi İpekçi Cad. Maçka Parkı İçi No: 5,0
265,"Home Store Kahve, Trump Cadde",,Şişli,Mecidiyeköy Yolu Cad. No: 12,0
266,"Cafe La, Şişli",,Şişli,Huzur Mah. Umar Sok. No: 2,0
267,"Lasagrada Brasserie, Lasagrada Hotel",,Şişli,Halaskargazi Cad. No: 90,0
268,Milanos Cafe,,Şişli,Şişli Gökkuşağı Sok. No: 5,0
269,2z Cafe & Restaurant,,Şişli,Kasap Sok. No: 13/B,0
270,Dore,,Şişli,Çoruk Sok. No: 14/B,0
271,Küçük Çiftlik Cafe & Restaurant,,Şişli,Harbiye Mah. Abdi İpekçi Cad. Maçka Demokrasi Parkı İçi No: 2 Nişantaşı,0
272,Me'va Cafe,,Şişli,Ahmet Fetgari Sok. No: 18/B,0
273,"Kahve Dükkanı, Profilo Avm",,Şişli,Cemal Sahir Cad. No: 33 K: 3,0
274,"Caffe Molinari, Cevahir Avm",,Şişli,Büyükdere Cad. No:22 K:3,0
275,Cafe On,,Şişli,Halaskargazi Cad. No: 10/A,0
276,Yemek Dünyası,,Şişli,Mecidiye Cad. No: 14/A,0
277,Nif Cafe & Restaurant - Nif Hotel,,Şişli,"Nif Hotel, Oya Sok. No:14",0
278,Cafe Miss,,Şişli,İnönü Cad. No:55,0
279,Borsa Cafe,,Şişli,Halaskargazi Cad. No: 117 Osmanbey,0
280,No.24 Cafe Pub Restaurant,,Şişli,Büyükdere Cad. Naci Kasım Sok. No: 6/A,0
281,"Cafe Al Sinno, Al Sinno Hotel",,Şişli,Dolapdere Cad. No: 183 Dolapdere,0
282,"Sir Winston, Milli Reasürans Çarşısı",,Şişli,Abdi İpekçi Cad. No:62,0
283,Max Cafe,,Şişli,Ortaklar Cad. No:10,0
284,Amazon Cafe,,Şişli,Cemal Sahir Cad. No: 33,0
285,"Cafe Sofa, The Sofa Hotel & Residences",,Şişli,Teşvikiye Cad. No:41,0
286,"Kahve Diyarı, 4 Levent",,Şişli,Eski Büyükdere Cad. No: 27,0
287,Al Jazeera Cafeteria,,Şişli,Huzur MAh. Fatih Caddesi,0
288,Sempatik Cafe,,Şişli,Mevlüt Pehlivan Sok. No:13/A,0
289,S & TP Cafe,,Şişli,Gazeteciler Mah. Keskin Kalem Sok. No:23 D:1 Esentepe,0
290,Trend Cafe,,Şişli,Vali Konağı Cad. No:25/A Nişantaşı,0
291,Mehir Cafe,,Şişli,Rumeli Cad. Matbaacı Osmanbey Sok. No:46/B,0
292,Tuz Kafe,,Şişli,Abdi İpekçi Cad. Milli Reasürans Çarşısı D:45 Nişantaşı,0
293,Cafe and Restoran,,Şişli,Abide-i Hürriyet Cad. İzzet Paşa Sok. No:15/A,0
294,Love Yo,,Şişli,İstanbul Cevahir A.V.M No:22 K:5,0
295,Match Cafe,,Şişli,Nazmi Akbacı Ticaret Merk. No:19/D Maslak,0
296,Dore Cafe & Restaurant,,Şişli,19 Mayıs Cad. Yaşar Doğu Sok. No:1 Ondokuz Mayıs (Kalp Vakfı Karşısı),0
297,Damak Cafe & Ev Yemekleri,,Şişli,Meşrutiyet Mah. Albay Sadri Alantar Sok. No:13/C Nişantaşı,0
298,Hanımelim Cafe & Ev Yemekleri,,Şişli,Akkirman Sok. No:37/A Nişantaşı,0
299,Cafe İsminur,,Şişli,Abdi İpekçi Cad. No:81 Maçka,0
300,Mec Cafe,,Şişli,Ortaklar Cad. No:10/1 Köşem Apt. Mecidiyeköy,0
301,Manhattan Cafe,,Şişli,Valikonağı Cad. Güzelbahçe Sok. No:8,0
302,"Divan Pastaneleri, Elmadağ-Divan Otel",,Şişli,Askerocağı Cad. No:1 Elmadağ,0
303,"Kafe Kare, Profilo Avm",,Şişli,Cemal Sahir Cad. No:33 K:3 Mecidiyeköy,0
304,"Simit Sarayı, Profilo Avm",,Şişli,Cemal Sahir Cad. No: 33/3,0
305,Eyfelium Restaurant & Cafe,,Şişli,Selahattin Pınar Cad No:2 Mecidiyeköy,0
306,Tayfun Cafe,,Şişli,Huzur Sok.No:13,0
307,"Tıkınak Cafe, Teşvikiye",,Şişli,Ahmet Fetgari Sok. No:38,0
308,Cafe Ev Yemekleri,,Şişli,Tavukçu Fethi Sok.,0
309,Merit Cafe & Restaurant,,Şişli,Rumeli Cad. No:81 Nişantaşı,0
310,Cafe Görüş,,Şişli,Babil Sok.,0
311,Play Cafe,,Şişli,İstanbul Atlı Spor Kulübü Binicilik Tesisleri Üçyol Mevkii,0
312,Merkez Genç Tat Börek Salonu,,Şişli,Halide Edip Adıvar Cad.,0
313,Doyurcan Cafe,,Şişli,Dereboyu Cad. No:62,0
314,Emek Cafe,,Şişli,Maslak Mah. Atatürk Oto San. Sit. No: 76,0
315,Gürçay Cafe,,Şişli,Mehmetçik Cad. No:104 Mecidiyeköy,0
316,Güleryüz Börek ve Pide Salonu,,Şişli,Mecidiye Cad. No:14/52,0
317,Şire Baklava Börek,,Şişli,Mesut Cemil Sok. No:52,0
318,Yağmur Cafe,,Şişli,Kazım Orbay Cad. No:68,0
319,Cafe Talya,,Şişli,Oktay Cebeci Sok.,0
320,Cafe Suzy's,,Şişli,Ahi Evren Cad. Atatürk Oto San. Sit. N:105 Akbacı İş. Mrk.,0
321,Mix Cafe,,Şişli,Abide- İ Hürriyet Cad. Reha Yurdakul Sok. No:15 Dük:1,0
322,Cafe Dore,,Şişli,Büyükdere Cad. No:58 Dük:1,0
323,Leea Cafe,,Şişli,Harbiye Mah Abdi İpekçi Cad. No:7/2,0
324,Trend Nişantaşı Cafe & Bar,,Şişli,Valikonağı Cad. No:25 D:A,0
325,Cafehall,,Şişli,Büyükdere Cad. No:22,0
326,İl Patio,,Şişli,Mim Kemal Öke Cad. No:15,0
327,Cool Beans,,Şişli,Valikonağı Cad. No:62 Nişantaşı,0
328,Eat and Chat,,Şişli,Mehmetçik Cad. No:20/1 Fulya,0
329,Berfin Börek,,Şişli,T. M. Ali Bey Sok.,0
330,Can Cafe,,Şişli,Bahçeler Sok No:5,0
331,Farah Cafe,,Şişli,Büyükdere Cad. Keskin Kalem Sok. Gazeticiler Sit. No:2 D:2,0
332,Emek Kafeterya,,Şişli,Maslak Mah. 13. Sok. No:456,0
333,Berk Cafe,,Şişli,Kasap Sok. Eser Apt. A Blok No:16 D:7,0
334,Cafe Maçka,,Şişli,Bayıldım Cad.,0
335,Masal Cafe,,Şişli,Mehmetçik Cad.,0
336,Tatdoy Cafe,,Şişli,Büyükdere Cad. No:95/C Çınar Apt.,0
337,Mekanist Cafe,,Şişli,İTÜ Kampüsü Karşısı Maslak,0
338,Şişli Köfte Piyaz,,Şişli,Halaskargazi Cad. No:67/1,0
339,Studio Cafe,,Şişli,Eski Büyükdere Cad. G/40 Sok. No:34 Maslak (Ayazağa Yolu Girişi),0
340,Tikina,,Şişli,Şakayık Sok. No:37 Teşvikiye,0
341,Cafe Time Out,,Şişli,Ahmet Fetgari Sok. (Kalıpçı Sokak) No:148/1 (Teşvikiye Camii Arkası) Teşvikiye,0
342,Buz Cafe,,Şişli,Abdi İpekçi Caddesi. No:42/2 Nişantaşı,0
343,Cafe Dedikodu,,Şişli,Halaskargazi Cad. No:252/4,0
344,Cafe Baron,,Şişli,Akkavak Sok. No:12 Nişantaşı,0
345,Bliss,,Şişli,Gazeteciler Mah. Keskin Kalem Sok. No:8/2 Esentepe,0
