,0,1,2,3,4
0,Süslü Konak,,Ataşehir,Lale Sok. No: 8,4
1,Çotla Cafe & Restaurant,,Ataşehir,Kayışdağı Cad. Nene Hatun Sok. No:3/6-A Kayışdağı,0
2,Balkon Cafe,,Ataşehir,Ataşehir Bul. 38 Ada No: 10/A,0
3,"Beyaz Fırın, Ataşehir",,Ataşehir,Ataşehir Karaman Çiftliği Cad,5
4,KafeinHouse Coffee,,Ataşehir,Kayışdağı Cad. No:314B,3
5,Robert's coffe,,Ataşehir,Sedef Cad. 31. Ada Residence B Blok K:20 D:82,0
6,Piramit Cafe,,Ataşehir,Şerif Ali Yolu Cad. No:38 Küçükbakkalköy,5
7,"Shorba Restaurant, Ataşehir",,Ataşehir,Ata Plaza 3/5 Arkadlı Çarşı No: 3,0
8,"Gourmet Garage, Ataşehir",,Ataşehir,Dereboyu Cad. Uphil Court Sit. Bina No:4 D:1/E,0
9,Escape Cafe,,Ataşehir,Kayışdağı Cad. Aşık Veysel Sok. No:2/1,5
10,Çisel Cafe,,Ataşehir,Sedef Cad. Ata 3/2 No:36,0
11,Altın Elek Pastanesi,,Ataşehir,Karadeniz Cad. No:2,0
12,Balkon Cafe & Restaurant,,Ataşehir,Ataşehir Bulv. 38.Ada No:10/62,0
13,Ayışığı Pasta Cafe,,Ataşehir,Ali Fuat Başgil Cad. No: 4 Daire: 1,4
14,Gülümse Cafe,,Ataşehir,Küçükbakkalköy Yolu Parlar Apt. No:35/A,0
15,Lucina Restaurant Cafe Bar,,Ataşehir,Sait Cordan Sok. No: 14,5
16,Tıkırtı Cafe & Restaurant,,Ataşehir,Kayışdağı Cad. Bakır Apt. No:61/A,3
17,Besa Pasta & Cafe,,Ataşehir,Karslı Ahmet Cad. No: 21/3,5
18,"Krispy Kreme, Palladium Avm",,Ataşehir,Halk Cad. No:8/B,0
19,Cafe Trend Dünya Mutfağı,,Ataşehir,Dereboyu Cad. Leylak Sok. D: 2,0
20,Gurme Köfte Izgara,,Ataşehir,Dilek Sabancı Cad. No: 2,5
21,Mandalin Cafe & Restaurant,,Ataşehir,"İçerenköy Mah, Kayışdağı Cad, Rize Sok, No 38,",5
22,Liva Cafe,,Ataşehir,Şerifali Mah. Bayraktar Bul. No:58,4
23,"Maria's Cheesecakes, Ataşehir",,Ataşehir,36 Ada Ata Blok 2-3 No:11,0
24,Bumble Bee,,Ataşehir,Akın Cad. Barbaros Sok. No:3/A,0
25,"Cafe Pele, Brandium Avm",,Ataşehir,Dudullu Yolu Cad. No 23-25,0
26,Erçe Pastanesi,,Ataşehir,Kayışdağı Yolu Cad. No:72/4,3
27,"Kahve Dünyası, Palladium Avm",,Ataşehir,Halk Cad. No:8/B,0
28,"Mountain Cafe, Yeditepe Üniversitesi",,Ataşehir,Kayışdağı Cad.Aşık Veysel Sok. 2,0
29,Orkide Cafe,,Ataşehir,Karslı Ahmet Cad. Birlik Pasajı No:25/7 İçerenköy,4
30,"Open Taste Cafe & Restaurant, Andromeda Residence",,Ataşehir,Barbaros Mah. Ihlamur Sok. No:4/A Batı Ataşehir,0
31,Dostlar Cay Bahcesi,,Ataşehir,Kayışdağı Cad. No:87,0
32,"Bistro Daphne Cafe, Kentçarşı Avm",,Ataşehir,Ardıç Sok. Kat: 2,0
33,Çisel Fani Cafe,,Ataşehir,Ataşehir Ada 38 Ata 3/2 No:36,5
34,Pileki,,Ataşehir,Engin Sok. Kayışdağı Cad. No: 100/B,4
35,Ağaoğlu Suncity PooL Cafe,,Ataşehir,Fesleğen Sok.,0
36,"Cezve Cafe, Brandium Avm",,Ataşehir,Dereboyu Cad. No:29,5
37,Otantik Cafe,,Ataşehir,Kevser Sok.,5
38,Sedir Cafe,,Ataşehir,Akyazılı Cad.,5
39,Ali Ağa Nargile Cafe Türkü Evi,,Ataşehir,Akyazılı Cad.,5
40,"Hayal Kahvesi, Optimum Outlet Avm",,Ataşehir,İstiklal Sok. No:10/4 Yenisahra,5
41,Lila Pastanesi,,Ataşehir,Ulusu Cad. No:4,5
42,"Değirmen Pastaneleri, Ataşehir",,Ataşehir,Kayışdağı Cad. No:310 Kayışdağı,5
43,Nart Cafe,,Ataşehir,Şerifali Yolu Cad. Emek Apt. No:20 Küçükbakkalköy,4
44,"Tchibo, Kadıköy - Palladium Avm",,Ataşehir,Halk Cad. No:6,0
45,Almina Cafe Restaurant,,Ataşehir,Alanaldı Cad. No:18,4
46,Luna Yemek Vesaire,,Ataşehir,Ahlat Sok. Varyap Meridian E Blok Dükkan:3 Batı Ataşehir,3
47,Limon Cafe,,Ataşehir,"Küçükbakkalköy Mah, Şerif Ali Yolu Cad, No 47,",0
48,Tuana Dondurma Cafe,,Ataşehir,Alanaldı Cad. No: 22/1,0
49,"Juice Planet, Optimum Outlet Avm",,Ataşehir,İstiklal Cad. Kat. 1,0
50,7 Tepe Cordon Cafe,,Ataşehir,Aşık Veysel Sok. No:1/2,0
51,Pancar Cafe,,Ataşehir,Kayışdagı Mah. Baykal Sok. No:13/A,0
52,Casa Fresca,,Ataşehir,Barbaros Mah. Dereboyu Cad. Leylak Sok. Ağaoğlu My World Andromeda C8-G Batı Ataşehir,0
53,Family Cafe & Cay Bahcesi,,Ataşehir,Ataşehir 5. Cad.,0
54,Lale Cafe,,Ataşehir,Kayışdağı Cad. No: 186/B,0
55,Jules Verne Cafe,,Ataşehir,Kayışdağı Cad. Sümbül Sok. Başak Apt. No:1,0
56,Cafe Rico,,Ataşehir,Çetinkaya Sok. No:6/1,0
57,Erasmus Cafe,,Ataşehir,Ali Ay Sok. No:6/A,0
58,Kayra Cafe & Restaurant,,Ataşehir,Karaman Çiftlik Yolu Cad. Rize Sok. No: 3/1,0
59,Caffe Lucas Si,,Ataşehir,Aşık Veysel Sok. No:2-16,0
60,Tost Makinesi,,Ataşehir,Atatürk Bul. 36 Ada Ata 2/2 Blok No:3,0
61,Gossip Cafe,,Ataşehir,Kayışdağı Cad. Baykal Sok. No:5 Yeditepe Üni. Karşısı Kayışdağı,0
62,Murat Meyhane Deneme,,Ataşehir,Lale Sok. No: 1,0
63,"Comma Cafe & Restaurant, İçerenköy",,Ataşehir,Tabiat Sok. No:14 İçerenköy,0
64,Pasha Nargile,,Ataşehir,Ataşehir Sedef Cad. No:1,0
65,İnci Yemek & Cafe,,Ataşehir,Yedpa Ticaret Merkezi Yedpa E Cad. D:RK4 Yeni Çamlıca,0
66,Dora Cafe & Restaurant,,Ataşehir,Eski Üsküdar Yolu Topçu İbrahim Sok. No:11,0
67,Pera Cafe & Restaurant,,Ataşehir,Girne Cad. No:30,0
68,Sharmelie Cafe & Restaurant,,Ataşehir,Sülün Cad. No:23 Ataşehir,0
69,Dostlar Cafe,,Ataşehir,Çayıryolu Çık. No: 22/ 7-8,0
70,Kumpir Cafe,,Ataşehir,G-30 Sok. No:4,0
71,Cafe Niz,,Ataşehir,Topçu İbrahim Sok. No:1/2,0
72,"Kahve Dünyası, Carrefoursa Avm",,Ataşehir,Halbinası Yanı Eski Geneto Arsası İçerenköy,0
73,By Adalı,,Ataşehir,Kubilay Sok. No: 10,0
74,Point Bar Grill Lounge,,Ataşehir,Brandium Residence No: 25,0
75,Efendi Tatlar Restaurant,,Ataşehir,Mor Menekşe Sok. No:3/A Batı Ataşehir,0
76,Ada Cafe,,Ataşehir,Karaman Çiftlik Yolu Cad. No: 60,0
77,Silence Patisserie & Cafe,,Ataşehir,Dudullu Yolu Cad. No: 23/25,0
78,Cafe de Kahve,,Ataşehir,Baraj Yolu Cad. No: 37,0
79,Eylülce Pastane & Cafe,,Ataşehir,Kayışdağı Cad.,0
80,Femme Cafe,,Ataşehir,Dereboyu Cad. No: 6/1,0
81,30 Ağustos Cafe,,Ataşehir,Sakarya Cad. 30 Ağustos Parkı,0
82,Yeditepe Aile Çay Bahçesi,,Ataşehir,Akyazılı Cad. No: 44/1,0
83,Cezve Kahve Durağı,,Ataşehir,Dudullu Yolu Cad. No: 23-25,0
84,Çişe Pasta Cafe,,Ataşehir,Fatih Cad. No: 2,0
85,Orçun Cafe,,Ataşehir,Baykal Cad. No: 9,0
86,Pelikan Cafe,,Ataşehir,Şükran Sok. No: 2/A,0
87,Coffee Mania,,Ataşehir,İstiklal Cad. K: 1,0
88,Cafe Palas,,Ataşehir,Atilla İlhan Cad. No: 2,0
89,Emek Pastane & Cafe,,Ataşehir,3001 Cad. No: 67,0
90,AVM Cafe,,Ataşehir,No: 6,0
91,The Corner Book Store & Coffee House,,Ataşehir,Ataşehir Bul. 38 Ada Ata Plaza 3/1 No: 10/C,0
92,Barnie's,,Ataşehir,CarrefourSA İçerenköy. Kat Z.,0
93,Titiz,,Ataşehir,Dilek Sabancı Cad. No: 24,0
94,Sesa Pasta Cafe,,Ataşehir,Fatih Cad. No:27,0
95,Orta Cafe,,Ataşehir,"İçerenköy Mah, Karslı Ahmet Cad, No 28/A,",0
96,Caffe Lucas Si,,Ataşehir,Kayışdağı Cad. Aşık Veysel Sok. No: 1,0
97,Mirhan Cafe,,Ataşehir,Memba Sok. No:12,0
98,"Home Art Teras Cafe, Ataşehir Mozaik Çarşı",,Ataşehir,Ataşehir Bul. Mozaik Çarşı No:8,0
99,Kort Cafe,,Ataşehir,İstanbul Cad. Kentplus,0
100,Kafein House Coffee,,Ataşehir,Kayışdağı Cad. No: 314/B,0
101,Aman Nargile Cafe,,Ataşehir,Ataşehir Atasehir Bul. No:3,0
102,Mish,,Ataşehir,İstiklal Sok. Optimum A.V.M No:10 K:3 Yeni Sahra,0
103,Chocolate Cafe,,Ataşehir,Halk Cad. Trio Konutlari Hillside No:99,0
104,Maje Restaurant & Cafe,,Ataşehir,Turgut Özal Bul. No:13/D (Ağaoğlu Sky Towers My Club Yanında),0
105,"Diamond Cafe, Kent Çarşı Avm",,Ataşehir,Barbaros Mah. Dereboyu Cad. Karanfil Sok. 3351 Ada K:1/29 Batı Ataşehir,0
106,Noodle Factory,,Ataşehir,Kayışdağı Cad. No:243/A Kayışdağı,0
107,"Bilpot, Ataşehir",,Ataşehir,Girne Cad. No:30/1,0
108,"Bilpot Cafe & Restaurant & Patisserie, Ataşehir",,Ataşehir,Girne Cad. No: 30/1,0
109,Figo Cafe,,Ataşehir,Karaman Çiftliği Yolu No:45,0
110,Harman Cafe,,Ataşehir,Kayışdağı Yolu Cad. No:124,0
111,Yediler Izgara Cafe,,Ataşehir,Kayışdağı Cad.,0
112,Zeynel Muhallebi,,Ataşehir,Ataşehir Bul. Mozaik Çarşı No:8,0
113,Oksijen Aroma Cafe,,Ataşehir,Ataşehir Bul. Mozaik Çarşı No:29,0
114,Haper,,Ataşehir,Dereboyu Cad. Uphil Cord Siteleri No: 1/E,0
