,0,1,2,3,4
0,Club Areena,,Marmaris,Marmaris Barlar Sok. (39. Sok),4
1,Backstreet Club,,Marmaris,Barlar Sok. No:39,5
2,Davy Jones's Locker,,Marmaris,Barlar Sok.,5
3,La Rocca Cafe Bar,,Marmaris,39. Sok. No:68,0
4,Castle Cafe & Bar,,Marmaris,37. Sok. No:59 Çamdibi,0
5,Merlin,,Marmaris,Barbaros Cad.,3
6,Mascara Bar,,Marmaris,Yat Limanı,0
7,Back Street Disco,,Marmaris,39. Sok No:39,4
8,"Club Alem, Yaylalı Center",,Marmaris,Adnan Menderes Cad.,3
9,La Rocca Cafe Bar,,Marmaris,39.Sok. No:68/A,4
10,Pupa Bar,,Marmaris,Barbaros Cad. Barlar Sok. No:217,0
