,0,1,2,3,4
0,"Marmarion Teras, Istanbul",,Fatih,Sekbanbaşı Sok. No:6 - Beyazıt,5
1,Takatuka Tur,,Fatih,Cibali Cad. No: 39/B,5
2,Fener Köşkü Restaurant,,Fatih,Abdülezel Paşa Cad. No:115,2
3,Club Bacardi,,Fatih,Mustafa Kemal Paşa Cad. No:337/1 Aksaray,0
4,"The Torth Shield, Sultanahmet",,Fatih,Ebusuut Cad. No:2,4
5,"Sekbanbaşı Cafe & Bar, Antik Hotel",,Fatih,Ordu Cad. Sekbanbaşı Sok. (Darphane Sok.) No:10 Beyazıt,4
6,Just Bar,,Fatih,Akbıyık Cad. No:18 Sultanahmet,0
7,"Antik Cisterna, Antik Hotel",,Fatih,Ordu Cad. Sekbanbaşı Sok.(Darphane Sok.) No:10 Beyazıt,3
8,Arkat Restaurant,,Fatih,Fethibey Cad. Tarihi Taşhan Bazaar No : 47 / 17,0
9,"B Lounge, Barcelo Eresin Topkapı",,Fatih,Millet Cad. No:186,0
10,Roof Bar & Restaurant,,Fatih,Küçük Ayasofya Cad. No: 35,0
11,Mitani Kafe Bar Lounge,,Fatih,Akbıyık Cad. No: 34,0
12,"Roof Bar, Legacy Ottoman Hotel",,Fatih,Hobyar Mah. Hamidiye Cad. No:16 Sirkeci,0
13,"Lobby Bar, Best Western Premier Home Suites & Spa",,Fatih,Küçükayasofya Cad. No: 60 Sultanahmet,0
14,"Teras Restaurant & Bar, Sarnıç Premier Hotel",,Fatih,Küçük Ayasofya Cad. No:26 Sultanahmet,0
15,"Column Bar, Eresin Crown Hotel",,Fatih,Küçükayasofya Cad. No:40 Sultanahmet,0
16,Room Bar,,Fatih,Kemalpaşa Mah. Selimpaşa Sok. No:21 Laleli - Aksaray,0
17,"Golden Horn Bar, Kent Hotel İstanbul",,Fatih,Ordu Cad. No:2/4 Beyazıt,0
18,"İnter Bar, Best Western Senator Hotel",,Fatih,Gençtürk Cad. Şirvanizade Sok.No:7/11 Şehzadebaşı,0
