,0,1,2,3,4
0,Hidden Garden,,Mudanya,Işıltı Sok. No:36,5
1,İncir Cafe,,Mudanya,Halitpaşa Cad. No:1,4
2,Coffee Shot,,Mudanya,Mutareke Mah. Abidin Bey Sok. No:4,0
3,"Wagon Cafe & Bar, Montania Hotel",,Mudanya,İstasyon Cad.,0
4,Deniz Feneri Cafe,,Mudanya,Mütareke Yanı No:10,0
5,Falez Cafe,,Mudanya,Kumyaka Köyü Girişi Kumyaka,0
6,Sima Cafe,,Mudanya,Değirmendere Sok.,0
7,Derya Cafe,,Mudanya,12 Eylül Cad.,0
8,Ortam Cafe,,Mudanya,Marina Blv. İskele Sok. No:1 Güzelyalı,0
9,Portakal Cafe,,Mudanya,Burgaz Cad. Sahilyolu No:67/A,0
10,"Tchibo, Korupark Avm",,Mudanya,Adnan Menderes Mah. No:2 Mağaza No:0047,0
11,Kizdenizi Cafe,,Mudanya,İskele Cad. Yalı Sok. No:20 Zeytinbağı,0
12,Palmiye cafe,,Mudanya,Hocaalizade Mah. İpar Cd 86,0
13,Meriç Cafe- Aile Çay Bahçesi,,Mudanya,Halitpaşa Cad. No:87,0
14,Huzur Kahvesi,,Mudanya,Halitpaşa Cad. İskele Meydanı,0
15,Tarçın Cafe,,Mudanya,Bademli Evleri 27. Sok. No:17/A (Bademli Köy Giriş Karşısı),0
