,0,1,2,3,4
0,Mona Seraa Başakşehir,,Başakşehir,Kayaşehir Bul. 46 LS Park Mavera 2 Sit. T-1 Blok 32 Nolu,4
1,"Big Yellow Taxi Benzin Cafe, Başakşehir",,Başakşehir,Doğa Park Cad. No:14/K Bahçeşehir Gölet Mevkii,0
2,Sheesha Cafe,,Başakşehir,Ali Soylu Bul. Sular Vadisi 4-5 Etap,5
3,Grand Sera Café & Restaurant,,Başakşehir,4.Etap 1.Kısım Celaleddini Rumi Cad. No:39,0
4,Sisha Cafe,,Başakşehir,1. Kısım Mah. Süzer Bul. No:8-9,0
5,"Hublee Bubblee, Şehri Bazaar Avm",,Başakşehir,Dereköy Mevkii Süzer Bul. No:268/3 Bahçeşehir,0
6,Sultan Bahçe,,Başakşehir,Mimar Sinan Cad.,0
7,Kir Kahvesi,,Başakşehir,Başak mah. Turna sok. No :2,0
8,Loca Life Cafe Restaurant,,Başakşehir,Yunus Emre Cad. No: 35/6 Sular Vadisi Nikah sarayı Karşısı,0
9,"Wienerwald, Bahçeşehir 34",,Başakşehir,Kemal Sunal Cad. Galleria Çarşısı No: 13-19,0
10,Ayan Cafe,,Başakşehir,Mevlana Celaleddini Rumi Cad.,0
11,"La Vache Bahçeşehir, Kc Şehribazar Avm",,Başakşehir,D Blok No:8,0
12,Şehrin Kayfesi,,Başakşehir,Avni Akyol Bul. Loca Rezidans,0
13,Cafe Nova,,Başakşehir,Bahçeşehir 2. Kısım Mah. Şelale Cad. Terrace Garden No: 15/A,0
14,"Aslı Börek, Galeria  Avm",,Başakşehir,Kemal Sunal Bul. 1. Kısım No: 2 Ataköy,0
15,Espressamente İlly,,Başakşehir,Esenyurt Mah. No: 8,0
16,Karen,,Başakşehir,Süzer Bul. Dereköy Mevkii No: 1,0
17,26. Sokak,,Başakşehir,Tahtakale Mah. Bizimevler 4 Sit. T2 Blok No:30,0
18,Görgülü Pastaneleri,,Başakşehir,"Bahçeşehir 2. Kısım Mah, Şelale Cad, Terrace Garden, No 19,",0
19,Esenkent Teras Cafe,,Başakşehir,Esenkent Mah. Hoşdere Cad. Atatürk Yürüyüş Yolu,0
20,El & Ze Cafe,,Başakşehir,1.kısım Bahçeşehir Ticaret Merkezi Zemin kat. No:3 Bahçeşehir,0
21,N'fess Restaurant & Cafe,,Başakşehir,Şelale Cad. Bahçeşehir Park Çarşı T1 Blok No:5 Bahçeşehir,0
22,"Hot Point, Ispartakule",,Başakşehir,Avrupa Konutları 1. Etap 5B Bahçeşehir,0
23,Acıktım Cafe Restaurant,,Başakşehir,Kemal Sunal Cad. Galleria Çarşısı No:19 D:17 Bahçeşehir,0
24,Salt Fastfood Cafe,,Başakşehir,Cihangir Sok. Başakşehir 1. Etap Kiptaş Çarşısı No:1/B (Uyum Market Yanı),0
25,Üçyüzaltmış Cafe,,Başakşehir,1. Kısım Mah. Arı Kuşu Cad.,0
26,Sihirli Mutfak Butik Cafe,,Başakşehir,Bahçeşehir 2. Kısım Şelale Mevki Hill Park Karşısı 2m Migros Üstü No:5,0
