,0,1,2,3,4
0,Cafe Juana,,Bayraklı,Sakarya Cad. 273. Sok.,1
1,Dünya Barış Anıtı Cafe & Restaurant,,Bayraklı,7171 Sok. No:205,0
2,Kual Kafe,,Bayraklı,274. Sok. Anadolu Apt. No:1/A,0
3,Casa Mia Cafe & Kitchen,,Bayraklı,Haşim İşcan Cad. No: 8-E,5
4,"Ugi's Cafe & Bistro, Folkart Towers Bayrakli",,Bayraklı,Manas Bul. No: 1-E Folkart Towers B Kule,5
5,Minario Cafe,,Bayraklı,295/2 Sok. Sun Plaza K:Zemin,0
6,Garden Life,,Bayraklı,1586/2. Sok. No:3,0
7,Mutfak Cafe,,Bayraklı,Sakarya Cad. No:3/D Manavkuyu,0
8,Ofis Kafe,,Bayraklı,251/4 Sok. No: 2/1 A Manavkuyu,0
9,Cafe Artun,,Bayraklı,251/4. Sok. No:2/2F,0
10,Kahvehane,,Bayraklı,240. Sok. No:8,0
11,Evim Cafe,,Bayraklı,234. Sok. No:2,0
