,0,1,2,3,4
0,Secret Garden,,Sarıyer,Kalender Üstü Atadan Sok. No:12,3
1,"Xlarge Club, Xlarge Club",,Sarıyer,G-52 Sok. No:12/1,5
2,Refresh The Venue,,Sarıyer,100. Yıl Oto Sanayi Sit. AOS-52 Çömlekçi Sok. No:30,4
3,Fuga,,Sarıyer,Yahya Kemal Cad. No: 24,0
4,"Diba Bar, The Grand Tarabya",,Sarıyer,Haydar Aliyev Cad. No:154 Tarabya,5
5,Club Citrus,,Sarıyer,Rumelihisarüstü Mah. Nispetiye Cad. No:17/5,0
6,Villa Ozan Restaurant,,Sarıyer,Kilyos Yolu Boğaziçi Cad. No:32,0
7,Niks Cafe & Pub,,Sarıyer,Haydar Aliyev Cad. No: 98,0
