,0,1,2,3,4
0,Bakırköy Şehristan Cafe & Restaurant,,Bakırköy,E-5 yanyol (Marmara Forum AVM karşısı),3
1,"Big Mamma's, Florya",,Bakırköy,Florya Cad. No: 63,4
2,Lazilla Restaurant,,Bakırköy,Yeni Rıhtım Sok. No:21,4
3,"Hardal Eat & Drink & Play, Ataköy Marina Park",,Bakırköy,Rauf Orbay Cad. Sahilyolu No:Z02,4
4,Cafe'de Keyff,,Bakırköy,İncirli Cad. No: 82,4
5,"Cookshop, Galleria Avm",,Bakırköy,Sahilyolu Galleria AVM Dış Bahçe,2
6,"Mado, Ataköy Marina",,Bakırköy,Ataköy Marina Set Altı Yeme İçme ve Satış Üniteleri Z:238,1
7,"Zoom İstanbul Cafe Restaurant, Bakırköy",,Bakırköy,İncirli Cad. No: 79,4
8,San Marco's Caffé,,Bakırköy,Yakut Sok. No: 50/1,4
9,"Balkon Cafe, Yeşilyurt",,Bakırköy,Sahilyolu Cad. (Polat Renaissance Hotel Karşısı),5
10,"Mado, Galleria Avm",,Bakırköy,Ataköy 1. Kısım Mah. Yeşilköy-Bakırköy Sahilyolu Cad. Ataköy,0
11,Florya Havuzlu Bahçe,,Bakırköy,Atatürk Orman girişi Florya Cad.,0
12,Kavakli Park,,Bakırköy,Atakoy 2.Kısım,5
13,Tilbe Cafe,,Bakırköy,Alişan Yedibaşlar Sok. Halit Ziya Uşaklıgil Parkı,3
14,"Kaktus cafe, Bakırköy Meydan",,Bakırköy,İstanbul Cad. Morsümbül Sok. No:28,0
15,Yağcıoğlu Pastanesi,,Bakırköy,Alem Sok. Yıldız Apt. No:5/A (İncirli Hastanesi Karşısı) İncirli,5
16,The Vagonn Cafe,,Bakırköy,Conk Bayırı Cad. No: 2/3-1,5
17,La Madamoiselle,,Bakırköy,Orman Sok. No:10/3,4
18,Cafedrall,,Bakırköy,Ataköy 4.Kısım Dr. Kazancıgil Cad. No:34 2/1 Ataköy,2
19,"Caffe Nero, İstanbul Atatürk Airport International Arrivals",,Bakırköy,Atatürk Havalimanı Dış Hatlar Terminali Geliş Katı,3
20,"Big Yellow Taxi Benzin Cafe, Yeşilköy",,Bakırköy,Yeşilyalı Sok. Liman Apt. No:6 Yeşilköy,0
21,Cakes & Bakes,,Bakırköy,Atatürk Airport İç Hatlar,0
22,"Kahve Dünyası, Ataköy Plus Avm",,Bakırköy,Ataköy 6. Kısım Mah. Adnan Kahveci Bul. Ataköy,0
23,"Seyran Pastane & Cafe & Restaurant, Bakırköy",,Bakırköy,İncirli Cad. No:57,5
24,Çağrı Cafe,,Bakırköy,İstanbul Cad. Nergis Sok. No:1 Yeşilköy,0
25,Bahane Cafe,,Bakırköy,İstanbul Cad. Hafız Çıkmazı Sok. No: 7/B,0
26,Kokpit Kafe,,Bakırköy,Ataturk havalimani,0
27,"Cafe Crown, Flyinn Avm",,Bakırköy,Harman Sok. No: 48 K: 1,0
28,Cafe Laf Bakırköy,,Bakırköy,Halit Ziya Uşaklıgil Sok. No: 46,0
29,Yaz Bahçesi,,Bakırköy,Zuhuratbaba Mah. İncirli Cad. No:92,0
30,Van Gogh,,Bakırköy,Şevketiye Mah. İstasyon Cad. No:45 Yeşilköy,0
31,Yeşilköy Nargile Cafe,,Bakırköy,İğde Sok. No: 2,5
32,Sentinus Cafe,,Bakırköy,Ataköy 7-8. Kısım Mah. Eski Çınar Sok. Ata Sit. C4 Blok,1
33,"Ada Cafe, Bakırköy",,Bakırköy,Şirin Sok. No: 28/A,5
34,The Greenport Cafe,,Bakırköy,İstanbul Atatürk Havalimanı İç Hatlar Gidiş Terminali,0
35,"Coffee Corner, Marmara Forum Avm",,Bakırköy,Koşuyolu Cad. No:3 Kartaltepe,0
36,Ehl-i Keyf Cafe,,Bakırköy,Kennedy Cad. No:39,5
37,"Teras cafe, Airport Avm",,Bakırköy,Ataköy 7-8-9-10 Mah. E-5 Karayolu Airport AVM,0
38,"Starbucks, Dünya Ticaret Merkezi",,Bakırköy,ÇobanÇeşme Kavşağı Dtm Binası İdtm Blokları Çarşı Zemin Kat No:57/5,4
39,Vals Eat & Rest,,Bakırköy,Ataköy 4. Kısım Olimpiyat Evi Teras Katı,0
40,"Lavazza Coffe, Flyinn Avm",,Bakırköy,Harman Sok. No:42/58 1.kat Teras,0
41,"Taksim Hamburger, Bakırköy",,Bakırköy,İncirli Cad. No:47/B,0
42,Gönül Kahvesi,,Bakırköy,Şenlikköy Mah. Florya Hamam Sok. No: 39 Florya,0
43,The Greenport,,Bakırköy,Atatürk Havalimanı Dış Hatlar Gidiş Terminali,0
44,Yeşilköy Spor Klübü Cafe,,Bakırköy,Alişanyedibaşlar Sok.No: 6,0
45,Zeytindalı Cafe,,Bakırköy,Halit Ziya Uşaklıgil Cad. No: 1,0
46,Mandal Cafe,,Bakırköy,Halid Ziya Uşaklıgil Cad. No:7,5
47,Cafe Le Manza,,Bakırköy,İstanbul Cad. No: 67,0
48,"Kahve Dünyası, Ataköy",,Bakırköy,Sahilyolu Üzeri Ataköy Marina No: 17/C,4
49,Fısıltım Cafe,,Bakırköy,İstanbul Cad. Morsümbül Sok. No:4,0
50,Cafe Sunrise,,Bakırköy,Mor Sümbül Sok. No: 7,0
51,Cafe A & F,,Bakırköy,Yeşilyalı Sok. No: 3,0
52,"Bambi Cafe, Bakırköy",,Bakırköy,Fahri Korutürk Cad. No: 14-1/A,0
53,Lost Beer Cafe,,Bakırköy,Hüsreviye Sok. No: 24/1,4
54,"Kahve Dünyası, Yeşilköy",,Bakırköy,Ümraniye Mah. İstasyon Cad. Yonca Apt. Zemin Kat No:52,5
55,Cafe Drall,,Bakırköy,Bakırköy Sahil Yolu Kennedy Cad. No:59/1,0
56,Sedir Cafe,,Bakırköy,Ray Sok. No: 5,0
57,Roma Cafe,,Bakırköy,İstanbul Cad. Mor Sümbül Sok. No: 13,0
58,Oklava,,Bakırköy,Alpayizer Sok. No: 7,4
59,Fia Caffe,,Bakırköy,Fişekhane Cad. Cumhuriyetçi Sok. No:2/1,4
60,Melantis Cafe,,Bakırköy,İstanbul Cad. Mor Sümbül Sok. No:30/A,5
61,Kumru Cafe,,Bakırköy,Mor Sümbül Sok. No:23/A,0
62,"Backhaus Cafe, Yeşilköy",,Bakırköy,İstasyon Cad.No:35,4
63,"Krispy Kreme, Marmara Forum Avm",,Bakırköy,Çobançeşme Koşuyolu Bul. No:3,5
64,Exit Cafe,,Bakırköy,Atakoy 5. Kısım Mah. Lale Sok.,0
65,By BC Concept,,Bakırköy,İncirli Cad. No:67,4
66,"Cafe Net, Dünya Ticaret Merkezi",,Bakırköy,Dünya Ticaret Merkezi A1 Blok Önü No:129 (Atatürk Havalimanı Karşısı),0
67,Chakra Cafe,,Bakırköy,İstanbul Cad. Morsümbül Sok. No: 24/2,5
68,Magie Cafe,,Bakırköy,Ümraniye Mah. Bostan Sok. No:5/1,5
69,Yeşil Cafe,,Bakırköy,Hatboyu Cad. No:1 Bakırköy Tren İstayonu Karşısı,4
70,Bakırköy Karadeniz Pide Cafe,,Bakırköy,Yakutlu Sok. No: 6/A (Capacity C Kapısı Karşısı),5
71,Asır Cafe,,Bakırköy,Leylak Çiçeği Sok. No:1,0
72,Çamlaraltı Parkı,,Bakırköy,Ataköy 1. Kısım Mah. Zübeyde Hanım Sok. No:15,0
73,Pelin Tatlı ve Börek,,Bakırköy,Cumhuriyetçi Sok. No:21,5
74,Rossi Cafe,,Bakırköy,İstanbul Cad.Morsümbül Sok. No:3/3-A,4
75,Maça Kızı,,Bakırköy,Kennedy Cad.,5
76,"Cafe L'ora, Airport Avm",,Bakırköy,Londra Asfaltı Kuleli Mevkii E5 Karayolu Üzeri,5
77,"Hotstop, Tekzen Yapı Market",,Bakırköy,Çırpıcı Yolu Merter,0
78,Yelken Cafe,,Bakırköy,Yat Limanı Cad. No:2 Yeşilköy,4
79,Mekan Cafe,,Bakırköy,Teyyareci Nurettin Sok,4
80,Ligos Cafe,,Bakırköy,Kartaltepe Mah. İncirli Cad. No:30/A,1
81,Pacino Cafe,,Bakırköy,Halkalı Cad. Sami Uçan Sok. Toplu Konut Sit. Çarşısı No:59/9 Yeşilköy,4
82,Jazz Cafe ve Börek Salonu,,Bakırköy,Reyhan Sok. No:5,4
83,Cafe Laçin,,Bakırköy,Halkalı Cad. Toplu Konut Sit. No:59/1-2 Yeşilköy,4
84,Uğur Pastanesi Cafe,,Bakırköy,İncirli Cad. No: 96/A,4
85,"Jazz Bistro - Davidoff Cafe, Capacity Avm",,Bakırköy,Fişekhane Cad. No:7,4
86,"Pelit Pastanesi, Florya",,Bakırköy,Şenlik Mah. Florya Asfaltı No:84/1 Florya,4
87,Erdem Kafeterya,,Bakırköy,Hatboyu Cad. No: 3,4
88,Cafe Sunset,,Bakırköy,İstanbul Cad. No:67/E,0
89,Lavanta Park Büfe,,Bakırköy,Pelinli Sok. No: 1,0
90,Ataköy Marin Cafe,,Bakırköy,7-8. Mah.Eski Çınar Sok.Ata Sit. Deniz-8 Blok No:57,0
91,Duygum Cafe,,Bakırköy,Muhasebeci Sok. No:13/A,0
92,Eiffel Cafe,,Bakırköy,İstanbul Cad. Mor Sümbül Sok. No:1,0
93,Cafe Huble Buble,,Bakırköy,Alişan Yedibaşlar Sok. No:3/2,3
94,Apple Cafe & Restaurant,,Bakırköy,Buket Sok. No:67,0
95,Ordu Kafe,,Bakırköy,Fahri Korutürk Cad. No:12,3
96,Deport,,Bakırköy,Yeşilyalı Sok. No:9/ A (Şevketiye Mah.)Yeşilköy,2
97,Cafe Crinum,,Bakırköy,Yeşilköy Cad. (FLY INN AVM Yanı),2
98,European Cinema Cafe,,Bakırköy,Ebuziya Cad. Hilnur Apt. No:16 K:1 D:5,0
99,Cafe Cafino,,Bakırköy,Kennedy Cad. No: 63,0
100,Efes Beer Port,,Bakırköy,Atatürk Havaalanı Dış Hatlar,0
101,Lara Cafe,,Bakırköy,Kartaltepe Mah. İncirli Cad. No:82,0
102,Love City Cafe & Restaurant,,Bakırköy,Sahilyolu Kennedy Cad. No:31,0
103,Ny Upper West Side Falafel,,Bakırköy,Türkçü Sok. No:9/A Özserezli Han Dükkan No:8,1
104,Ata Kafe,,Bakırköy,Ataköy 4. Kısım Mah. Makbule Atakan Cad. (Ptt Yanı),0
105,Nokta Cafe Bilardo,,Bakırköy,Beyaz Zammak Sok. No:15 Cevizlik,0
106,Cafe Chuckle,,Bakırköy,Zuhuratbaba Mah. İncirli Cad. No:92,0
107,Bakırköy Sohbet Cafe,,Bakırköy,Kartaltepe Mah. İncirli Cad. No:24,0
108,Dejavu Cafe,,Bakırköy,Ömer Naci Sok. No:30,0
109,"Dedikodulu Meyhane, Florya",,Bakırköy,"Basınköy İstanbul Caddesi, No: 17",0
110,Cafe Paris,,Bakırköy,Osmaniye Mah. İncirli Yolu No: 6/B Osmaniye,0
111,So Much Cafe & Brasserie,,Bakırköy,İstasyon Cad. No:25/C,0
112,"Mado, Yeşilköy",,Bakırköy,İstasyon Cad. Seyit Ali Sok. No:42,0
113,Radio Cafe,,Bakırköy,Dr. Remzi Kazancıgil Cad. Ataköy 4. Kısım Çarşısı No:16/1,0
114,Mos Caffe,,Bakırköy,Taşevler Sok. (Ebuziya Cad.) No:7,0
115,Sütlü Kahve,,Bakırköy,Zuhuratbaba Mah. İncirli Cad. No:92/B,0
116,Reel Cafe - Bar & Restaurant,,Bakırköy,İstasyon Cad. No:53/A Yeşilköy,0
117,Nar Cafe,,Bakırköy,Cevizlik Mah İstanbul Cad Morsümbül Sok No:34/1,0
118,102 Coffee Club,,Bakırköy,Fişekhane Cad. Sporcu Sok. No: 4/ C,0
119,Sehven Cafe,,Bakırköy,İskele Cad. No:10,0
120,Meydan 12,,Bakırköy,General Şükrü Kanatlı Sok. No: 173/3,0
121,And Cafe,,Bakırköy,Carousel AVM K:2 Halit Ziya Uşaklıgil Cad. No:1,0
122,"Sheraton Gourmet, Sheraton İstanbul Ataköy Hotel",,Bakırköy,Ataköy 1. Kısım Sahilyolu,0
123,Caffe Mangia,,Bakırköy,Yeşilköy Halkalı Cad. No:93 Kat:2,0
124,Mudurnu Fast Food Cafe,,Bakırköy,Yenibosna Metro İstasyonu Yanı Ataköy,0
125,Cafelli,,Bakırköy,Kennedy Cad. No:35 Cevizlik,0
126,Fenerbahçe Yaz Spor Okulu Kafeteryası,,Bakırköy,Ataköy 7-8-9-10. Kısım Mah. D-100 Güney Yanyolu,0
127,Huzur Giyim Cafe,,Bakırköy,Santral Sok. No:27-33,0
128,Frange istanbul,,Bakırköy,Sipahioğlu Cad. No: 13/C,0
129,Lezizhane Cafe Restaurant,,Bakırköy,Şanlı Asker Sok. No: 6/A,0
130,Kokpit,,Bakırköy,Atatürk Havalimanı İç Hatlar Gidiş Katı,0
131,Zero Cafe,,Bakırköy,Atatürk Havalimanı Dış Hatlar Gidiş Katı No: 203,0
132,Yaz Cafe,,Bakırköy,İncirli Cad. No: 82,0
133,Poseidon Cafe,,Bakırköy,Nilüfer Sok. No: 31 K: 1,0
134,Cafe Yunus,,Bakırköy,Bakırköy Belediyesi Tiyatrosu,0
135,Makuloğlu Pasta & Cafe,,Bakırköy,Harman Sok. No: 43,0
136,Coffee Shop Campany,,Bakırköy,Halit Ziya Uşaklıgil Cad. No: 1,0
137,Yeşilköy Y Plus Cafe,,Bakırköy,Yeşilbahçe Sok. No: 9/B,0
138,Queen's Garden,,Bakırköy,Zuhuratbaba Mah. İncirli Cad. No: 41,0
139,Totem Cafe & Patisserie,,Bakırköy,İstanbul Cad. Beyaz Zambak Sok. No: 5/1,0
140,Cafe Emel,,Bakırköy,Bilgi Sok. No: 17,0
141,Yurtsever Cafe,,Bakırköy,Ataköy 9-10. Kısım Hanımeli Çiçeği Sok. A-9 Blok Karşısı,0
142,Tomruk Rock Cafe,,Bakırköy,Ebuziya Cad. Lami Bey Sok. No: 5,0
143,Sothe Cafe & Restaurant,,Bakırköy,İncirli Cad. No: 28/C,0
144,Cafe Fincan,,Bakırköy,Halit Ziya Uşaklıgil Sok. NoÇ 48,0
145,Miss Cafe,,Bakırköy,Yeşilyalı Sok. No: 6/1,0
146,Cafe De Flore,,Bakırköy,Taşevler Sok. No: 5/1,0
147,Yeşilköy Amoor Nargile Cafe,,Bakırköy,Doğru Yol Sok. No: 10,0
148,Pappu Cafe,,Bakırköy,İncirli Cad. No: 58/3,0
149,Haylayf Cafe,,Bakırköy,İstanbul Cad. 30/a Florya Menekşe,0
150,"Cafe Zumo, Marmara Forum Avm",,Bakırköy,Çobançeşme Koşuyolu Bul. No:3 K:1,0
151,Cakemania,,Bakırköy,Şenlikköy Mah. Harman Sok. No :42. A Blok. Daire :1. Florya,0
152,"Le Cafe, Marmara Forum Avm",,Bakırköy,Çobançeşme Koşuyolu Bul. No:3,0
153,"Le Cafe, Marmara Forum Avm",,Bakırköy,Çobançeşme Koşuyolu Bul. No:3,0
154,"Mambocino Coffee, Bakırköy",,Bakırköy,Fişekhane Cad. Cumhuriyetçi Sok. No: 1/2,0
155,Karadeniz Cafe Büfe,,Bakırköy,Basınköy Mah. İstanbul Cad. No:33 Florya,0
156,"Cafe Teras, Çınar Hotel",,Bakırköy,Şevketiye Mah. Fener Mevkii İstanbul Cad. Yeşilköy,0
157,Day And See Cafe,,Bakırköy,İstasyon Cad. Alişan Yedbaşlar Sok. No:13,0
158,33 Efes Beer Cafe,,Bakırköy,Kartaltepe Mah. İncirli Cad. Kıbrıs Sok. No:2,0
159,Gri Cafe,,Bakırköy,İncirli Cad. No: 61/A,0
160,Cafe S,,Bakırköy,Fişekhane Cad. Cumhuriyetçi Sok. No 2,0
161,"Dodici Cafe XII, Marmara Forum Avm",,Bakırköy,Çobançeşme Koşuyolu No:3,0
162,Banliyö Cafe,,Bakırköy,Gençler Cad. No: 18/A,0
163,Gizli Bahçe Lotus Cafe Bar,,Bakırköy,Yakut Sok. No: 6,0
164,Salve,,Bakırköy,İstanbul Cad. No:58/A Yeşilköy (Röne Park Yanı),0
165,Boss Cafe,,Bakırköy,Şenlikköy Mah. Saruhan Sok. No:1/A Florya,0
166,Cafe Siesta 34,,Bakırköy,Yesilköy Mah. Çekmece Cad.,0
167,Küre Restaurant & Cafe,,Bakırköy,,0
168,Santral Cafe & Restaurant,,Bakırköy,Yeni İncirli Yolu Sok. No:15 D:2 Zuhuratbaba,0
169,Sophie Cafe,,Bakırköy,Kartaltepe Mah. Pelinli Sok. No:17/A İncirli,0
170,Doorless Cafe,,Bakırköy,Bakırköy Sahil Yolu Kenedy Cad. No:31,0
171,Express Cafe,,Bakırköy,Ebuzziya Cad. No:50/A,0
172,Damak Kafeterya,,Bakırköy,Fahri Korutürk Bul. No: 53,0
173,Peron Cafe,,Bakırköy,Cevizlik Mah Ebuziya Cad. No:24,0
174,Giddy Cafe & Restaurant,,Bakırköy,İstasyon Cad.Ümraniye Bostanı Sok. No: 5/1 Yeşilköy,0
175,"Gloria Jean's Coffees, Carousel Avm",,Bakırköy,Halit Ziya Uşaklıgil Cad No:1,0
176,"Creperie, Galleria Avm",,Bakırköy,Ataköy 1. Kısım Mah. Yeşilköy-Bakırköy Sahilyolu Cad. Ataköy,0
177,Merit Cafe,,Bakırköy,Ebuziya Cad. No:43 Ataköy,0
178,"Gatto Rock Cafe, Bakırköy",,Bakırköy,İncirli Cad. Teyyareci Nurettin Sok. No:4 (Town Center Karşı Sokağı),0
179,Pasta Turca Cafe,,Bakırköy,Kartaltepe Mah. İncirli Cad. No:30,0
180,Zez Cafe,,Bakırköy,Ahu Sok.,0
181,Şütte Cafe,,Bakırköy,Şenlikköy Mah. Harman Sok. No:45/6 (Flyinn AVM Karşısı) Florya,0
182,Bilal Büfe,,Bakırköy,Fahri Korutürk Cad. No:2,0
183,Cafe Sahil,,Bakırköy,Mor Menekşe Sok. No:8,0
184,Cafe Renoir,,Bakırköy,Carousel Alışveriş Merkezi 1B Kat No: 24,0
185,Cafe Uno Momento,,Bakırköy,Fişekhane Cad. No:40,0
186,İspirtohane Kültür Merkezi Kafeteryası,,Bakırköy,Ataköy 7-8-9-10. Kısım Mah. Palmiye Sok,0
187,"Dallmayr Kaffee, Florya",,Bakırköy,Florya Cad. No:19/A Şenlikköy Florya,0
188,Pupa Cafe,,Bakırköy,Ömernaci Sok. No:41,0
189,"Home Store Cafe, Flyinn Avm",,Bakırköy,Şenlik Mah. Harman Sok. No:48 Florya,0
190,Mystery Cafe,,Bakırköy,Ümraniye Mah. Yeşilyalı Sok. No:11,0
191,Hobi Durağı,,Bakırköy,Kennedy Cad. No:79,0
