,0,1,2,3,4
0,"Timboo Cafe, Armada Avm",,Yenimahalle,Eskişehir Yolu No:6 K:1 Söğütözü,0
1,"Cookshop, Gordion Avm",,Yenimahalle,Ümitköy Mah. Ankaralılar Cad. No:2 D:110,0
2,Turta Home Cafe,,Yenimahalle,Mutluköy Sit. Ümitköy Mah. 2. Cad. 4. Sok. No:15 Çayyolu,5
3,Narquilla,,Yenimahalle,Park Cad. Alımcı Villaları No:6 Yenimahalle,4
4,Simitçii Cafe,,Yenimahalle,Ümitköy Mah. 1947. Sok. Mutluçayır Sit. No:2,0
5,"Big Chefs, Çayyolu",,Yenimahalle,Alacaatlı Cad. Dora Park A Blok No:1-2,5
6,Park Ehlikeyf,,Yenimahalle,Prof. Dr. Park Cad. Alımcı Villaları No.5 Çayyolu,0
7,Yörük Evi,,Yenimahalle,İvedik Cad. No: 354/A,3
8,"Bahçemiz Cafe Bistro, Çayyolu Mah. 8. Cad. No:200",,Yenimahalle,2432. Cad. (8. Cad.) No:200 Çayyolu,0
9,Berins Cafe,,Yenimahalle,2901. Sok. No: 7/9 Sarnıç Park,0
10,Cafe Villa Bistro,,Yenimahalle,Rajiv Gandi Cad. 60.Yıl Sit. 1696. Sok. No:15,0
11,Ayme Karadeniz Lokantası,,Yenimahalle,Çarşıyolu Sok No:4,5
12,Buffets Cafe,,Yenimahalle,2853. Cad. No:3/A Çayyolu,4
13,"Tahmis Cafe, Ankamall Avm",,Yenimahalle,Akköprü Mevkii,4
14,"Leman Kültür, Çayyolu",,Yenimahalle,2846 Sok. City Park Villaları Alacaatlı Yolu Üzeri No:50/51,0
15,"Mudo Cafe, Ankamall Avm",,Yenimahalle,Konya Devlet Karayolu Üzeri Akköprü Mevkii (Emniyet Sarayı Yanı) İskitler,4
16,Koçtaş Cafe,,Yenimahalle,Konya Develet Karayolu Üzeri Akköprü Mevkii İskitler,0
17,Cafe Luna,,Yenimahalle,2432. Cad. (Eski 8. Cad.) No:57 (Teras Kat Türk Telekon Karşısı) Ümitköy,2
18,"Gönül Kahvesi, Carrefoursa Batıkent",,Yenimahalle,İstanbul Yolu 12. Km. D:C38 Batıkent,0
19,Fırınabi,,Yenimahalle,"Eskişehir yolu 28. km No:78/C (Opet benzinlik içerisi, Çankaya Üniversitesi Yanı)",5
20,Filika Pasta Evi,,Yenimahalle,Mutlukent Mah. Mesa Koru Sit. Ihlamur Cad. No: 13/A,5
21,Cafe Kahve,,Yenimahalle,Konya Devlet Karayolu Üzeri Akköprü Mevkii (Emniyet Sarayı Yanı) İskitler,5
22,Dora Cafe,,Yenimahalle,1846. Sok. No:50/1,4
23,Lavilla Pasta & Cafe,,Yenimahalle,2209. Cad. 2206. Sok. No: 1/A,0
24,"Caribou Coffee, Ankamall",,Yenimahalle,Mevlana Bul. No: 2 Kat: 2,4
25,Cafe Del Sol,,Yenimahalle,2926 Cad. No:7 Ümitköy,0
26,"Kaldırım Cafe, Ankamall Avm",,Yenimahalle,Akköprü Mevki Konya Devlet Yolu,0
27,"Cafe Crown, Ankamall Avm",,Yenimahalle,Konya Devlet Karayolu Üzeri Akköprü Mevkii (Emniyet Sarayı Yanı) İskitler,0
28,"Molala Cafe, Çankaya Üniversitesi",,Yenimahalle,Eskişehir Yolu 29. Km (Yeni Kampüs),0
29,Turn Cafe,,Yenimahalle,Prof.Dr. Park Sok. No:15/1 Çayyolu,0
30,Nane Cafe & Restaurant,,Yenimahalle,1354. Cad. No:85 İvedik Organize Sanayi,0
31,"Mado, Ümitköy",,Yenimahalle,Mutlukent Mah. 2. Cad. 1. Sok. No:65 Ümitköy/Çayyolu,0
32,Quadro Saloon,,Yenimahalle,Park Cad. Dragos Villaları No:1,0
33,"Hot Stop Lounge, Arcadium Avm",,Yenimahalle,2432 Cad.,0
34,Sevgi Cafe,,Yenimahalle,Ümitköy Mah. Mutluköy Sit. 2. Sok. No:11,0
35,Rengarenk Cafe,,Yenimahalle,Meriç Sok. No: 70/A Beştepe,0
36,Nargile Cafe,,Yenimahalle,İvedik Cad. No: 89/A,0
37,Funda Cafe & Patisserie,,Yenimahalle,3222. Cad. No:55 Karina Plaza No:18 Yaşamkent Çayyolu,0
38,"Öğütler Cafe & Restaurant, Ostim",,Yenimahalle,Uzay Cağı Cad. No:82/A Ostim,0
39,Adres Cafe,,Yenimahalle,Yeşil Sok No:18,0
40,Park Ottoman Cafe Bistro,,Yenimahalle,Park Cad. Dragos Villaları No: 4-6,0
41,Muno Cafe & Bistro,,Yenimahalle,408. Cad. No: 131/C,0
42,Omsa,,Yenimahalle,Dikmen Cad. No: 362,0
43,"Espressamente İlly, Armada Avm",,Yenimahalle,Eskişehir Yolu No: 6 Zemin Kat,0
44,Upi's Cafe,,Yenimahalle,Alacaatlı Cad. Teknopark İçi,0
45,Beyaz Cafe,,Yenimahalle,284. Sok. No: 42 / A,0
46,"Gönül Kahvesi, Meydan Avm",,Yenimahalle,Başkent Bulv. No: 255/12,0
47,"Cheftali, Atlantis Avm",,Yenimahalle,Başkent Bulv. No: 224 Kat: Z,0
48,Kocatepe Kahve Evi,,Yenimahalle,Beşevler Mah. Döğol Cad. No: 53,0
49,Palmiye Cafe,,Yenimahalle,Başkent Bulv. Ali Dinçer Parkı,0
50,Çakırkeyf Cafe Bistro,,Yenimahalle,Akvaryum AVM Başkent Bul. No: 208,0
51,"Kaffa Osmanlı Kahvesi, Acity Outlet Avm",,Yenimahalle,Fatih Sultan Mehmet Bul. No: 244 Kat: 2,0
52,"Yemenli Kahveci, Acity Outlet Avm",,Yenimahalle,Fatih Sultan Mehmet Bul. No: 244 Kat: 2,0
53,"Cafe Bostan, Acity Outlet Avm,",,Yenimahalle,Fatih Sultan Mehmet Bul. No: 244,0
54,Mado,,Yenimahalle,İstanbul Yolu Fatih Sultan Mehmet Bul. No: 244,0
55,Maya Bakery Pastacılık,,Yenimahalle,Park Cad. 2864. Sok. No: 42/B,0
56,Sado By Cafe,,Yenimahalle,1943. Cad. No: 8,0
57,Simitçi Köy,,Yenimahalle,Konut Mah. Konutkent 1. Çarşısı No: 1,0
58,Keyfimce,,Yenimahalle,Alparslan Türkeş Mah. No: 29,0
59,Yağmur Cafe,,Yenimahalle,Yenibatı Mah. 2429. Sok. Botanik Evleri C-5 No: 35,0
60,Botanica Lavande,,Yenimahalle,Mutlukent Mah. Mutluköy Sit. 1952. Sok. No: 1,0
61,The Loft By Uptown,,Yenimahalle,Alacaatlı Cad. 3316. Sok. Terra Sit. No: 2/5,0
62,Alya Patisserie & Bistro,,Yenimahalle,Akın Cad. Damladol Sok. No: 66,0
63,Konya Köşk,,Yenimahalle,Silahtar Cadd. Çarşı Yolu Sok.No: 2/A,0
64,Badem Butik,,Yenimahalle,6. Sok. No: 4,0
65,Cakehouse Cafe Patisseria,,Yenimahalle,3207. Cad. No: 7,0
66,Lily's Cafe,,Yenimahalle,2432. Cad. 3001. Sok. No: 3,0
67,Yaşam Simit,,Yenimahalle,3202 Sok. No: 8/A,0
68,Cafe 202,,Yenimahalle,Ragıp Tüzün Cad. No: 33/A,0
69,Mola Pasta & Cafe,,Yenimahalle,Akın Cad. No: 2,0
70,Öz Çağrı Pasta Cafe,,Yenimahalle,Vatan Cad. No: 69/A,0
71,Caribou Coffee,,Yenimahalle,Eskişehir Yolu No: 6,0
72,Sıla Cafe Bar,,Yenimahalle,Akın Cad. Taşkın Sok. No: 16/B,0
73,Park Cafe,,Yenimahalle,Ragıp Tüzün Park İçi No: 117/4,0
74,Qrabiye,,Yenimahalle,Mesa Koru Ticaret Merkezi No: 2,0
75,Zahide,,Yenimahalle,İvedik Cad. No: 165/D,0
76,Western Luckys,,Yenimahalle,Meydan AVM No:255\14,0
77,Sudem Tantuni & Cafe,,Yenimahalle,İvedik Cad. No:238/8,0
78,Ümitköy Beyaz Cafe,,Yenimahalle,Prof. Dr. Park Cad. No:42/A,0
79,Cafe Mizaa,,Yenimahalle,İvedik Cad. No:106/E,0
80,"İdol Cafe & Restaurant, Acity Outlet Avm",,Yenimahalle,İstanbul Yolu 5. Km Fatih Sultan Mehmet Bul. No:244,0
81,Gençlik Kafe,,Yenimahalle,Vatan Cad. No:78 Demetevler,0
82,Edo Dondurma,,Yenimahalle,Millenium Otopark,0
83,Coff Cafe,,Yenimahalle,2846. Sok. F-1 Blok Çayyolu,0
84,Cafe Bilge,,Yenimahalle,Park Cad. Atabilge Sit. No:38/A,0
85,Ümitköy Keteci Cafe,,Yenimahalle,Beril Sit. 2510. Sok. No: 6 (Galleria karşısı Osmanağa Konakları arkasında bulunan Tenis Clinic içi),0
86,"Villa Kristal, Yaşamkent",,Yenimahalle,3036. Cad.No:54,0
