,0,1,2,3,4
0,Testa Rosso Restorant,,Kartal,Kordonboyu mahallesi Ankara caddesi ist marina Avm 147/6 kartal,5
1,Villa Garden Cafe & Restaurant,,Kartal,Turgut Özal Bul. No:95,5
2,"Kıyı Pastanesi, Kartal",,Kartal,Ankara Cad. No:54,4
3,"Nehir Pastanesi, Merkez",,Kartal,Petroliş Mah. Kızılay Bul. No:16/B,0
4,Lila's Lounge,,Kartal,Şeyh Şamil Cad. No: 9/3 A-B-C Teknik Yapı Upcity Center,5
5,Mimuza Cafe,,Kartal,Akdeniz Cad. No:11,0
6,Kartal Anıt Cafe,,Kartal,Neyzen Tevfik Cad.,0
7,Altın Başak cCafe,,Kartal,Ankara Cad. No:60,0
8,"Rio City Cafe, Yemek Center Kartal",,Kartal,Çavuşoğlu Mah. Yakacık Cad. No: 132/134 - 1,4
9,Sada Cafe,,Kartal,Yukarı Mah. İstasyon Sok. No:7,5
10,Don Kişot Cafe,,Kartal,Rıhtım Cad. Çarşı,5
11,Sfenks Coffee,,Kartal,Atalar Yakamoz Sok. No:8,0
12,Sahil Cafe,,Kartal,,0
13,Nehir Cafe,,Kartal,Hamam Sokak No: 67/A,5
14,"Bolulu Hasan Usta, Kartal",,Kartal,Hürriyet Cad. No:7/B,5
15,Biriz Cafe,,Kartal,Üsküdar Cad. No:19/B,5
16,Şarlo Cafe,,Kartal,Ankara Cad. No:37 K:2,5
17,Leylim Cafe,,Kartal,Neyzen Tevfik Cad. No: 1,0
18,Cafe's Cafe,,Kartal,Hamam Sok. No:59,4
19,Dragos Tenis Kulubü,,Kartal,Söğüt Sok. 1053 Ada 8 Parsel,0
20,Cafe Floresta,,Kartal,Söğütlü Sok. No:15,0
21,Relish Cafe & Restaurant,,Kartal,Milangaz Cad. Dumankaya Vizyon B-Blok No:77,0
22,Erka Soyak Cafe,,Kartal,Soğanlık Yeni Mah. Muş Sok. No:2,0
23,Cafe's Cafe,,Kartal,Abdi İpekçi Cad.,0
24,Turkcell Maltepe Plaza Kafeterya,,Kartal,Soğanlık Yeni Mah. Pamukkale Sok.,0
25,Ardore Pasta Cafe,,Kartal,Ender Sok.,0
26,"Manolya Pastanesi, Kartal",,Kartal,Üsküdar Cad. No:33/1,0
27,Beyrut Cafe & Bar,,Kartal,Hükümet Cad. No:7/B,0
28,Kahve Molası,,Kartal,Hamam Sok. No:28/A,0
29,Anit Cafe,,Kartal,Neyzen Tevfik Cad.,0
30,Cafe Hancı,,Kartal,Yalıboyu Cad. Yıldız Apt. No:8/5 Atalar,0
31,Caffe Gold,,Kartal,Neyzen Teyfik Cad. No:21,0
32,Ulupark Cafe,,Kartal,Rıhtım Cad. No: 95,0
33,Bahane Cafe,,Kartal,Üsküdar Cad. No:19/B,0
34,"Ferrera Cafe, M1 Merkez Kartal Avm",,Kartal,Orta Mah. Yalnız Selvi Cad. Soğanlık,0
35,Esentepe Kafe,,Kartal,İnönü Cad. No:116/2 (Levent Taksi Karşısı),0
36,Oğuzhan Günaydın Cafe,,Kartal,Rıhtım Cad. No: 79,0
37,Ançera Pastahanesi,,Kartal,Tecerdağı Cad. No: 58/A,0
38,Kahvelite,,Kartal,Yakakent Cad. No: 5,0
39,Mor Cafe,,Kartal,Neyzen Tevfik Cad. No: 3,0
40,Zeytinlik Aile Çay Bahçesi,,Kartal,Doğu Cad. No: 11/1,0
41,Martı Cafe,,Kartal,Çetin Emeç Bul.,0
42,"Clas Marmaris Büfe, Kartal",,Kartal,Yukarı Mah. Doğan Sok. No: 3/B,0
43,Çınar 6 Pasta & Cafe,,Kartal,Çınar Cad. No: 14/A,0
44,Konak Büfe & Cafe,,Kartal,Atatürk Bul. Spor Cad. No: 28,0
45,Kuki Pasta & Cafe,,Kartal,Saraylar Cad. No: 73,0
46,Meydan Cafe,,Kartal,Yakacık Çarşı Mah. Kartal Cad. Yaşam Kalitesini Yükseltme Merkezi,0
47,Dört Mevsim Karadeniz Cafe & Bar,,Kartal,Hamam Sok. No:55/A,0
48,Papatya Kafe,,Kartal,Rıhtım Cad. No: 39/A,0
49,Cafe Este & Rella,,Kartal,Şeyh Şamil Cad. No:15 1.Blok D:1/2,0
50,East'nbull Cafe,,Kartal,Rahmanlar Mah. Akdeniz Caddesi,0
51,Cafe'de Büfe,,Kartal,Atatürk Cad. Nur Sok. No:182 Soğanlık,0
52,Cafe Tik Tak,,Kartal,Ankara Cad. No:31,0
53,Milenyum Yemek & Kahvaltı Sarayı,,Kartal,Oto Sanayi Sit. B/8 Blok D:33,0
54,Çınar Börek,,Kartal,Çınar Cad.,0
55,Uçarlar Cafeterya,,Kartal,Fıstık Ağacı Sok.,0
56,Soylu Cafe,,Kartal,Leylak Sok.,0
