,0,1,2,3,4
0,Corridor,,Şişli,Abdi İpekçi Cad. Milli Reasürans Pasajı No: 57 D: 47-48,4
1,Arabesque,,Şişli,Taşkışla Cad. No:19 Demokrasi Parkı Yanı Maçka,0
2,Biber Bar,,Şişli,Abdi İpekçi Cad. No:36 Nişantaşı,0
3,Touchdown,,Şişli,Milli Reasürans Çarşısı No:61,5
4,Love Dance Point,,Şişli,Cumhuriyet Cad. No:349 (Askeri Müze Karşısı) Harbiye,5
5,Melon 24,,Şişli,Abdi İpekçi Cad. Milli Reasürans Çarşısı No:35-36 (Alt Kat),0
6,"Therapy Bar & Lounge, Nişantaşı",,Şişli,Abdi İpekçi Cad. Milli Reasürans Çarşısı No:52 Nişantaşı,4
7,Harbiye Sahne Restaurant Cafe Bar,,Şişli,Cumhuriyet Cad. No: 179/A Harbiye,0
8,Zihni Bar,,Şişli,Valikonağı Cad. No:39 Nişantaşı,0
9,Çıt Çıt Cafe & Bar,,Şişli,Yeşil Çimen Sok. No:12/427 Esentepe,0
10,"Veranda Grill Bar, Hilton İstanbul",,Şişli,Cumhuriyet Cad. Harbiye,5
11,"Beano Club, Nişantaşı",,Şişli,Abdi İpekçi Cad. No:40/2 Nişantaşı,5
12,Beymen Casa Clup,,Şişli,Teşvikiye Cad. No:117 Nişantaşı,5
13,Locca,,Şişli,Harbiye Mah. Eytam Cad. No:21 Nişantaşı,4
14,Billionaire Club,,Şişli,Konaklar Mah. Büyükdere Cad. No:136,0
15,"Ice Bar İstanbul & Warm Lounge, Windowist Tower",,Şişli,Eski Büyükdere Cad. No:26 Maslak,0
16,Prestij Cafe Bar,,Şişli,Rumeli Cad. No: 85/A Osmanbey,1
17,Soxbar,,Şişli,Büyükdere Cad. Ecza Sok. No:6 K:-1 McCann Erickson Levent,0
18,Pub Avni Bar Restaurant,,Şişli,Cumhuriyet Cad. No: 143,0
19,Havuzbaşı Müzikhol,,Şişli,Fatih Sultan Cad No:120 Okmeydanı,1
20,Kervansaray Restoran & Gece Kulubü,,Şişli,Cumhuriyet Cad. No:52/A Harbiye (Hilton Otel ve Lütfü Kırdar Kongre Merkezi Arasında),0
21,SuperFabric Club,,Şişli,Cumhuriyet Cad. No: 42/A,1
22,La Mia Casa,,Şişli,İzzet Paşa Sok,0
23,"RC Bar, The Ritz-Carlton Hotel",,Şişli,Askerocağı Cad. No:15 (Süzer Plaza) Elmadağ,0
24,Etik@ Club,,Şişli,Halaskargazi Cad. No:55 Harbiye,0
25,"Nişantaş Meyhanesi, Nişantaş Meyhanesi",,Şişli,Valikonağı Cad. Süleyman Nazif Sok. No: 3,0
26,Therapy Karaoke Cafe Bar Restaurant,,Şişli,Büyükdere Cad. Kral Apt. No:75/10 Mecidiyeköy,0
27,"Bomonti Gourmet, Bomonti Gourmet",,Şişli,İncirli Dede Cad. No: 41 Divan Residence 1.Kat,0
28,"The Terrace Bar, Park Hyatt İstanbul",,Şişli,Bronz Sok. No: 4 Teras Kat,0
29,BW Club,,Şişli,Vali Konağı Cad. No: 73,0
30,"The Barça Bar, Mim Hotel",,Şişli,Öğretmen Haşim Çeken Cad. Ferah Sok. No: 20,0
31,"Terrace Bar, Holiday Inn - Şişli İstanbul",,Şişli,Halaskargazi Cad. No:206,0
32,"Lobby Bar and Lounge, Ramada Plaza İstanbul",,Şişli,Halaskargazi Cad. No:63,0
33,"Lobby Lounge & Bar, Hilton İstanbul",,Şişli,Cumhuriyet Cad. Harbiye,0
34,Pine Club,,Şişli,Büyükdere Cad. Fatih Park Orman Maslak,0
35,"Cantina Mercato, Gymnasium Sports Center",,Şişli,Darüşşafaka Çetin Berkmen Tesisleri Derbent Mevkii Maslak,0
36,Dolls Club,,Şişli,Halaskargazi Cad. Yeni Pasaj No: 127/1-B,0
37,"Cactus Cafe & Bar, Profilo Avm",,Şişli,Cemal Sahir Cad. No:33 Mecidiyeköy,0
38,Efendy Maslak,,Şişli,Nurol Plaza (Atatürk Oto Sanayi Girişi) Maslak,0
39,Bar Lane,,Şişli,Abdi İpekçi Cad. No:44 Nişantaşı,0
40,Cebu Bar,,Şişli,Halaskargazi Cad. Yeni Pasaj No:127/1 Harbiye,0
41,Alberto's Salsa Bar,,Şişli,Abdi İpekçi Cad. No:61 (Cinemaximum Sinemaları Girişi) Teşvikiye,0
