,0,1,2,3,4
0,Club Baba,,Çeşme,75. Yıl Cad. 3010. Sok. No:8 Alaçatı,0
1,Nar Bar,,Çeşme,1038 Sok. No:8 Alaçatı,0
2,El Beso,,Çeşme,Çamlıkuyu Sok. No:2 Zemin Kat Alaçatı,3
3,Deli Deli Restaurant Bar,,Çeşme,Port Alaçatı Mevkii,0
4,Barcode Bar,,Çeşme,3047 Sok. No :1,0
5,Sobe,,Çeşme,Cumhuriyet Cad. No:10 Alaçatı,0
6,Babylon,,Çeşme,Aya Yorgi Koyu,4
7,Friendly Corner Restaurant Cafe & Bar,,Çeşme,İnkılap Cad. 3025 Sok. No:2,0
8,Rouge Restaurant & Bar,,Çeşme,5253 Sok. No: 1,0
9,Otto Alaçatı,,Çeşme,Alaçatı Beach Resort Çark Plajı Liman Mevkii Alaçatı,5
10,Club Nyks,,Çeşme,İnkılap Cad. (Garanti Bankası Yanı),0
11,Villa Sunset,,Çeşme,Paşalimanı Mevkii,4
12,Alaçatı Pico,,Çeşme,Kemalpaşa Cad. No:35/A Alaçatı,0
13,Biber,,Çeşme,Kemalpaşa Cad. 3050. Sok. No:101 Alaçatı,0
14,Marina Wineway,,Çeşme,1016 Sok. No:2/20/A,0
15,Pupa Lounge Bar,,Çeşme,Cumhuriyet Cad. No:11 Alaçatı,0
16,Alaçatı Shot Bar,,Çeşme,Kemalpaşa Cad. No:60/A,0
17,"Tektekçi, Alaçatı",,Çeşme,Kemalpaşa Cad. No:59 Alaçatı,0
18,"Atrium Bar, Ilıca Otel Spa & Wellness Thermal Resort",,Çeşme,Boyalık Mevki,0
19,Brothers Cafe & Bar,,Çeşme,Calal Bayar Mah. 5169 Sok. No:24/B Ilıca,0
20,Velox,,Çeşme,Ayayorgi Mevkii (Sole Mare Yanı),0
