,0,1,2,3,4
0,Olympos Cafe & Bar,,Tepebaşı,Vural Sok. (Barlar Sok.) No: 60,0
1,Cafe Del Mundo,,Tepebaşı,İsmet İnönü Cad. Siloönü Sok. No:3,0
2,Arena Cafe,,Tepebaşı,Porsuk Bul. No:20/38,0
3,Tango Cafe,,Tepebaşı,Yalçın Kılıçoğlu Bul. No:42 Cumhuriyet,0
4,Çukur Çarşı Kahve Evi,,Tepebaşı,Arifiye Mah. Köprübaşı Cad. No:9/Z-7,4
5,"Kahve Dünyası, Espark Avm",,Tepebaşı,Üniversite Cad No:21,4
6,Kahve Ateşi,,Tepebaşı,Üniversite Cad.No: 69,0
7,Marpuç Cafe,,Tepebaşı,İstiklal Mah. Porsuk Bul. No: 15/A,4
8,Batı Yakası Cafe Bar,,Tepebaşı,Kızılcıklı Mahmut Pehlivan Cad. No:9/C,5
9,Gelato Ice & Cafe,,Tepebaşı,Kızılcıklı Mahmut Pehlivan Cad. No:7/ A-B,0
10,Harabe Cafe,,Tepebaşı,İstiklal Mah. Porsuk Bul. Başarılı Sok. No:37/A,4
11,"Neşve Çay & Kahve Evi, Eşkişehir",,Tepebaşı,Yenibaglar Mah.Üniversite Cad. No:71,0
12,Cafe Hane,,Tepebaşı,Üniversite Cad. No:1,0
13,XX Large,,Tepebaşı,Kızılcıklı Mah. Pehlivan Cad. No:9/C Hoşnudiye,0
14,Liman Cafe,,Tepebaşı,Üniversite Cad.,0
