,0,1,2,3,4
0,Cafe De Alesta,,Gaziosmanpaşa,Hekimsuyu Cad. Avrupa Konutları 118/L,0
1,"Manangich Cafe, Aymerkez G.o.p. Avm",,Gaziosmanpaşa,Salihpaşa Cad. No:25,0
2,Fısıltı Cafe,,Gaziosmanpaşa,Cebeci Mah. 2523. Sok.,5
3,Bayrampaşa Merkez Çay Bahçesi,,Gaziosmanpaşa,Ortamahalle Mah. Abdi İpekci Cad.,0
4,Şark Köşesi,,Gaziosmanpaşa,1015. Sok. No:41/B,0
5,Yıldız Cafe,,Gaziosmanpaşa,"Merkez Mahallesi, Salihpaşa Caddesi, No 17, Gaziosmanpaşa, İstanbul",0
6,Cafe Mimoza,,Gaziosmanpaşa,Madalyon Sok. No:25/A,0
7,Lucca's Cafe,,Gaziosmanpaşa,Çukurçeşme Cad. No:27,0
8,Mananich Cafe,,Gaziosmanpaşa,Gop Merkez Mah Cumhuriyet Cad Gop Kültür Merkezi,0
