,0,1,2,3,4
0,Nanna Restaurant,,Maltepe,Maltepe Sahil Yolu Cumhuriyet Cad. No: 92,3
1,Mektup Restaurant,,Maltepe,Turgut Özal Bul. No:81 İdealtepe Sahil,4
2,Wonderland,,Maltepe,Bostancı - Maltepe Sahil Yolu (İdealtepe Mevkii),0
3,Clup Max,,Maltepe,Bağdat Cad. No:179/1,5
4,Düşler Sokağı Cafe & Bar,,Maltepe,Bağdat Cad. Özderici İşhanı No:155/11 (Yapı Kredi Yanı),3
5,Sakal Cafe & Bar,,Maltepe,Rıhtım Cad. No:1,0
6,"Asetrin Live, Asetrin Balık Gourmet",,Maltepe,Turgut Özal Bul. No:15 Üst Salon,0
7,"Wonderland Roof Bar, Wonderland Eğlence Merkezi",,Maltepe,Bostancı - Maltepe Sahil Yolu (İdealtepe Mevkii),0
8,F & D Cafe Bar,,Maltepe,"Turgut Özal Blv No:127, İdealtepe Mh (sahil yolu), Maltepe, Türkiye",0
9,Sürekli Birahanesi,,Maltepe,İnönü Cad. No: 1/A,0
10,Şamatalı Bar,,Maltepe,Bağdat Cad. No:433/75,0
