,0,1,2,3,4
0,Cafe 5.Cadde,,Üsküdar,Salacak Sahil Yolu No: 25,3
1,Kayseri Mutfağı,,Üsküdar,Abdullahağa Cad. No: 8/4-C,5
2,Tarihi Çınaraltı Aile Çay Bahçesi,,Üsküdar,Çengelköy Cad. Çınarlı Camii Sok. No: 4,5
3,"Çikolata & Kahve İstanbul, Üsküdar",,Üsküdar,Dere Sok. No:1/A Çengelköy,4
4,Beylerbeyi Sarayi Kafe,,Üsküdar,Abdullabağa Mah. Beylerbeyi,0
5,Messt Cafe & Restaurant,,Üsküdar,Rasim Ağa Sok. No:19 Nakkaştepe,3
6,Çimen Cafe,,Üsküdar,Hakimiyeti Milliye Cad. No: 56,4
7,Yeşil Mavi Nargile Cafe,,Üsküdar,Fetipaşa Korusu Alt Girişi No:102 Kuzguncuk,4
8,"Merdiven Cafe & Restaurant, Küçükçamlıca",,Üsküdar,Erkan Ocaklı Sok. No: 7/A,3
9,Kukis,,Üsküdar,Acıbadem Cad. No:154/1,5
10,Trend 216 Cafe & Restaurant,,Üsküdar,Selmanağa Mah. Selamipark Cad. No:5,4
11,Sera House Cafe,,Üsküdar,Cemil Meriç sok. No : 31,4
12,"Delfino Cafe & Restaurant, Beylerbeyi",,Üsküdar,Çamlıca Cad. İskele Sok. No:2 Beylerbeyi,0
13,Sihirli Spatula,,Üsküdar,Acıbadem Cad. no.200 Acıbadem-Üsküdar,5
14,"Simit Sarayı, Üsküdar",,Üsküdar,Salacak İskele Cad. No: 14/1,0
15,Sea Point,,Üsküdar,Çeşme Sok. Yılmanlar İş Hanı No: 2 K: 3,3
16,Karpi Pide & Köfte,,Üsküdar,Yalıboyu Cad. Arabacılar Sok. No: 2,5
17,Limon Restaurant & Cafe,,Üsküdar,Selmani Pak Cad. No: 22,4
18,Kahve Dehası,,Üsküdar,Cumhuriyet Cad. No:74,0
19,Bambi Garden Restaurant,,Üsküdar,Üçpınarlar Cad. No:25 Küçük Çamlıca,4
20,Kitapli Kahve,,Üsküdar,Sırma Perde Sok. No:8,0
21,Grand Teras Cafe&Restaurant,,Üsküdar,Selmani Pak Cad. No: 109/1,0
22,Cafe Sitare,,Üsküdar,İcadiye Cad. No: 56,5
23,Beylerbeyi Köy Kahvesi,,Üsküdar,İskele Meydanı Yalıboyu Cad. No:5 Beylerbeyi,0
24,Hurma Cafe,,Üsküdar,Çengeloğlu Sok. No:3,4
25,Yeşilçam Cafe & Bistro,,Üsküdar,Harem Sahil Yolu No: 101/1,3
26,Keyif İstanbul Cafe,,Üsküdar,Selmanipak Cad. Molla Eşref Sok. No:3/12,5
27,"Şazeli Kasap Izgara, Şazeli Kısıklı Şubesi",,Üsküdar,Nurbaba Cad. No: 27,5
28,Otantik Cafe,,Üsküdar,Gündoğumu Cad. No: 39,1
29,Çınaraltı Kahvesi,,Üsküdar,Dere Kayığı Sok. No:9,0
30,"Savor Cafe, Kuzguncuk",,Üsküdar,Paşa Limanı Cad. 141-155 34398,5
31,Fethipaşa Dilruba Restaurant Cafe,,Üsküdar,Üsküdar Fethi Paşa Korusu - Fıstıkağacı,4
32,Paşalimanı Cafe,,Üsküdar,Hacı Hesna Hatun Cad. No:113 Fethi Paşa Korusu Altı,4
33,Balcoon Cafe,,Üsküdar,Büyük Çamlıca Cad. Yusuf İzettin Paşa Köşkü 38/A Büyük Çamlıca,4
34,Anadolu Sofrası,,Üsküdar,Zübeyde Hanım Cad. Trafo Sok. No:2/A Çengelköy,5
35,Kahveci Kardeşler,,Üsküdar,"Sultantepe Mahallesi, Selman-i Pak Cad. No: 41/C",0
36,Hatr-ı Kahve,,Üsküdar,Oymak Sok. No: 5/A,0
37,Betty Blue,,Üsküdar,İcadiye Cad. No:21/A,1
38,Çeşmidil Cafe & Restoran,,Üsküdar,İskele Cad. No:2,2
39,Gizli Bahçe,,Üsküdar,Selam-i Ali Efendi Cad. No:39 (Selemsız Taksi Duarağı Karşısı),0
40,"By Crepe, Çengelköy",,Üsküdar,Kuleli Cad. No: 21,5
41,Palmiye Teras Cafe,,Üsküdar,Tembel Hacı Mehmet Sok. Uğur İş Hanı No:27 D:3,0
42,Kemal Baba Çayevi,,Üsküdar,Büyük Hamam Sok.,0
43,"Granny's Waffles, Üsküdar",,Üsküdar,Selmani Pak Cad. No: 57,5
44,"Görgülü Pastaneleri, Acıbadem",,Üsküdar,Acıbadem Cad. No:132/4,4
45,Seyr-ü Sefa,,Üsküdar,Paşa Limanı Cad. Üsküdar Sahil Kabataş İskelesi Yanı Yüzer İskele,2
46,Cafe Mola,,Üsküdar,Alemdağ Cad. No:59/1,5
47,Blue Cafe & Restaurant,,Üsküdar,Derekavağı Sok. No: 3,5
48,inci Bosphorus,,Üsküdar,İskele Gazinosu No: 3/1,4
49,Üsküdar Teras Cafe,,Üsküdar,Atlama Taşı Atlas Sok. No:53/2 Tembel Hacı Mehmet Mah.,4
50,Cafe Kandilli,,Üsküdar,İskele Cad.No3/1,0
51,"Kahve Dünyası, Acıbadem",,Üsküdar,Acıbadem Cad. No: 168/A,4
52,Afiyet Pastaneleri,,Üsküdar,Örnek Mah.35. Cad. No:78,0
53,Köşk-ü Ala,,Üsküdar,Tanrıverdi Sok. No: 11,4
54,Karamel Cafe,,Üsküdar,Tophanelioğlu Cad. Başaran İş Merkezi No:9 D:3 Altunizade,4
55,Pita Kuzguncuk,,Üsküdar,İcadiye Cad. No:41/A (Kuzguncuk Ptt Karşısı) Kuzguncuk,5
56,Emiroğlu Baklava,,Üsküdar,Nuh Kuyusu Cad No:385,5
57,Ahenk Semai Kahvesi,,Üsküdar,Büyük Hamam Sok. No: 8,0
58,Çınaraltı Cafe,,Üsküdar,Kuzguncuk Çarşısı Cad. No:3 Kuzguncuk,5
59,"Yıldızlar Pasta Cafe, Üsküdar",,Üsküdar,Dr. Fahri Atabey Cad. No: 101,5
60,"Krispy Kreme, Capitol Avm",,Üsküdar,Mahir İz Cad. No: 4,0
61,Mia Caramella,,Üsküdar,Halk Dershanesi Sok. No:5/B (Üsküdar Kaymakamlık Karşısı),5
62,Cafe Nar,,Üsküdar,Yeniocak Sok.No:7 Baglarbasi,0
63,Mostar Cafe & Restaurant,,Üsküdar,Kuleli Cad. Fıçıcı Sok. No:6 Çengelköy,5
64,"Espressamente İlly, Akasya Avm",,Üsküdar,Çeçen Sok. No: 25,0
65,"Tchibo, Capitol Avm",,Üsküdar,Mahir İz Cad. Altunizade,0
66,"Krispy Kreme, Acıbadem Cad.",,Üsküdar,Acıbadem Cad. No:76,4
67,Gülistan Cafe Restaurant,,Üsküdar,Bulgurlu Cad. Çiçek Sok. No:3 Küçük Çamlıca,5
68,Zeki Çağlar Namlı Sanat Evi,,Üsküdar,Şair Naili Sok. No: 1,5
69,Çamlıca Köşkleri,,Üsküdar,Küçük Çamlıca Korusu Kısıklı - Küçük Çamlıca,4
70,"Salacak Çay Bahçesi, Teted",,Üsküdar,Salacak Sahil Yolu No:17,0
71,Aslı Börek,,Üsküdar,Namazgah Mah. İzzettin Bey Sok. Bayrak İş Merkezi A Blok No:9/C Bulgurlu,0
72,Sedir Cafe,,Üsküdar,Dr. Fahri Atabey Cad. No:9 K:3 (HSBC Bank Üstü),5
73,"Gourmet Garage, Akasya Avm",,Üsküdar,Çeçen Sok. No: 25 Kat 2,3
74,Çalı Kahvesi,,Üsküdar,Allame Cd. No:109,5
75,Molly Cafe,,Üsküdar,Arabacılar Sok. No:1/C,5
76,"Dunkin Donuts, Capitol Avm",,Üsküdar,Mahir İz Cad. K:Zemin Mağaza No:30/A Altunizade,5
77,İstanbul Simit,,Üsküdar,Nuh Kuyusu Cad. No:275/A,4
78,Bambi Pasta Cafe,,Üsküdar,Çiçekçi İskele Cad. No:37/1-A,0
79,Saraylı Cafe Bistro,,Üsküdar,Cumhuriyet Cad. Anıt Sok. Toprak Sit. No: 70/A,0
80,Şampiyon Park Cafe,,Üsküdar,Alt Baraj Yolu No: 34,3
81,Ara Cafe,,Üsküdar,Karagazi Sok. No:7,0
82,Gül Cafe,,Üsküdar,Haluk Türksoy Arka Sok.,3
83,Park Piramit Cafe,,Üsküdar,Zübeyde Hanım Cad. No:39/A Çengelköy,4
84,Yeditepe Cafeterya,,Üsküdar,Nakkaştepe Mah. Baba Nakkaş Sok. No:58,4
85,Lila Cafe,,Üsküdar,Bulgurlu Cad. No:134/D,4
86,Divan Kafeterya,,Üsküdar,Acıbadem Cad. Tekin Sok. No:8 Acıbadem Hastanesi,4
87,Grey Cafe,,Üsküdar,Mahir İz Cad.,4
88,Cookie House,,Üsküdar,Kısıklı Cad. No: 120 Çamlıca,0
89,Alize Cafe ve Restaurant,,Üsküdar,Bosna Bul. Çanakçı Sok. No: 3,0
90,"Kara Fırın, Capitol Avm",,Üsküdar,Mahir İz Cad. Altunizade,3
91,Park Piramit,,Üsküdar,"Bağlar Cad. Gülpınar Sit. F2 Blok No:17 ,Bulgurlu",0
92,Aynalı Kahve,,Üsküdar,Arabacılar Sok.No:8,0
93,Koçlar Sofrası Börekçisi,,Üsküdar,Şht. Asteğmen Halil Ögel Sok. No:9,3
94,"Cafe Clémentine, Capitol Avm",,Üsküdar,Mahiz İz Cad. Altunizade,3
95,"Kuğu Pastaneleri, Acıbadem",,Üsküdar,Acıbadem Cad. No:154,0
96,"juice Planet, Capitol Avm",,Üsküdar,Mahir İz Cad. Altunizade,0
97,Cafe De Marmara,,Üsküdar,Çamlıca Cad. İskele Sok. No:2,0
98,Salacak Teras Cafe,,Üsküdar,İmrahor Salacak İskele Cad. No:2/2,0
99,"Giolitti, Capitol Avm",,Üsküdar,Mahir İz Cad. Altunizade,0
100,Teted,,Üsküdar,Salacak Sahil Yolu No:17,0
101,Ada Cafe,,Üsküdar,Çağla Sok. (Çevre Sok.),0
102,"Harvest, Altunizade",,Üsküdar,Eski Kısıklı Cad. No:16 Altunizade,0
103,Marmaris Cafe,,Üsküdar,Nuh Kuyusu Cad. No: 20/1,0
104,Çamlica Park Pasta Cafe,,Üsküdar,Kısıklı Cad. No:160/A Kalyoncu Apt.,0
105,Çatal Cafe,,Üsküdar,Besktekar Sadettin Kaynak Sok. (Aydın Sok.),1
106,Mahalle Kahvesi,,Üsküdar,İcadiye Cad. No:25/A,0
107,Iac İstanbul,,Üsküdar,Gazi Cad. Görümce Sok. No:7 Bağlarbaşı,0
108,Cafe Bahçe,,Üsküdar,Bulgurlu Cad. İskender Sok. No:5/A,0
109,7 Tepe Kafe & Bar,,Üsküdar,Babanakkaş Sok. No:58,0
110,Ortanca Cafe,,Üsküdar,Ayazma Cad. Kumru Sok. No:12/A Ünalan,0
111,Mihrimah Kahve,,Üsküdar,İmam Nasır Sok. No:10,0
112,Ella Ev Yemekleri & Cafe,,Üsküdar,Selimiye Mah. Harem İskele Cad. Şerif Kuyusu Sok. No:47/B,0
113,Cafe Bross,,Üsküdar,Selmani Pak Cad. 57,0
114,Cafede Mola,,Üsküdar,Kısıklı Cad. Uzay Apt. No:1 Bağlarbaşı Meydanı,0
115,Çamlıca Köşk Cafe,,Üsküdar,Alemdağ Cad. No:10,0
116,Arka Bahçe Cafe,,Üsküdar,Çifte Çınar Sok. No:47,0
117,"Cafe Di Dolce, Vaniköy",,Üsküdar,Vaniköy Dolce No: 75,0
118,Elit Cafe,,Üsküdar,Altunızade Mah. Kısıklı Cad. No:49,0
119,Sığınak Cafe,,Üsküdar,Solaksinan Mah. Tophanelioğlu Sok. No:15 D:1,0
120,Otağ Cafe,,Üsküdar,Gümüşyol Cad. No : 27 Nakkaştepe,0
121,Yeşil Cafe,,Üsküdar,Shibuya Cad. No:1-3,0
122,Jest Cafe,,Üsküdar,Dr. Fahri Atabey Cad. No: 28/A,0
123,Atom Tost,,Üsküdar,Rasim Ağa Sok. No:11/2,0
124,ehl-i KEYF,,Üsküdar,Atlas Çıkmazı No: 4/B,0
125,Cafe,,Üsküdar,Nato Yolu Üstü Sok. Kirazlıtepe Yaşam Merkezi Giriş Kat,0
126,"Beyoğlu Profiterol, Merkez Şubesi",,Üsküdar,Bosna bulvarı İzmir sokak no 29/a üsküdar,0
127,Monalisa Pastane Cafe Restaurant,,Üsküdar,Bosna Blv. No:131,0
128,Metrogar Cafe,,Üsküdar,Şemsi Sinan Cad. No: 3,0
129,Mey Day,,Üsküdar,Selman-ı Pak Cad. No: 46/E,0
130,Cafe Çiçekçi,,Üsküdar,Selimiye Hamamı Sok. No: 10/A,0
131,Olimpia Pasta & Cafe,,Üsküdar,Cumhuriyet Cad. No: 157,0
132,Elek Ekmek Pasta Cafe,,Üsküdar,Prof. Dr. Beynun Akyavaş Cad.,0
133,Detay Cafe Nargile,,Üsküdar,Gülfem Hatun Sok. No: 20,0
134,Validem Cafe & Restaurant,,Üsküdar,Tophanelioğlu Cad. No: 3/A,0
135,Mastori,,Üsküdar,Fıçıcı Sok. No: 6,0
136,Divan Patisserie,,Üsküdar,Kısıklı Cad. No: 22,0
137,Tatlı Cafe,,Üsküdar,İzzettinbey Cad. No: 6/3,0
138,Ganache Patisserie & Cafe,,Üsküdar,Nuh Kuyusu Cad. Kümbet Sok. No: 1,0
139,Buhurdan,,Üsküdar,Selami Ali Efendi Cad. No: 23/B,0
140,Otantik Cafe,,Üsküdar,Libadiye Cad. Ünlü Sok. No: 4/4,0
141,Nosta Cafe Restaurant,,Üsküdar,Mehmet Akif Ersoy Cad. No: 96,0
142,Beltur,,Üsküdar,Dr. Fahri Atabey Cad. No: 142,0
143,Kumda Kahve Çamlıca,,Üsküdar,Gürpınar Cad. Gürpınar Sit. F8 Blok No: 12/B,0
144,Park Cafe,,Üsküdar,Dr. Burhanettin Üstunel Cad. No: 29/B,0
145,Ruma Cafe & Patisserie,,Üsküdar,Nuhkuyusu Cad. Seyit Ahmet Deresi Sok.,0
146,Bi Zahmet Cafe & Restaurant,,Üsküdar,Çifte Çınar Sok. No: 47/A,0
147,Orta Kahve,,Üsküdar,Atlas Çıkmazı Sok. No: 15/B,0
148,Rüzgarlı Cafe,,Üsküdar,Cumhuriyet Cad. No: 46,0
149,Mavi Cafe,,Üsküdar,Arabacılar Sok. No: 8/C,0
150,Vefa Pasta & Cafe,,Üsküdar,Kartal Baba Cad. No: 9/A,0
151,"Vitamin, Fethi Paşa Korusu",,Üsküdar,Paşa Limanı Cad.,0
152,Bulgurlu Cafe,,Üsküdar,Bulgurlu Cad.,0
153,"Şekerci Cafer Erol, Akasya Avm",,Üsküdar,Çeçen Sok. No: 25 Kat: 1,0
154,İrem Cafe,,Üsküdar,Aziz Mahmud Hüdai Mah. Doğancılar Cad. No: 45/A,0
155,Cafe Şah Mat,,Üsküdar,İzzettinbey Cad. No: 18/E,0
156,Palmiye Teras Cafe,,Üsküdar,Büyük Hamam Sok. No: 3,0
157,Küçük Çamlıca Aile Çay Bahçesi,,Üsküdar,Üçpınar Cad. No: 15,0
158,Huzur Cafe,,Üsküdar,"Ferah Mahallesi, Televizyon Sokak, No 2, Sefe Tepesi, Büyük Çamlıca, No 35/7, Üsküdar, İstanbul",0
159,Tahta Kahve & Cafe,,Üsküdar,"Selimiye Mah, Selimiye Park,",0
160,Sevgi Bahçesi,,Üsküdar,"Küçük Çamlıca Mah, Üçpınar Cad, No 41,",0
161,"Lobby Cafe & Bar, Mini Harem Hotel",,Üsküdar,İskele Cad. No:6,0
162,"Burak Kitap Cafe, Beylerbeyi",,Üsküdar,Abdullahağa Cad. No: 7,0
163,Royal Cafe,,Üsküdar,Selami Ali Efendi Cad. No: 16,0
164,Cafe Lavinia,,Üsküdar,Validei Atik Mah. Nuhkuyusu Cad. Şebnem Apt. 169/B Bağlarbaşı,0
165,Kordon Pasta & Cafe,,Üsküdar,Nuhkuyusu Cad. No: 18 D:3,0
166,Arka Bahçe Cafe,,Üsküdar,Çifte Çınar Sok. No:47,0
167,Sevil Cafe,,Üsküdar,Hakimiyeti Milliye Cad. Kançal İş Merkezi No:158,0
168,Cafe De Sport,,Üsküdar,Nuhkuyusu Cad. No:91/B Bağlarbaşı,0
169,Apranti Cafe,,Üsküdar,Altunızade Mah. İcadiye Bağlarbaşı Cad. No:36,0
170,Efe Cafe,,Üsküdar,Gülfemhatun Mah. Gülfem Sok. No:11,0
171,Simit-Ce,,Üsküdar,Cumhuriyet Cad. No:127/A,0
172,Öz Ebrum Pasta Cafe,,Üsküdar,Bulgurlu Mh. Bulgurlu Cd. No:136,0
173,Cafe Kumru,,Üsküdar,Gülfemhatun Mah. Açık Türbe Sok. No:8/A,0
