,0,1,2,3,4
0,Cinaraltı Cafe,,Bozcaada,Çınarlı Cad.,0
1,Polente Cafe,,Bozcaada,İskele Cad. No:41,4
2,Eski Kahve Cafe,,Bozcaada,Cumhuriyet Meydanı,4
3,Ada Cafe,,Bozcaada,Lale Sok.,4
4,Cafe Rıhtım,,Bozcaada,Feribot İskelesi,0
5,Cafe At Lisa's,,Bozcaada,Kurtuluş Cad.,3
6,"Limon Cafe Restaurant, Bozcaada",,Bozcaada,Namazgah Cad. No:22,5
7,Çanlı İbo Çay Bahçesi,,Bozcaada,Çınarlı Çarşı Cad. Namazgah Sok.,0
8,İskele Sancak Cafe,,Bozcaada,Çınarlı Çarşı Cad.,0
9,Rıhtım Cafe,,Bozcaada,Kordon Boyu,0
