,0,1,2,3,4
0,Gramofon Cafe,,Altındağ,Koyunpazarı Sok. No:101-117,0
1,Faraya Cafe & Restaurant,,Altındağ,Hacettepe Mah. Sarı Kadın Sok. No:20,0
2,"Mado, Ulus",,Altındağ,Ulus İş Hanı F Blok No:1 Ulus/İsmetpaşa,0
3,Cafe Matrak,,Altındağ,Hacettepe Mah. Hamamönü Sok.,0
4,Heykel Cafe,,Altındağ,Heykel Meydanı Ulus İş Hanı B Blok No:4 Ulus,0
5,"Coffee Chocolate, Kc Göksu Avm",,Altındağ,Altay Mah. Selçuklular Cad. No:57 Eryaman,0
6,Yeşil Ada,,Altındağ,Altınpark Mah. İrfan Başbuğ Cad. Altınpark İçi No:142/5,0
7,Lox Waffle,,Altındağ,Bülten Sok. No:7/B,5
8,Sanmig Coffee,,Altındağ,Hamamönü Sarıkadın Sokak No:28/A,4
9,Safir,,Altındağ,Hacettepe Mah. Sarıkadın Sok. No:17,0
10,Gül Bahçesi,,Altındağ,Hacettepe Mah. Dutlu Sok. No:19 Hamamönü,0
11,Evliyaoğlu Kuruyemiş ve Kahve Evi,,Altındağ,Çevreli Cad. No: 24/A,0
12,Dostlar Cafe,,Altındağ,Hacettepe Mah. Sarıkadın Sok. No:3/B,0
13,Marziano Pizza & Cafe,,Altındağ,Şehit Mustafa Baş Cad. No:4,0
14,"Divan Cafeteria, Cer Modern",,Altındağ,Altınsoy Cad. No:3,0
15,Bistro Aşina Cafe,,Altındağ,Gençlik Parkı İçi,0
16,Cafe Eski Ankara,,Altındağ,Pirinç Sok. No:7/C,0
17,Muhabbet Cafe,,Altındağ,Gençlik Parkı İçi Ulus,0
18,Toprak Antik Cafe,,Altındağ,Koyun Pazarı Sok. No: 1/G,0
19,Hipokrat Cafe,,Altındağ,Mehmet Akif Ersoy Sok. No:1/A Hacettepe,0
20,Cafe Luna Aile Bahçesi,,Altındağ,Gençlik Parkı İçi,0
21,Tutku Antik Cafe,,Altındağ,Koyun Pazarı Yokuşu No: 28,0
22,Taş Sanat Cafe,,Altındağ,Koyunpazarı Yokuşu Sok. No: 113,0
23,Park Cafe,,Altındağ,Gençlik Parkı İçi,0
24,Lunapark Cafe,,Altındağ,Gençlik Parkı İçi,0
25,Tere Piknik,,Altındağ,Gençlik Parkı İçi,0
26,Vitamin Cafe,,Altındağ,İrfan Başbuğ Cad. Altınpark İçi,0
27,Cafe Altın,,Altındağ,İrfan Başbuğ Cad. Altınpark İçi,0
28,Cafe Atalay,,Altındağ,İrfan Başbuğ Cad. Altınpark İçi No: 142/10,0
29,Divan Pastaneleri,,Altındağ,Depo Sok. Ankara Kalesi No: 3,0
30,Tahtakale Kahvecisi Hasan Usta,,Altındağ,Hacettepe Mah. Dutlu Sok. No: 10,0
31,Nar Antika Evi Cafe,,Altındağ,Adapazarı Sok. No: 3,0
32,Gayret Çay Ocağı,,Altındağ,Salman Sok.,0
33,Kültür Sanat Evi,,Altındağ,Dutluk Sok. No: 16,0
34,Ehl-i Keyf,,Altındağ,Hacettepe Mah. Sarı Kadın Sok. No: 26/A,0
35,Tahtakale Kahvecisi - 2,,Altındağ,Hacettepe Mah. Sarıkadın Sok. No: 3/C,0
36,Salon Arkadaş,,Altındağ,Hacettepe Mah. Talatpaşa Bul. No: 1/B Hamamönü,0
37,Özen Pasta Cafe,,Altındağ,Altınpark Cad. No: 17,0
38,Tarihi Ahi Bedesten Konağı,,Altındağ,Can Sok.,0
39,Vaha Şark Köşesi,,Altındağ,İrfan Başbuğ Cad. Altınpark İçi,0
40,Neşvegah,,Altındağ,Dutlu Sok. No: 9 Hamamönü,0
41,Feyzan Cafe,,Altındağ,Kazım Karabekir Cad. No: 31/1-2,0
42,Minimar Büfe,,Altındağ,Gençlik Parkı İçi,0
43,Filistin Kafe,,Altındağ,Gençlik Parkı İçi,0
44,Fesscafe,,Altındağ,Gençlik Parkı İçi,0
45,Lezzet Büfe,,Altındağ,Gençlik Parkı İçi,0
46,İkizler Cafe,,Altındağ,İrfan Başbuğ Cad. No: 142/9,0
47,Cafe Zeytin,,Altındağ,Pirinç Sok. No: 2/A,0
48,Çamlık Pasta & Cafe,,Altındağ,Çevreli Cad. No: 58,0
49,Denizaltı,,Altındağ,Gençlik Parkı İçi,0
50,Çay Evi Simit Cafe,,Altındağ,Gençlik Parkı İçi,0
51,Hamamönü Bahçem Cafe & Restaurant,,Altındağ,Hacettepe Mah. Sarıkadın Sok. No: 5 Hamamönü,0
52,Almi Cafe,,Altındağ,Samanyolu Cad. No: 87,0
53,Körfez Cafe Bistro,,Altındağ,Gençlik Parkı İçi,0
54,Nostalji Çay Bahçesi,,Altındağ,Gençlik Parkı İçi,0
55,Recep Özgen Çay Bahçesi,,Altındağ,Gençlik Parkı İçi,0
56,Yum Yum Cafe,,Altındağ,Çevreli Cad. No: 70/A,0
57,Meşhur Beyoğlu Börek Cafe,,Altındağ,Anafartalar Cad. Şan Sok. No: 7/21,0
58,Dışkapı Simit Sarayı,,Altındağ,Atmaca Sok. No: 14/B,0
59,Konak Cafe,,Altındağ,Sarıkadın Sok. No: 3/A,0
60,Diyet Cafe,,Altındağ,Hacettepe Mah. Sarıkadın Sok. No: 5,0
61,Acı Kahve ve Pastanesi,,Altındağ,İrfan Baştuğ Cad. No: 1/A,0
62,Yum -Yum Cafe,,Altındağ,Malazgirt Cad. No: 35,0
63,Cafe Taze,,Altındağ,Sakalar Mah. Talatpaşa Bul. No: 41,0
64,Aşiyan Aile Çay Bahçesi,,Altındağ,İrfan Baştuğ Cad.,0
65,Bonjour Liva,,Altındağ,İrfan Baştuğ Cad. No: 32,0
66,Öz Rutin Pasta Cafe,,Altındağ,Orhan Kemal Cad. No: 319/A,0
67,Hanımeli Çayeli,,Altındağ,Hacettepe Mah. Tanış Sok. No:15 Hamamönü,0
68,Lina Cafe,,Altındağ,Gençlik Parkı İçi,0
69,Gülen Çay Bahçesi,,Altındağ,Altınpark Mah. İrfan Başbuğ Cad. Altınpark İçi,0
70,Alişş Cafe & Piknik,,Altındağ,Demirhendek Cad. No:3 Siteler,0
71,Almila Cafe & Fast Food,,Altındağ,Çamlıtepe Cad. No:22/9 Siteler,0
72,Büyük Pasta Bistro,,Altındağ,100. Yıl Çarşısı No:4/8,0
73,Elitt Cafe Bistro,,Altındağ,Altındağ Cad. No:9/B Dışkapı,0
74,Tyana Ceritoğlu Konağı Kafetarya,,Altındağ,Kale Kapısı Sok. No:19 Ulus,0
75,Mrada,,Altındağ,Gençlik Parkı İçi,0
76,Cam-Pi,,Altındağ,İstanbul Cad. Elif Sok. No:7,0
77,Muizz Cafe,,Altındağ,Akköprü Mah. ANKAmall A.V.M No:5 K:2,0
78,Stad Cafe,,Altındağ,19 Mayıs Stadyumu,0
