,0,1,2,3,4
0,Veranda Tuzla,,Tuzla,Balıkçılar Sok. No:14,5
1,Sera Cafe Restaurant,,Tuzla,Şehitler Cad. Sahil Dolgu Alanı,4
2,Şelale Teras Cafe,,Tuzla,Sahil Dolgu Alanı Bilano Merkez,4
3,Sesa Cafe,,Tuzla,Fevzi Çakmak Cad.,0
4,"Damak Diyarı, Merkez",,Tuzla,Cumhur Cad. No: 20,0
5,Cafe Marina,,Tuzla,Manastır Yolu No:28,5
6,Tuzla Degirmen Kafe,,Tuzla,Mermerciler OSB 2. Sanayi Cad. No:9,0
7,Rainbow 48 Cafe & Restaurant,,Tuzla,Manastır Yolu Cad. No:46-48,5
8,"Altıntepsi Baklava & Börek, Orhanlı",,Tuzla,Demokrasi Cad. No: 122/A,5
9,T-Moka Kafe,,Tuzla,Postahane Mah. Manastır Yolu No:26/1 ( İTÜ Denizcilik Fakültesi Karşısı),5
10,"Marco Polo, Okan Yaşam Merkezi",,Tuzla,Ballıca Cad. (Formüla 1 Yanı) Akfırat,0
11,Manastır İskele,,Tuzla,Caferbey Sok.Tuzla Mercan,0
12,Adriano Antique Cafe & Shop,,Tuzla,Cafer Bey Sok. No: 43,0
13,Seyir Cafe&Teras,,Tuzla,"İstasyon Mahallesi, Şehitler Caddesi",0
14,Peron Cafe,,Tuzla,İstasyon Sok. No:6,0
15,Dodo Istanbul Sea Clup,,Tuzla,Mercan Çınarlı Sok. No:1,0
16,Livane Köfte Izgara,,Tuzla,Sahil Blv No:4 / 1,0
17,Blue Sea Cafe,,Tuzla,2. Sahil Yolu 2 Nolu Cafe,0
18,Huzur Cafe,,Tuzla,Tuzla Lisesi Karşısı Yavuzlar İş Merkezi B Blok No:7,0
