,0,1,2,3,4
0,"Gezi İstanbul, Taksim",,Beyoğlu,İnönü Cad. No:5 Taksim,4
1,Pepo,,Beyoğlu,Camekan Sok. No: 1 Galata,4
2,Ara Kafe,,Beyoğlu,İstiklal Cad. Tosbağa Sok. No: 2,5
3,"Tektekçi, Beyoğlu",,Beyoğlu,Acara Sok. No: 2/1,3
4,360 İstanbul,,Beyoğlu,İstiklal Cad. Mısır Apt. K:8 No:163,4
5,Kafepi Asmalımescit Bomonti Brasserie,,Beyoğlu,Sofyalı Sok. No:11 Tünel,4
6,Zilly Pera,,Beyoğlu,Meşrutiyet Cad. No:69,0
7,45'lik Bar,,Beyoğlu,Yeniçarşı Cad. No: 38,0
8,"Tükkan, Karaköy",,Beyoğlu,Mumhane Cad. No: 34,3
9,Asmalı Shot House,,Beyoğlu,Sofyalı Sok. No: 14 Tünel,0
10,Çalıntı,,Beyoğlu,Küçükparmakkapı İpek Sok. No:27/3,0
11,Mavi Cafe & Bar,,Beyoğlu,İstiklal Cad. Nevizade Sok. No:9,0
12,Line Music Club,,Beyoğlu,İstiklal Cad. Büyükparmakkapı Sok. No:14/A-B,4
13,Ispanak Bar,,Beyoğlu,Tel Sok. No:7,0
14,Çınaraltı Cafe & Bar,,Beyoğlu,İstiklal Cad. Balo Sok. No:14/1,2
15,Joker Cafe,,Beyoğlu,Atıf Yılmaz Cad. Yoğurtçu İş Hanı K:5 Taksim,0
16,Şahika,,Beyoğlu,Nevizade Sok. No:5,4
17,Vosvos Cafe & Bar,,Beyoğlu,İstiklal Cad. Gazeteci Erol Dernek Sok No: 11/A,3
18,Vera Cafe & Bistro,,Beyoğlu,Nevizade Sok. No: 1,5
19,Que Tal Tapas Bar & Cafe,,Beyoğlu,İlk Belediye Cad. No:5/A,3
20,Peranostra,,Beyoğlu,Tünel Meydanı No:4/A,0
21,Pikap,,Beyoğlu,Öğüt Sok. No:6/1,4
22,Kasette,,Beyoğlu,Acara Sok. Korsan Çıkmazı No:5/B,5
23,Fotoğraf Cafe & Bar,,Beyoğlu,İstiklal Cad. Balo Sok. No: 24/A,0
24,Solera Winery,,Beyoğlu,Tomtom Mah. Yeniçarsı Cad. No:44 Galatasaray,5
25,Nardis Jazz Club,,Beyoğlu,Kuledibi Sok. No:14 Galata,5
26,Off Pera,,Beyoğlu,Gönül Sok. Canova Apt. No:14/A,0
27,Quba Club,,Beyoğlu,Balo Sok. No:18,2
28,Topless,,Beyoğlu,İstiklal Cad. No:12 K:6,0
29,"Divan Bar, Divan İstanbul",,Beyoğlu,Asker Ocağı Cad. No:1,0
30,Arsen Lüpen,,Beyoğlu,Nane Sok. No:21,4
31,Arasta,,Beyoğlu,Kameriye Sok. No:11 K:2-3,4
32,Kum Saati Blues,,Beyoğlu,Jurnal Sok. No: 17 Tünel,5
33,Semerkant,,Beyoğlu,Katip Çelebi Mah.İstiklal Cad.Tel Sok.,0
34,Sinerji Bar,,Beyoğlu,Küçükparmakkapı İpek Sok. No: 14 Taksim,4
35,Kahvedan,,Beyoğlu,Cihangir Akarsu Cad. No:38/1-1A,5
36,Club Purple,,Beyoğlu,İstiklal Cad Mis Sok No:16 Taksim,5
37,Feride Bar,,Beyoğlu,Kameriye Sok. No:7,0
38,Klan Cafe Bar,,Beyoğlu,Büyükparmakkapı Sok. No:8/3,5
39,Lambo,,Beyoğlu,Nevizade Sok. No:3,3
40,The Wall,,Beyoğlu,İmam Adnan Sok. No: 24,0
41,Propaganda,,Beyoğlu,İstiklal Cad. Suriye Pasajı No:166/10,0
42,Faces Restaurant & Bar,,Beyoğlu,Sofyalı Sok. No:16,4
43,Eelence,,Beyoğlu,Meşrutiyet Cad. No: 89/A,0
44,Novo,,Beyoğlu,Sofyalı Sok. No:3,0
45,Litera Restaurant,,Beyoğlu,Yeni Çarşı Cad. No:32,4
46,Altın Plak,,Beyoğlu,İstiklal Cad. Mis Sok. No: 5-1,5
47,Manno Bar,,Beyoğlu,Öğüt Sok. No:1,0
48,OldTown,,Beyoğlu,Rıhtım Cad. Yuva Sok. No:6 Karaköy - Beyoğlu /İstanbul,4
49,Soosythe,,Beyoğlu,Kocatepe Mah. Topçu Cad. Talimhane,0
50,"Firuzende Galata Restaurant, Galata",,Beyoğlu,Büyükhendek Cad. No: 5 Kuledibi,5
51,Crab Bar,,Beyoğlu,İstiklal Cad. No:71/2,0
52,Ekvator Restaurant Bar & Cafe,,Beyoğlu,Küçükparmakkapı Sok. No:17,5
53,Eskici Nostalji,,Beyoğlu,Sahne Sok. No:22 Nevizade,0
54,MiniMüzikhol,,Beyoğlu,Sıraselviler Cad. Soğancı Sok. Cihangir Palas No: 3 D: 1,0
55,TAG Cafe & Bistro,,Beyoğlu,İstiklal Cad. Postacilar Sok. No:1/A (Arter Sanat Galerisi Yanı),0
56,Şehbender 14 Bar & Restaurant,,Beyoğlu,Şehbender Sok. No:14 (Babylon Bar Yanı),5
57,Arza Rock Bar,,Beyoğlu,Büyükparmakkapı Sok. No:17/A,0
58,Baylo,,Beyoğlu,Meşrutiyet Cad. No:107/A,0
59,Cafe Splendor,,Beyoğlu,İstiklal Cad. Solakzade Sok. No: 7-9,0
60,Vera Restaurant,,Beyoğlu,Sahne Sok. No: 40 Balık Pazarı,5
61,"Hardal Eat & Drink & Play, Asmalımescit",,Beyoğlu,Minare Sok. No: 12,4
62,Kloster,,Beyoğlu,Kamer Hatun Cad. No: 10,0
63,Kikas Restaurant & Bar,,Beyoğlu,İnönü Cad. No: 55/A,4
64,Club Clinic Teras,,Beyoğlu,Atıf Yılmaz Cad.Bayram Sok. No:1/4,4
65,Kemancı Bar,,Beyoğlu,Sıraselviler Cad. No:33/1 Taksim,4
66,Cantine Breakfast & Bistro,,Beyoğlu,Gazeteci Erol Dernek Sok. No: 19/A-B,5
67,Robin Hood Bar,,Beyoğlu,Hasnun Galip Sok. No:23/A,0
68,Studio Live,,Beyoğlu,Atıf Yılmaz Cad. Küçük Bayram Sok.(Ağa Camii Sok.) No:1 Kat:4,4
69,Olimpia,,Beyoğlu,İstiklal Cad. Acara Sok. No: 2 (Yapı Kredi Kültür Merkezi Ve House Cafe olduğu Sok.),4
70,Adress Cafe & Bar,,Beyoğlu,Mis Sok. No: 24/1,0
71,Club She-Va,,Beyoğlu,Ekrem Tur Sok. No:5,4
72,Cevriye Restaurant,,Beyoğlu,Talimhane Abdülhak Hamit Cad. No: 19/1,5
73,Hayal Kahvesi Beyoğlu,,Beyoğlu,Meşelik Sok. No:10 Taksim,5
74,Mateo Cafe & Bar,,Beyoğlu,Cezayir Sok. (Fransız Sok.) No:5,0
75,Ferdane,,Beyoğlu,İstiklal Cad. Mis Sok. 22/A,4
76,Marvin Lounge Bar,,Beyoğlu,Ensiz Sok. No:10 Tünel,0
77,"Nature & Peace, Beyoğlu",,Beyoğlu,Katip Çelebi Mah. İstiklal Cad. Büyük Parmakkapı Sok. No:15/A,5
78,Asmalı Cumba,,Beyoğlu,Asmalımescit Mah Asmalımescit Sok No:14/A,4
79,Asude Cafe Bar,,Beyoğlu,Sakızağacı Cad. Öğüt Sok. No:12 Taksim,0
80,Taksim Karaoke Bar,,Beyoğlu,Recepaşa Cad No:7 Taksim,3
81,Sefahathane,,Beyoğlu,Hüseyinağa Mah İstiklal Cad. Atlas Pasajı İçi,5
82,Plak Bar,,Beyoğlu,Bekar Sok. No:28 D:30,0
83,Veli Pera Lounge,,Beyoğlu,Fuat Uskunay Sok. No: 7,0
84,Otantik Cafe & Bar,,Beyoğlu,İstiklal Cad. Balo Sok. No:1 K:3 Taksim,5
85,Vernon Beyoğlu,,Beyoğlu,İstiklal Cad. Büyükparmakkapı Sok. No: 26,4
86,Club Blanco,,Beyoğlu,İstiklal Cad. Ekremtur Sok. No: 5,0
87,Public House Asmalı,,Beyoğlu,Asmalı Mescit Cad. No: 9/A,5
88,Quit Bar,,Beyoğlu,Balyoz Sok. No:7/1,0
89,"Fabrika, Küçük Beyoğlu",,Beyoğlu,Sıraselviler Mah. Yeşilçam Sok. No:16/5 Taksim,4
90,Barcode,,Beyoğlu,İstiklal Cad. Fuat Uzkınay Sok. No:7/A,0
91,We Cafe & Pub,,Beyoğlu,İstiklal Cad. Akarsu Sok. No: 10,4
92,The Corner,,Beyoğlu,Sofyalı Sok. No:10,4
93,Address Bab-ı Ali Cafe Bar Restaurant,,Beyoğlu,Mis Sok. No:15,3
94,Pasific,,Beyoğlu,Asmalı Mescit Cad. Sofyalı Sok. No:8-6,3
95,Baraka,,Beyoğlu,Balo Sok. Ezine Apt. K:2,4
96,Blanche İstanbul Restaurant & Bar,,Beyoğlu,Cezayir Çıkmazı No:2,0
97,İn The Van,,Beyoğlu,Katip Çelebi Mah. İstiklal Cad. Abdullah Sok. No:15/A,5
98,Bonema,,Beyoğlu,Katip Çelebi Mah. Hasnun Galip Sok. No:3 Taksim,0
99,Orta Cafe & Bar,,Beyoğlu,Sofyalı Sok. No:14,0
100,Chunk,,Beyoğlu,İstiklal Cad. Odakule Saka Salim Çıkmazı Kısmet Han No: 3 Kat: 1 Odakule,0
101,Mest Cafe &bar,,Beyoğlu,Kalyoncukulluk Cad. Kameriye Sok. No:2/8,4
102,Taksim Biz Bar,,Beyoğlu,Taksim Oteller Bölgesi Topçu Cad. No:18 Talimhane,5
103,Raw İstanbul,,Beyoğlu,Necati Bey Cad. No: 66,0
104,Narpera,,Beyoğlu,Gönül Sok. No:9/B,5
105,"Terrace Bar, Villa Zurich Hotel",,Beyoğlu,Akarsu Yokuşu Cad. No:44-46 Cihangir,5
106,Pulp Live Music Bar,,Beyoğlu,İstiklal Cad. İmam Adnan Sok. No:8 K:4-5 (Yeşilçam Sineması Üstü) Taksim,5
107,1901 Cafe & Bistro,,Beyoğlu,Turnacıbaşı Cad. No:1,5
108,Aspen Cafe&Bar,,Beyoğlu,Şehit Muhtar Cad. No:37,5
109,Baykuş,,Beyoğlu,İstiklal Cad. Bekar Sok. No:22,4
110,Sakman,,Beyoğlu,Cezayir Çıkmazı No:8 Galatasaray,5
111,Moreish Restaurant & Bar,,Beyoğlu,Tepebaşı Meşrutiyet Cad. No:67,5
112,Gangsta34@Dans,,Beyoğlu,Nizamiye Cad No:1 (Taksim Elektirik Dairesi Arkası) Taksim,5
113,Çalıntı Bar,,Beyoğlu,İstiklal Cad. Küçükparmakkapı İpek Sok. No:27/3 Taksim,4
114,Clinic Live Music Club,,Beyoğlu,Atıf Yılmaz Cad. Küçük Bayram Sok. No:1/4,4
115,Club Cazibe,,Beyoğlu,İstiklal Cad. Turnacıbaşı Sok. No:1-C (Balo Sok. Karşısı),4
116,Purple Cafe & Bar,,Beyoğlu,İstiklal Cad. Mis Sok. No:16/B,4
117,Neo,,Beyoğlu,Lamartin Cad. No:40/1,4
118,Asmaaltı Cafe Bar,,Beyoğlu,Kalyoncukulluğu Cad. No:37/1,4
119,Life Roof,,Beyoğlu,İstiklal Cad. İmam Adnan Sok. No:14/5 Taksim,4
120,Dogzstar,,Beyoğlu,Tomtom Mah. Tosbağa Sok. No:22 Galatasaray,4
121,Margaux Restaurant,,Beyoğlu,Askerocağı Cad. Süzer Plaza No:15 Elmadağ,4
122,Jazz Stop,,Beyoğlu,General Yazgan Sok. No:6,4
123,Darkness Bar,,Beyoğlu,Öğüt Sok. No:6,0
124,İçen Arı,,Beyoğlu,Büyük Parmak Kapi Sok.,0
125,Air Bar,,Beyoğlu,Balo Sok. No:25/A,0
126,Kaktüs Kahvesi,,Beyoğlu,İstiklal Cad. İmam Adnan Sok. No:4,4
127,Bar Rasputin Live,,Beyoğlu,Süslü Saksı Sok. No: 13,0
128,Narrdo,,Beyoğlu,Sofyalı Sok. No: 18,0
129,WE,,Beyoğlu,İstiklal Cad. Akarsu Sok. No:17,4
130,Heaven 7,,Beyoğlu,Evliya Çelebi Mah. Meşrutiyet Cad. Tepebaşı (Pera Palas Otel Karşısı)Taksim,4
131,Kameriye Bar,,Beyoğlu,Balıkpazarı Kameriye Sok. N:14 Nevizade,3
132,"Velvet Bar & Cafe, Beyoğlu",,Beyoğlu,Büyükparmakkapı Sok. No:19 (Benetton'un Karşı Sokağı),4
133,Rio Bravo,,Beyoğlu,İstiklal Cad. No: 303,4
134,Turkish Pub,,Beyoğlu,İstiklal Cad. (Mc Donald's Yanı) Taksim,4
135,Estima,,Beyoğlu,Sakızağacı cad. No:33 Kat:4,4
136,Barbahçe,,Beyoğlu,Sıraselviler Cad. Soğancı Sok. No:7/1,4
137,Olimpia Wish Music Club,,Beyoğlu,İstiklal Cad. Acara Sok. Mısır Apt. No:2,4
138,Birra Manca,,Beyoğlu,Cumhuriyet Cad. No:23,4
139,3 Days,,Beyoğlu,Lamartin Cad. No:14/1 Talimhane-Taksim,4
140,Club 0212,,Beyoğlu,İstiklal Cad. Balo Sok. No:31,4
141,Maroon Bar,,Beyoğlu,Nevizade Sok. No:17,4
142,Public,,Beyoğlu,Meşrutiyet Cad. No:84 Şişhane,3
143,Atlas Axis,,Beyoğlu,İstiklal Cad. Ayhan Işık Sok. Deniz Apt. No:11 Kat:6 Taksim,4
144,"Address, Nevizade",,Beyoğlu,Kalyoncu Kulluğu Kameriye Sok. No: 2,0
145,Çat Kapı Cafe & Bar,,Beyoğlu,Merkez Mah. Fatih Sok. No:21-27,3
146,South Park,,Beyoğlu,Kumbaracı Yokuşu No:149,3
147,Papuç Bar,,Beyoğlu,Süslü Saksı Sok. No:13,0
148,Studio 54,,Beyoğlu,Sıraselviler Cad. No: 63/B Cihangir,3
149,Captain Ahab,,Beyoğlu,Galata Kulesi Sok. No:3/C (Galata Kulesi Karşısı),3
150,Cupes,,Beyoğlu,İstiklal Cad. Bahçeli Hamam Sok. No:3,3
151,Klup Kulah,,Beyoğlu,Murakıp Sok. No:12/A,0
152,Nina Jazz & Blues & Rock'n Roll Club,,Beyoğlu,İstiklal Cad. No:114 Kat:3,2
153,The Innpark,,Beyoğlu,Hamalbaşı Cad. No:6 Galatasaray Taksim,0
154,Chilloutlya Hostel & Bar,,Beyoğlu,Toprak Lüle Sok. No:1,0
155,Yaka Balık,,Beyoğlu,Yeni Galata Köprüsü Altı Eminönü Boğaz Tarafı No:6,0
156,Haspa Cafe & Bar,,Beyoğlu,Katip Çelebi Mah. Küçük Parmakkapı İpek Sok. No:18/2 Taksim,0
157,Efuli Cafe & Bar,,Beyoğlu,İstiklal Cad. Hasnun Galip Sok. No:24/A,2
158,Club Zoı,,Beyoğlu,İstiklal Cad. İmam Adnan Sok No:8/1 (Mango'nun Karsi Sokaği) Taksim,2
159,Caravan Rock Bar,,Beyoğlu,Balık Pazarı Dudu Odaları Sok. No:30 K:1,2
160,Jurnal 17,,Beyoğlu,Jurnal Sok. No:15-17,0
161,Zeineb Kitchen Bar,,Beyoğlu,İnönü Cad. No: 41/1,0
162,Tascas Tapas Bar,,Beyoğlu,İstiklal Cad. Mis Sok. No: 17,0
163,Kırmızı Bar,,Beyoğlu,Ekrem Tur Sok.,0
164,Pulp Bar,,Beyoğlu,İstiklal Cad. İmam Adnan Sok. K:4-5 Taksim,0
165,Sokak Bar,,Beyoğlu,İstiklal Cad. Asmalımescit Sok. No:13,0
166,Skandal!,,Beyoğlu,Gazeteci Erol Dernek Sok. No:11/1,0
167,"Gossip Bar, Grand Hyatt İstanbul",,Beyoğlu,Taşkışla Cad. No:1 Taksim,0
168,Insane Bar,,Beyoğlu,Bekar Sok. No:23,0
169,Mute Club,,Beyoğlu,Tel Sok. No:9,0
170,Ritim Bar,,Beyoğlu,Sahne Sok. No: 20 Nevizade,0
171,Dirty,,Beyoğlu,Gazeteci Erol Dernek Sok. Hanif Han Apt. No:11/1,0
172,Prive,,Beyoğlu,Tarlabaşı Bul. No: 28/A,1
173,Maya World Music Club,,Beyoğlu,Atıf Yılmaz Cad. No:17/A,0
174,Arpa Pub,,Beyoğlu,General Yazgan Sok. No:5 Tünel,0
175,"Teras Restaurant & Bar, Grand Hotel De Londres",,Beyoğlu,"Tepebaşı, Meşrutiyet Cad. No: 53",0
176,Urban Bug,,Beyoğlu,Küçük Bayram Sok. No:7,0
177,"Adress Bar, Beyoğlu",,Beyoğlu,Mis Sok. No:20,0
178,İstanbul Live Performance Hall,,Beyoğlu,Atıf Yılmaz Cad. (Ağa Cami Sokağı) No:17 K:3,0
179,Meis Cafe & Bar,,Beyoğlu,İstiklal Cad. Büyükparmakkapı Sok. No:7/2,0
180,Taxim Live,,Beyoğlu,İstiklal Cad. Mis Sok. No:3 Taksim,0
181,Morpho Lounge&Dance Bar,,Beyoğlu,Meşrutiyet Cad. No:83,0
182,Uptown İstiklal Restaurant,,Beyoğlu,İstiklal Cad. Demirören AVM No: 50-54,0
183,Offline,,Beyoğlu,Yeşilçam Sok. No: 14,0
184,"Follow, The Hall İstanbul",,Beyoğlu,Küçük Bayram Sok. No:7,0
185,Little Wing,,Beyoğlu,Asmalimescit Mah. Jurnal Sok. No:12,0
186,"Orient Bar, Pera Palace Hotel",,Beyoğlu,Meşrutiyet Cad. No:52 Tepebaşı,0
187,Nayah Music Club ,,Beyoğlu,İstiklal CAd. Balo Sok. No:14/1 Taksim,0
188,Sanat Bahçe & Teras,,Beyoğlu,Nevizade Sok. No:11,0
189,Beat,,Beyoğlu,Yeşilçam Sok. No: 7/1,0
190,"Otto, Cihangir",,Beyoğlu,Sıraselviler Cad. No:86,0
191,Jazzy Lounge,,Beyoğlu,Cihangir Cad. No:35,0
192,Club 14,,Beyoğlu,Abdülhakhamit Mah. İstiklal Cad No:63 Talimhane Taksim,0
193,Taxim Garage Club&Bar,,Beyoğlu,Sıraselviler Cad. No:62/2,0
194,Aziza,,Beyoğlu,Sakızağacı Cad. No:31 Beyoğlu,0
195,Dans Bar,,Beyoğlu,Nizamiye Cad. No: 11-13 (Eski Taxims Night Park),0
196,Exit Club,,Beyoğlu,İstiklal Cad. Saka Salim Çıkmazı No:1/1,0
197,Rh Positive,,Beyoğlu,Yeşilçam Sok. No:14 Taksim,0
198,Moonlight Cafe & Bar,,Beyoğlu,Abdülhakhamit Cad. No:68 Boğaziçi (Elektrik Kurumu'nun Karşısı) Talimhane,0
199,The Club,,Beyoğlu,Yemenici Abdüllatif Sok. No:9 K:1 Asmalı Mescit,0
200,Club Mekann,,Beyoğlu,Kocatepe Mah. Lamartin Cad. No:32/A Talimhane,0
201,Nan Şişhane,,Beyoğlu,Meşrutiyet Cad. No: 102/A,0
202,Hitt Pera,,Beyoğlu,Meşrutiyet Cad. No:83/A,0
203,Ora Cafe Bar,,Beyoğlu,İstiklal Cad. Mis Sok. No:12/A,0
204,"L'Oranj Cafe & Bar, Eresin Taxim Premier Hotel",,Beyoğlu,Topçu Cad. No:16 Taksim,0
205,"Brass Restaurant & Bar, Martı İstanbul Hotel",,Beyoğlu,Talimhane Mah. Abdülhakhamit Cad. No: 25/B,0
206,Ottoman Address Cafe Restaurant Bar,,Beyoğlu,Kurabiye Zambak Sok. No: 1,0
207,Boom,,Beyoğlu,İstiklal Cad. Sadri Alışık Sok. No: 30,0
208,Sugar & Spice,,Beyoğlu,İstiklal Cad. Saka Salim Sok. No:3/A,0
209,70`s Beyoğlu,,Beyoğlu,Öğüt Sok. No:4/1-2,0
210,Erasmus Karaoke,,Beyoğlu,Hamalbaşı Sok. No:12 K:2,0
211,Pink Floyd Bar,,Beyoğlu,Öğüt Sok.,0
212,Club 17,,Beyoğlu,İstiklal Cad. Zambak Sok. No: 9,0
213,Çınaraltı Club & Bar,,Beyoğlu,Balo Sok. No: 14,0
214,The Beat Box Lounge & Cafe,,Beyoğlu,İstiklal Cad. No: 112/114 Kat: 2,0
215,Club Kiss & Fly,,Beyoğlu,İstiklal Cad. Zambak Sok. No: 2/4,0
216,Şarlo Cafe & Bar,,Beyoğlu,Mis Sok. No: 5/5,0
217,Seksek Bar,,Beyoğlu,Atıf Yılmaz Sok. Yoğurtçu İş Merkezi No: 9 K: 4,0
218,Yerli Yabancı Teras Bar,,Beyoğlu,İstiklal Cad. Bekar Sok. No: 18 K: 2,0
219,Krow,,Beyoğlu,Asmalimescit Mah. Sehbender Sok. No: 4,0
220,Club Şaize,,Beyoğlu,İmam Adnan Sok. No: 5 Kat: 2,0
221,Beer Time,,Beyoğlu,Büyükparmakkapı Sok. No: 10/1,0
222,Sekiz Metre Restaurant Bar Lounge,,Beyoğlu,Atıf Yılmaz Cad. No: 17/A,0
223,Vivaldi Bar,,Beyoğlu,Büyük Parmakkapı Sok. No: 26,0
224,Semerkent Bar,,Beyoğlu,Büyük Parmakkapı Sok.,0
225,"Mandarin Bar, Park Royal Hotel",,Beyoğlu,Lamartin Cad. No:21,0
226,"Compass Bar & Restaurant, Titanic City Hotel",,Beyoğlu,Talimhane Mah. Lamartin Cad. No: 47,0
227,"Aphrodite Bar, The Green Park",,Beyoğlu,Talimhane Mah. Abdülhakhammit Cad. No: 34,0
228,"Pera Bistro & Bar, Senator Hotel",,Beyoğlu,Talimhane Mah. Abdülhakhamit Cad. No:9,0
229,"Bar & Lounge, Eresin Taxim Premier",,Beyoğlu,Talimhane Mah. Topçu Cad. No: 16,0
230,Club La Bonita,,Beyoğlu,Katip Çelebi Mah. İstiklal Cad. Sadri Alışık Sok. No: 23,0
231,Soul Kitchen,,Beyoğlu,Tütüncü Çıkmazı Sok. No: 2,0
232,"The Library Bar, Grand Hyatt İstanbul",,Beyoğlu,İnönü Mah. Taşkışla Cad.,0
233,"Teras Restaurant, Feronya Hotel",,Beyoğlu,Talimhane Mah. Abdülhakhammit Cad. No: 52,0
234,Club 404,,Beyoğlu,İstiklal Cad. Büyükparmakkapı Sok. No:19,0
235,Club 404,,Beyoğlu,İstiklal Cad. Büyükparmakkapı Sok. No: 19,0
236,Yuri Gagarin,,Beyoğlu,Ayhan Işık Sok. No:18/B,0
237,Aylak Teras,,Beyoğlu,Hasnun Galip Sok. No:23,0
238,Club Zarife Taxim,,Beyoğlu,İstiklal Cad. Balo Sok. No:17,0
239,Club Cevriye,,Beyoğlu,Katip Çelebi Mah. İstiklal Cad. Büyükparmakkapı Sok. No:30,0
240,Şımarık,,Beyoğlu,Kamer Hatun Cad. No: 10/B,0
241,"Kafe Pi Bronx, Beyoğlu",,Beyoğlu,Terkoz Çıkmazı No:8/1,0
242,Pinty Cafe Bar,,Beyoğlu,Asmalımesict Mah. Kallavi Sok. No:8/A,0
243,Magnet Club,,Beyoğlu,İstiklal Cad. Balo Sok. No:20. K:1,0
244,Studio Live Aziza,,Beyoğlu,Atıf Yılmaz Cad. No:17/A,0
245,Cazgir Culop,,Beyoğlu,Büyük Parmak Kapı No:21 Taksim,0
246,Jackie's Groove,,Beyoğlu,Hamalbaşı Cad. Conga Han. No:14 K:5,0
247,Bohem Bar,,Beyoğlu,Hasnun Galip Sok No:5,0
248,Cafe Guitar,,Beyoğlu,Ayhan Işık Sok. No: 11/2 Beyoğlu,0
249,Exit Club,,Beyoğlu,İstiklal Cad. Balo Sok No:26,0
250,Citynites Restaurant Bar,,Beyoğlu,Recep Paşa Cad. No:3 Talimhane Metro Binası Yanı Taksim,0
251,Galete Cafe Bar,,Beyoğlu,İstiklal Cad. Büyükparmakkapı Sok. No:29,0
252,Yaga Cafe Bar,,Beyoğlu,Siraselviler Cad. No:67/1 Taksim,0
253,Shaman World Music Club,,Beyoğlu,Sıraselviler Cad. No:49 Taksim,0
254,Asmalı Meyhane,,Beyoğlu,Şehbender Sok. No:7,0
255,Nar-ı Mekan,,Beyoğlu,İstiklal Cad. Kartal Sok. No:3/1 Galatasaray/Taksim,0
256,Zean Cafe & Bar,,Beyoğlu,İstiklal Cad. İmam Adnan Sok. No:32/3,0
257,"V.S.O.P Bar, The Marmara Hotel - Taksim",,Beyoğlu,Gümüşsuyu Mah. Osmanlı Sok. No:23 Taksim,0
258,Club Fink,,Beyoğlu,İstiklal Cad. Zambak Sok. No:2/10,0
259,Studyo 54,,Beyoğlu,Sıraselviler Cad. No:63/1,0
260,Coolda Bar,,Beyoğlu,İstiklal Cad. No:66,0
261,Pub Borsa Club Karaborsa,,Beyoğlu,Sakızağacı Cad. No:33,0
262,Chilliout,,Beyoğlu,İstiklal Cad. Balyoz Sok. No:3/A Asmalımescit Taksim,0
263,19&20,,Beyoğlu,Yayla Mah. Talimhane Sok. Taksim,0
264,Baroque Terrasse,,Beyoğlu,İmam Adnan Öğüt Sok. No:6 Kat:4,0
265,Plus Club,,Beyoğlu,İstiklal Cad. Mis Sok. No:11,0
266,7th House,,Beyoğlu,Nizamiye Cad. No:14 Taksim,0
267,Eos,,Beyoğlu,İstiklal Cad. Büyükğarmakkapı Sok. No:27/1,0
268,Queen Bar,,Beyoğlu,İstiklal Cad. Zambak Sokak. No: 15 Taksim,0
269,Club Booze İstanbul,,Beyoğlu,İstiklal Cad. Balo Sok. No:20 Taksim,0
270,Paprika Cafe & Bar,,Beyoğlu,İstiklal Cad. Ayhan Işık Sok. No:24/A Taksim,0
271,Orco Clubing,,Beyoğlu,İstiklal Cad. Ayhan Işık Sok No:11 K:2,0
272,Peluş Club,,Beyoğlu,Meşrutiyet Cad. No:193 (Para Palas Oteli Karşısı) Tepebaşı,0
273,Melek Bar,,Beyoğlu,İstiklal Cad. İmam Adnan Sok. No:12 Taksim,0
274,Maximix Club,,Beyoğlu,Cumhuriyet Cad. No:14/1 Elmadağ,0
275,Loop Beyoğlu,,Beyoğlu,Büyükparmakkapı Sok. No:19,0
276,Hanna,,Beyoğlu,Ekrem Tur Sok. No:14/1,0
277,Gaia,,Beyoğlu,Tonton Mah. Akarsu Sok. No:19,0
278,Flux,,Beyoğlu,İstiklal Cad. Hava Sok. No:10,0
279,Baron Bar,,Beyoğlu,Balo Sok. No:22,0
280,Beso Bar,,Beyoğlu,İstiklal Cad. Sahne Sok. No:22,0
281,U-Turn Cafe & Bar,,Beyoğlu,İstiklal Cad. Balo Sok. No:31/2 Taksim,0
282,Taxim Roma,,Beyoğlu,Sıraselviler Cad. No:22 Taksim,0
283,Taksim Trend,,Beyoğlu,Yeşilçam Sok. No:34 Taksim,0
284,Nina Cafe Bar,,Beyoğlu,İstiklal Cad. No:114/3,0
