,0,1,2,3,4
0,"GAGA Manjero, GOP",,Çankaya,Tunus Cad. No:52,0
1,Brothers,,Çankaya,Yukarı Bahçelievler Mah. Aşkaabat Cad. (7. Cad.) 46 /2 Bahçelievler,0
2,Siyah-Beyaz,,Çankaya,Kavaklıdere Sok. No:3,0
3,James Cook,,Çankaya,Tunus Cad. No:19/A Kavaklıdere,0
4,Çengel Bar,,Çankaya,Hollanda Cad. No:2 Yıldız,5
5,"This Town's Last Stop, Bahçelievler",,Çankaya,6. Cad. No:28/A,0
6,Camelot Irish Pub,,Çankaya,Güvenlik Cad. No:111,4
7,Nil Bar,,Çankaya,Sakarya Cad. Bayındır Sok. No:19/9,0
8,Manhattan Bar,,Çankaya,Üsküp Cad. (Eski Çevre Sok.) No: 7,0
9,Tutti's,,Çankaya,Bestekar Sok. No:59/3 Kavaklıdere,0
10,Zula Bar,,Çankaya,Kızılırmak Cad. No: 15/2,0
11,Şaziye Club,,Çankaya,Park Cad. Alımcı Villlaları No:3/2 Çayyolu,0
12,Varil Rock Bar,,Çankaya,Selanik Cad. No:66/A Kızılay,0
13,Always Rock Bar,,Çankaya,İnkılap Sok. No:5/11 Kızılay,0
14,Tiyatro Bar,,Çankaya,İnkılap Sok. No:5,0
15,"Murphy's Bar, Ankara Hiltonsa",,Çankaya,Tahran Cad. No:12 Kavaklıdere,4
16,Hot'n Beer,,Çankaya,Konur2 Sok. No: 26 (Arka Bahçe),5
17,The Old Mariner Pub,,Çankaya,Bestekar Sok. No:78,0
18,"Newcastle Pub, Tunus",,Çankaya,Tunus Cad. No:66/1 Kavaklıdere,4
19,"R-Public, Regency Hotel",,Çankaya,Selanik Cad. No:37 Kızılay,0
20,Fondeep,,Çankaya,Tunus Cad. No:65/B,5
21,Zeki Bar,,Çankaya,Reşit Galip Cad. No:88/1 Gaziosmanpaşa,0
22,Yer Fıstığı,,Çankaya,Selanik 2 Cad. No:55/b,3
23,Valentino Club,,Çankaya,Akay Cad. Konur Sok. No:75/A Bakanlıklar,0
24,Club Bacardi,,Çankaya,Büklüm Sok. No: 7/18,0
25,Contes Bar,,Çankaya,Kavaklıdere Cad. Bestekar Sok. No:44/A,0
26,Totem Ankara,,Çankaya,Tunalı Hilmi Cad. No: 106/6,5
27,Matiz Türkü Bar,,Çankaya,Bayındır 1 Sok. No: 19/18,5
28,"Ot Cafe, Kızılay",,Çankaya,Kocatepe Mah. Selanik-2. Cd 66 / 19,5
29,Q-BA,,Çankaya,Filistin Cad. Dosteli Sok. No:4,0
30,Hey Taxi,,Çankaya,Kızılırmak Mah. Muhsin Yazıcıoğlu Cad. No:29 Çukurambar,5
31,Solo Bar,,Çankaya,Sakarya Cad. Bayındır 1. Sok. No:19/B,5
32,Knight & Flight,,Çankaya,Çevre Sok. No:7/A Kavaklıdere,0
33,Dolphin Cafe Bar,,Çankaya,Tunalı Hilmi Cad. No:99/D Kavaklıdere,4
34,The Edge Pub,,Çankaya,Bestekar Sok. No:65/B,0
35,Pool Pub & Bistro,,Çankaya,Uğur Mumcu Cad. No:82-A Gaziosmanpaşa,0
36,Dip Sahne,,Çankaya,Tunalı Hilmi Cad. No:48/A Dörtyol-Küçükesat,3
37,OverAll,,Çankaya,A. Güvenlik Cad. No:97 Kavaklıdere,0
38,Victoria Clup,,Çankaya,100.Yıl Mah. Umurbey Sok. No:6 Gaziosmanpaşa,0
39,Drunk Pub,,Çankaya,ODTÜ A-4 Kapısı Giriş Yolu,2
40,123 Bar,,Çankaya,İran Cad. 27/1,0
41,Saklıkent,,Çankaya,Akay Cad. No:25/A Kızılay,0
42,Carnavale,,Çankaya,"Bayındır 1 Sokak, No:14/C Sakarya",0
43,Woo Performance Hall,,Çankaya,Buğday Sok. No:6/1,0
44,Papsi Bar,,Çankaya,Olgunlar Sok. No:19/7 Kızılay,0
45,Ph Performance Hall,,Çankaya,Mithapaşa Cad. No:62/B,0
46,Shaman,,Çankaya,Olgunlar Cad. No:18-B,0
47,Çakra Et Balık,,Çankaya,Filistin Sok. No:43,0
48,Why Not Pub,,Çankaya,Tunali Hilmi Cad. No:68/2,0
49,Kirpi Bar,,Çankaya,Bestekar Sok. No:22/A Kavaklidere,0
50,"Dblyu, Minasera Avm",,Çankaya,Seyfi Saltoğlu Bul. No:15 K:2 Çayyolu,0
51,Sting Cafe Ankara,,Çankaya,Kızılırmak Sok. No:16/C,0
52,Orange Club,,Çankaya,Ilgaz Sok. No:10 Gaziosmanpaşa,0
53,Barba,,Çankaya,Aziziye Mah Muzaffer Sarısözen Sok No:3,0
54,Schacci Cafe Bar,,Çankaya,Olgunlar Sok. No:12/1,0
55,Trafo Cafe & Bar,,Çankaya,Konur Sok. No:5 K:2 Kızılay,0
56,"Tektekçi, Ankara",,Çankaya,Bestekar Sok. No:86/A,0
57,Papaz Rock Bar,,Çankaya,Bayındır Sok. No: 19/3,0
58,Rabarba Ankara,,Çankaya,Tunus Cad. No:50/B,0
59,Final Night Club,,Çankaya,Büklüm Sok. No:6/D,0
60,Aura Disco Bar,,Çankaya,Bayındır 1 Sok. No: 16/3,0
61,Carnavale,,Çankaya,Bayındır 1 Sok. No:14,0
62,Don Kişot Bar Cafe,,Çankaya,Konur Sok.,0
63,Filika Bar,,Çankaya,Koru Mah. Ihlamur Cad. No:13,0
64,"Ck Roof Restaurant & Bar, Ck Farabi Hotel",,Çankaya,Cinnah Cad. Farabi Sok. No:34,0
65,Cavalier Bar,,Çankaya,Atakule,0
66,Jübile Bar,,Çankaya,Farabi Sok. No:32/A,0
67,Pool Bar,,Çankaya,Farabi Sok No:32/B,0
68,Kubbealtı Otantik Bar,,Çankaya,Turan Güneş Bul. Ürdün Cad. No:3/A,0
69,Etchi Restaurant & Pilot Bar,,Çankaya,Güneş Sok. No:4/8,0
70,Simge Bar,,Çankaya,Bayındır Sok. No:19/1 Sakarya Kızılay,0
71,Replik Bar,,Çankaya,Tunalı Hilmi Cad. No:114 Kavaklıdere,0
72,Sim Cafe Bar,,Çankaya,Sakarya Cad. Bayındır Sok. No:14/D,0
73,Kadeh Bar,,Çankaya,Farabi Sok. No:32/A,0
74,No Name Club,,Çankaya,Üsküp Cad Çevre Sok No:16/2,0
75,Şamdan Ankara,,Çankaya,Güvenlik Cad No:97,0
76,Caffein Pub,,Çankaya,7. Cad. 25. Sok No:10/A Bahçelievler,0
77,Natali Bar,,Çankaya,Yunus Nadi Sok. No:3,0
78,Havuç Bar,,Çankaya,A. Mithat Efendi Sok. No:7/B,0
79,Cafe Lotıs Pub Cafe,,Çankaya,Prof. Mehmet Aksoy Cad. No:12/A,0
80,Arzuhal Cafe & Bar,,Çankaya,Olgunlar Cad. No:26/4,0
81,Lupita Lounge Bar,,Çankaya,Tunalı Hilmi Cad. No:99/E Kavaklıdere,0
