,0,1,2,3,4
0,Taşhan Restaurant,,Gölbaşı,GOP. Mah. Sahil Cad. NO:20 / Gölbaşı,4
1,Kervansaray Cafe,,Gölbaşı,Haymana Yolu Mogan Parkı İçi No:19,4
2,Serincek Cafe,,Gölbaşı,İncek Yolu,0
3,Yelkenci Büfe,,Gölbaşı,Oran Mah. Eymir Gölü,0
4,İncek Söğütlü Bahçe Restaurant ve Cafe,,Gölbaşı,Ali Şahi Sok. No:1/A Gölbaşı,4
5,Otağ Cafe & Bistro,,Gölbaşı,Turgut Özal Bul. No:30/A,0
6,Marina Büfe,,Gölbaşı,Oran Mah. Odtü Eymir Gölü Tesisleri,0
7,Hasıraltı Cafe & Restoran,,Gölbaşı,Haymana Cad. No: 144/A,0
8,Su Perisi Cafe,,Gölbaşı,Mogan Parkı 5. Park Yeri No:23,0
9,Göl Cafe & Restaurant,,Gölbaşı,Konya Yolu Ankara Üniversitesi Sosyal Tesisleri,1
10,Cafe Green Gold,,Gölbaşı,İncek Bul. No:4,0
11,Uğrak Cafe,,Gölbaşı,Sahil Cad. No:10,0
12,Motta Cafe,,Gölbaşı,Haymana Cad. No: 42/A,0
13,Mogan Aile Çay Bahçesi,,Gölbaşı,Sahil Park,0
14,Samanyolu Cafe,,Gölbaşı,Cemal Gürsel Cad. No: 819,0
15,Göl Cafe Mogan,,Gölbaşı,Haymana Yolu Mogan Parkı İçi No:40,0
16,Funda Abla'nın Yeri,,Gölbaşı,Turgut Özal Bul. No:430,0
17,Cafe Selekt,,Gölbaşı,Mogan Park Gölü Rekreasyon Alanı 8 No.lu Cafe No:39,0
18,Park 166 Cafe&Restaurant,,Gölbaşı, No:166,0
