,0,1,2,3,4
0,İmren Han Cafe,,Çeşme,Kemal Paşa Cad. 1042. Sok. Alaçatı,4
1,Köşe Kahve,,Çeşme,1001 Sok. No:41/A,5
2,"Orta Kahve, Sailors Otel",,Çeşme,Kemalpaşa Cad. No:66 Alaçatı,0
3,"Reyhan Pastanesi, Club Ilıca Hotel",,Çeşme,,5
4,Dutlu Kahve,,Çeşme,2001 Sok. No: 87/A Alaçatı,5
5,İyi Resto Bar,,Çeşme,1042. Sok. Alaçatı,0
6,Furun Brasserie,,Çeşme,3000.Sok Alaçatı,0
7,Manzara Cafe,,Çeşme,Ildır Yolu Üzeri,0
8,"Kumrucu Şevki, Çeşme",,Çeşme,5065. Sok. Yıldızburnu Mevkii,5
9,Cafe De Lucchi,,Çeşme,16 Eylul Mah. 101. Sok.,0
10,Turkuaz Cafe,,Çeşme,Ildır Köyü No:116/A,0
11,Kale Bahçe Cafe,,Çeşme,1015. Sok.,0
12,Şefkat Cafe,,Çeşme,Hürriyet Cad. No:22/B,5
13,Friendly Corner Restaurant Cafe & Bar,,Çeşme,İnkılap Cad. 3025 Sok. No:2,0
14,Pecos Cafe,,Çeşme,5253. Sok.,0
15,Rouge Restaurant & Bar,,Çeşme,5253 Sok. No: 1,0
16,Çivit Cafe,,Çeşme,Uğur Mumcu Cad. No:20 Alaçatı,0
17,Sakızlı Bahçe Cafe,,Çeşme,3000. Sok. (Pazaryeri Camii karşısı) Alaçatı,0
18,Kekik Alaçatı Cafe & Ev Yemekleri,,Çeşme,Alaçatı Mah. 16000 Sok. No: 12,5
19,Bumba Cafe Bistro,,Çeşme,Kemalpaşa Cad. No:110 Alaçatı,0
20,No 15,,Çeşme,"Yıldızburnu Mevkii, Reşide Bayar Cad. No:15 Ilıca",5
21,Salça Alaçatı,,Çeşme,Alaçatı,0
22,Kaliç Efes Beer Cafe,,Çeşme,Uğur Mumcu Cad. D Blok No:5 Alaçatı,0
23,Vida Piedra Cafe,,Çeşme,Kemalpaşa Cad. No:19 Alaçatı,0
24,Bizim Ev Cafe & Restaurant,,Çeşme,3011 Sok. No:72/A Dalyan Yolu Üzeri,0
25,Demirhindi Osmanlı Kahvesi,,Çeşme,5152 Sok. No:10 A,0
26,Şirin Cafe,,Çeşme,Ildır Köyü,1
27,Tius Cafe & Bar,,Çeşme,Celal Bayar Cad. 5253 Sok. No:11/A,0
28,Happy Gathering,,Çeşme,İnkılap Cad. No:78/E,0
29,Rouge Marine,,Çeşme,Çeşme Marina,0
30,Dostane,,Çeşme,(Kemalpasa Cad.) 3048. Sok. Alaçatı,0
31,Gizem Cafe,,Çeşme,Cumhuriyet Meydanı Halk Sok.,0
32,Shirley,,Çeşme,Yalı Cad. 1016 Sok. No: 5,0
33,Cafe Kumru Eren'in Yeri,,Çeşme,3057 Sok. No: 4/B,0
34,Meshur Sakizli Turk Kahvecisi,,Çeşme,"Yeni Mecidiye Mahallesi, 3000. Sokak",0
35,Lima Brasserie Altınyunus Marina,,Çeşme,Altınyunus Marina,0
36,Ciğerci Hayri,,Çeşme,"4218 Sok. Eğitim ve Uygulama Okulu Karşısı, Dalyan Mah./Çeşme/İZMİR",0
37,Güverte Cafe,,Çeşme,4165 Sok. No:8,0
38,Cafe Ms.,,Çeşme,3319 Sok. No:3-A,0
39,Check in Cafe,,Çeşme,1001 Sok. No:1,0
40,Mc Bubbles,,Çeşme,5216. Sok. No:10/B (Şantiye Bölgesi) Ilıca,0
41,Moor Cafe & Restaurant,,Çeşme,Hürriyet Cad. 3057. Sok. No:2/A,0
42,Bambaşka Cafe,,Çeşme,Mektep Cad. 1005 Sok. No:14/A,0
43,Beylerbeyi Cafe Ilıca,,Çeşme,Ilıca 5074 Sok. No:27/A,0
