,0,1,2,3,4
0,Vitrin Meyhane,,Beşiktaş,"Nispetiye Cad. İris Sok. No:4 1.Levent, 80630",3
1,Sahne İstanbul,,Beşiktaş,Aytar Cad. No:27/ F Etiler,4
2,Reina,,Beşiktaş,Muallim Naci Cad. No:44 Ortaköy,5
3,Masquerade,,Beşiktaş,Yıldız Posta Cad. Sinan Pasajı No: 38/26,4
4,Frame Maçka,,Beşiktaş,Bayıldım Cad. Demokrasi Parkı No:11-12-13,4
5,Anjelique,,Beşiktaş,Muallim Naci Cad. Salhane Sok. No:5 Ortaköy,5
6,Beer Port,,Beşiktaş,Çırağan Cad. Çiğdem Sok. No: 27,4
7,"Kitchenette, Bebek",,Beşiktaş,Cevdetpaşa Cad. İpek Sok. No: 1 Bebek,4
8,Ulus 29,,Beşiktaş,Adnan Saygun Cad. No:71/1 Ulus (Ulus Parkı İçi),5
9,Nomads,,Beşiktaş,Muaillim Naci Cad. No: 65 Ortaköy,4
10,Limoncello,,Beşiktaş,Süleyman Seba Cad. No: 34,0
11,Abiye Club,,Beşiktaş,Çırağan Cad. Yalı Sok. No:3,0
12,"Versai, Princess Hotel - Ortaköy",,Beşiktaş,Dereboyu Cad. No:10 K:1 Ortaköy,0
13,"Kalamata, Sortie",,Beşiktaş,Muallim Naci Cad. No: 54,5
14,Patika Restoran,,Beşiktaş,Gürcü Kızı Sok. No:2 (Ortaköy Spor Kulübü Üstü) Ortaköy,0
15,"Serafina, Akmerkez Avm",,Beşiktaş,Nispetiye Cad. Etiler,0
16,Canciğer Bistro,,Beşiktaş,Barbaros Bul. No: 25/4,3
17,Büfedebar,,Beşiktaş,Bebek Arnavutköy Cad. No:64 Arnavutköy,5
18,Cafe Tavola,,Beşiktaş,02122690464,5
19,"Etiler Nispet, Etiler",,Beşiktaş,Nispetiye Cad. No:60,3
20,Bebek Bar,,Beşiktaş,Cevdet Paşa Cad. No:113/115 Bebek Hotel,5
21,"Divan Pub, Kuruçeşme",,Beşiktaş,Kuruçeşme Cad. No:36 Kuruçeşme,5
22,Sefarad Meyhane,,Beşiktaş,Muvakkit Sok. No:21/B Ortaköy,5
23,"Summit Bar & Terrace, Conrad Hotel",,Beşiktaş,Barbaros Bul. No: 5,5
24,Naciye,,Beşiktaş,1.Cad. Satış Meydanı Sok. No: 23/A,5
25,Zorba,,Beşiktaş,Yıldız Posta Cad. Ayyıldız Pasajı Üstü Gayrettepe,5
26,Etiler Chili's Grill & Bar,,Beşiktaş,Nispetiye Cad. No:67,4
27,İstanbul Jazz Center,,Beşiktaş,Çırağan Cad. Salhane Sok. No:10 Ortaköy,5
28,Poupon Lounge & Bar,,Beşiktaş,Cevdet Paşa Cad. İpek Sok. No:1 Bebek,4
29,Open Cafe & Bar,,Beşiktaş,Barbaros Bul. No:65,3
30,Scotch Discotheque,,Beşiktaş,Mim Kemal Öke Cad. No:29/1 Maçka,4
31,"Bistro Funfatale, Les Ottomans",,Beşiktaş,Muallim Naci Cad. No:68 Kuruçeşme,5
32,Fahham,,Beşiktaş,"Muallim Naci Cad, No: 91",5
33,Fancy,,Beşiktaş,Çalıkuşu Sok. No:5 1.Levent,5
34,"Mirror Restaurant & Bar, Mirror İş Bankası Kuleleri",,Beşiktaş,Büyükdere Cad. İş Bankası Kuleleri 3. Kule,5
35,"Le Fumoir, Çırağan Palace Kempinski",,Beşiktaş,Çırağan Cad. No:32,4
36,"Wan-na, Kanyon Avm",,Beşiktaş,Büyükdere Cad. No:185 Levent,4
37,Club İmza,,Beşiktaş,Nispetiye Cad. No:17 Etiler,5
38,Abajur Club,,Beşiktaş,Çalıkuşu Sok. 3. Aralık (İris Sokak) No: 4,0
39,Cabaret Cine,,Beşiktaş,Yeşilpınar Sok. No:6 Arnavutköy,4
40,Mansion Clup,,Beşiktaş,Nispetiye Cad. No:15 1.Levent,4
41,Lara & Can's Bar-Restaurant,,Beşiktaş,Nispetiye Cad. No:107,4
42,Level Club,,Beşiktaş,Arnavutköy Bebek Cad. No:57,0
43,Mel`s Restaurant & Bar,,Beşiktaş,Cevdetpaşa Cad. Vezirköşkü Sok. No:2 Bebek,4
44,"Bistrott Bar & Restaurant, Mayadrom Avm",,Beşiktaş,Yıldırım Göker Cad. No:47/A Akatlar,4
45,"Divan Pub, Balmumcu",,Beşiktaş,The Plaza Hotel Barbaros Bul. 165 34349 Balmumcu,4
46,Crystal Bar,,Beşiktaş,Muallim Naci Cad No:65,4
47,Pick Up Bar,,Beşiktaş,Kazan Sok. (BKM Yanı),0
48,Kuzgun,,Beşiktaş,Arnavutköy Deresi Sok. No:1 Arnavutköy,3
49,"Sky Bar, The Plaza Hotel",,Beşiktaş,Barbaros Bul. No:165,0
50,Nahide Palas,,Beşiktaş,Kadırgalar Cad. (Maçka Demokrasi Parkı İçi) Maçka,0
51,Maça Club,,Beşiktaş,Muallim Naci Cad. No:15 Ortaköy,0
52,A Plus Kuruçeşme,,Beşiktaş,Muallim Naci Cad. No:77 Kuruçeşme,2
53,Firuze Etiler Club,,Beşiktaş,Nispetiye Cad. Toprak Kale Sok. No: 2/B,0
54,Patron Club,,Beşiktaş,Bestekar Şefki Bey Sok. No:29,0
55,"Adress Bar, Beşiktaş",,Beşiktaş,Köyiçi Mah. Kazan Sok No:16,0
56,Ulus Civanım,,Beşiktaş,Adnan Saygun Cad. No:36/31 Deniz Sit. A Blok,0
57,My Cabaret,,Beşiktaş,Aytar Cad. No: 27/F,0
58,Bujin Fight Club,,Beşiktaş,Lotus Ambarlıdere Cad. No:6 Ulus,0
59,Cue İstiklal,,Beşiktaş,Tomtom Mah. Yeni Çarşı Cad. No: 38 Kat:5,0
60,"Cruise Lounge Bar, Radisson Blu Bosphorus",,Beşiktaş,Çırağan Cad. Salhane Sok. No:46,0
61,Sheerwood,,Beşiktaş,Kaymakçı Sok. 2-14,0
62,Club Crystal,,Beşiktaş,Muallim Naci Cad. No: 65 Ortaköy,0
63,The Alaaddin Club,,Beşiktaş,Barbaros Bul. No:71/A (Conrad Otel Karşısı),0
64,Mekkan Lounge,,Beşiktaş,Mualli Naci Cad. No:105 Ortaköy,0
65,"BOAZ Bar, Le Meridien Hotel",,Beşiktaş,Cengiz Topel Cad. No: 39 Etiler,0
66,Patika Beer House,,Beşiktaş,Osmanzade Sok. No:4 Ortaköy,0
67,Q Jazz,,Beşiktaş,Muallim Naci Cad. No: 168 Kuruçeşme,0
68,Tuğra Restaurant & Lounge,,Beşiktaş,Çırağan Cad. No: 32,0
69,"Sky Bar, The Plaza Hotel İstanbul",,Beşiktaş,Gayrettepe Mah. Barbaros Bul. No:165,0
70,Şahane Club,,Beşiktaş,Aytar Cad. No: 3/A,0
71,Choice,,Beşiktaş,Küçük Bebek Cad. No:10 Bebek,0
72,"Rakss Clup, Etiler",,Beşiktaş,Nispetiye Cad. No:17/1 Etiler (Doğa Şarküteri Karşısı),0
73,"Buz Bar, Kanyon Avm",,Beşiktaş,Büyükdere Cad. No:185 K:G Levent,0
74,Club Spicaa,,Beşiktaş,Vapur İskelesi Sok. No:4 Ortaköy,0
75,Hylas Club,,Beşiktaş,Yıldız Posta Cad. Ayyıldız Pasajı No:28/1 Gayrettepe,0
76,"W Lounge, W İstanbul",,Beşiktaş,Süleyman Seba Cad. No: 22,0
77,"Le Bar, Shangri-La Bosphorus",,Beşiktaş,Hayrettin İskelesi Sok. No: 1,0
78,"Bar 212, Renaissance İstanbul Bosphorus Hotel",,Beşiktaş,Barbaros Bul. No: 145,0
79,Gastra,,Beşiktaş,Altıntaş Sok. No: 17,0
80,Aylak Cafe Bar,,Beşiktaş,Leşler Sok No: 9,0
81,GQ Bar,,Beşiktaş,Nispetiye Cad. No: 79 Etiler,0
82,"Overtime Bar, Divan İstanbul City",,Beşiktaş,Büyükdere Cad. No:84,0
83,"El Cielo Terrace Lounge, Avantgarde Levent Hotel",,Beşiktaş,Büyükdere Cad. No:161,0
84,Popüler Club,,Beşiktaş,Çalıkuşu Sok. No: 4,0
85,"Lobby Bar, Sürmeli Hotels & Resorts",,Beşiktaş,Yayla Mah. Prof. Dr. Bülent Tarcan Cad. No:3,0
86,Members,,Beşiktaş,Muallim Naci Cad. No 71 Kuruçesme,0
87,Ünlem Cafe Bar,,Beşiktaş,Alaybeyi Sok. No:18,0
88,Martı Cafe & Bar,,Beşiktaş,Muallim Naci Cad. No:10 K:3 Ortaköy,0
89,Der Die Das Bar,,Beşiktaş,Süleyman Seba Cad. No:36 Akaretler,0
90,The North Shield,,Beşiktaş,Ayazmadere Cad. No:8 K:3 D:5 Dikilitaş,0
91,Fermuar Bar,,Beşiktaş,Muallim Naci Cad. No:120 Ortaköy,0
92,Mey Bar,,Beşiktaş,Cevdet Paşa Cad. No:122/2 Bebek,0
93,Cousins Bar,,Beşiktaş,1. Cad. No:108-110Arnavutköy,0
94,Afterroom,,Beşiktaş,Prof. Dr. Bülent Tarcan Sok. No:3 Gayrettepe,0
95,Bobos,,Beşiktaş,Salhane Sok. Ortaköy (Tarihi İskele Yanı),0
96,Brasserie Delicass,,Beşiktaş,Korukent Yolu No:18/1 Levent,0
97,"Escape Bar & Club, İstanbul",,Beşiktaş,Muallim Naci Cad. No:91 (Turkcell Kuruçeşme Arena Karşısı) Kuruçeşme,0
98,Club 212,,Beşiktaş,Muallim Naci Cad. No:39 Ortaköy,0
99,Pub Borsa,,Beşiktaş,Osmanzade Sok. No:6 Ortaköy,0
