,0,1,2,3,4
0,Hangover Cafe & Bar,,Odunpazarı,Barlar Sok. No: 61/B,4
1,Twentysix Cafe & Bar,,Odunpazarı,Hoşnudiye Mah. Y.Kılıçoğlu Bul. No:50 Adalar,0
2,Mayday Cafe & Bar,,Odunpazarı,Hoşnudiye Mah. Vural Sok. No:16,0
3,Buda Bar,,Odunpazarı,İsmet İnönü Cad. No:151,0
4,Monte Cafe Bar,,Odunpazarı,Adalar Sok. No:17,0
5,Glow,,Odunpazarı,İsmet İnönü Cad. No:62/C,4
6,Hayal Cafe,,Odunpazarı,İsmet İnönü Cad. No: 115/A,4
7,Ganja Bar,,Odunpazarı,Hoşnudiye Mah. Vural Sok. No:30/1,0
8,Hayal Eskişehir,,Odunpazarı,İsmet İnönü Cad. No:115/A,0
9,Ship Bar,,Odunpazarı,Hoşnudiye Mah. Bayrak Sok. No:6/C (Barlar Sokağı),0
10,Prison Bar,,Odunpazarı,Hoşnudiye Mah. Barlar Sok. Vural Sok. No:4,0
11,Medusa Bar,,Odunpazarı,Hoşnudiye Mah. Vural Sok. (Barlar Sokağı),0
12,Box Bar,,Odunpazarı,Hoşnudiye Mah. Pehlivan Cad. No:9 (Kanatlı AVM Çaprazı),0
13,Q Bar & Cafe,,Odunpazarı,Hoşnudiye Mah. Vural Sok. No:24/A,0
