,0,1,2,3,4
0,"Marco Pascha, Çukurambar",,Çankaya,1425 Cad. No: 1/2,4
1,"Kezzban Cafe, Emek Şubesi",,Çankaya,Kazakistan Cad. (4. Cad) No:161/A Bahçelievler,3
2,Altı Üstü Bar,,Çankaya,Konur 2 Sok. No:26/7,0
3,"Kahveci Hacıbaba, Kızılay",,Çankaya,Selanik 1 Cad. No: 39/B,4
4,Ehlikeyf Cafe Bistro,,Çankaya,Muhsin Yazıcıoğlu Cad. No: 13/A,0
5,B'eat Cafe & Brasserie,,Çankaya,Mevlana Bul. - Taurus AVM,0
6,Academie Cafe,,Çankaya,Aşkaabat (7) Cad. No:1 Bahçelievler,0
7,Hobby Restaurant Cafe,,Çankaya,7. Cad. No:3 Bahçelievler,5
8,"Kafes Fırın, Söğütözü",,Çankaya,Eskişehir Yolu 5. Km No: 122,5
9,"Havelka, Ankara",,Çankaya,Bahçelievler 7.Cad.No:45,0
10,Cafe des Cafes,,Çankaya,Tunalı Hilmi Cad. No: 83/A,0
11,Cafemiz,,Çankaya,Arjantin Cad. No:19 G.O.P,5
12,Aylak Madam,,Çankaya,Karanfil 2 Sok. No: 77/B Bakanlıklar,1
13,"GAGA Manjero, GOP",,Çankaya,Tunus Cad. No:52,0
14,Tabu Cafe,,Çankaya,Büyük 7. Cad. 27. Sok. No:20/A,5
15,Mocaco Coffee,,Çankaya,3.Cad. No: 5/A,0
16,Big Baker,,Çankaya,Muammer Aksoy Cad. (2. Cad.) No:10 Bahçelievler,0
17,Cafe Stockholm,,Çankaya,Tunalı Hilmi Cad. No:100/3,4
18,"Gelato Ice & Caffe, Kentpark Avm",,Çankaya,Eskişehir Yolu 7. Km No:164,5
19,Koliba Cafe,,Çankaya,Karanfil Sok. No:38/A Kızılay,0
20,"Big Yellow Taxi Benzin Cafe, Kızılay",,Çankaya,Konur-2 Sok. No:24/B,0
21,Bacchus,,Çankaya,Hacettepe Mah. Sarıkadın Sok. No:28/B,0
22,Cafe Botanica,,Çankaya,Tunalı Hilmi Cad. Billur Sok. No:5 Kavaklıdere,5
23,"The House Cafe, Ankara",,Çankaya,Nenehatun Cad. No:74 G.O.P (Arjantin Cad.),4
24,Çatı Cafeterya,,Çankaya,ODTÜ Kampüs Alanı ODTÜ Endüstri Mühendisliği Bölümü,0
25,Lo&Loud,,Çankaya,İran Cad. No:11/A,0
26,La Vita é Bella Cafe,,Çankaya,Aşkabat Cad. (7. Cad.) 62. Sok. (30. Sok.) No:25 Bahçelievler,0
27,Starbucks,,Çankaya,Turan Güneş Bulv. No:19,5
28,Bourbon Coffee,,Çankaya,Kavaklıdere Mah Konur Sok. No:13/A,5
29,Ay'da Cafe & Restaurant,,Çankaya,Atatürk Bul. Kızılay AVM,0
30,The Lox Cafe,,Çankaya,Bülten Sok. No:7/B Kavaklıdere,0
31,"Özsüt, Bahçelievler",,Çankaya,7. Cad. No:64/B Bahçelievler,0
32,"Branca Cafe, Panora Avm",,Çankaya,Turan Güneş Bul. No:182 Oran,0
33,"Starbucks Coffee, Çankaya",,Çankaya,Meşrutiyet Cad. No:1/20 Bakanlıklar,5
34,Cafe Lins,,Çankaya,Bestekar Sok. No:84 Kavaklıdere,4
35,Park Bulvar,,Çankaya,Atatürk Bulv. No:105 D:1 Kızılay,0
36,Sem Cafe,,Çankaya,Konur Sok. No:15/A Kızılay,0
37,Bahçe Cafe,,Çankaya,Karanfil Sok. No:30-36 Kızılay,0
38,7on Heaven Cafe Bistro,,Çankaya,Yukarı Bahçelievler Mah. 7. Cad. 70. Sok. No:13/1-2,0
39,Sakal,,Çankaya,John F. Kennedy Cad.,0
40,"El Paso, Kızılay",,Çankaya,Azerbaycan Cad. (3. Cad.) Kızılay,0
41,Monopoly Cafe,,Çankaya,6 Cad. 31 Sok. No:4/5 Bahçelievler,0
42,"Seyir Cafe, Bahçelievler",,Çankaya,Bahriye Üçok Cad. No:15/C Bahçelievler,1
43,Cafe Classic,,Çankaya,7. Cad. 27. Sok. No:17/B Bahçelievler,5
44,Cafe Taş Fırın Ormancı,,Çankaya,Atatürk Bul.Konur 1 Sok. No:12/B Kızılay,0
45,"Starbucks, Bilkent Center",,Çankaya,Beytepe Köyü Yolu Eskişehir Yolu 8. Km.,5
46,Üstkat-Kıtır Piliç,,Çankaya,Tunalı Hilmi Cad. No:114/J Kavaklıdere,5
47,Sardunya Cafe,,Çankaya,Tunalı Hilmi Cad. Bülten Sok. No:21-D Kavaklıdere,0
48,"Kocatepe Kahve Evi, Kentpark Avm",,Çankaya,Eskişehir Yolu 7. Km K:-1 Balgat,5
49,Monopoly's Cafe,,Çankaya,Meşrutiyet Cad. Karanfil Sok. Kızılay,0
50,Sim Dondurma,,Çankaya,Aşkaabat Cad. No: 27/B,4
51,Bilim ve Sanat Cafe,,Çankaya,Konur Sok. No:11,0
52,Keifi,,Çankaya,Dumlupınar Bul. No: 3/C-13,0
53,Leyman Cafe,,Çankaya,Kazakistan Cad. No:1/16 Beşevler,0
54,Coffee Lab,,Çankaya,Ceyhun Atuf Kansu Cad. No: 114/E11,0
55,"Mısır Cafe, Tunalı",,Çankaya,Bülten Sok. No:4/A Kavaklıdere,4
56,Kurtuba Kitap & Kahve,,Çankaya,Bayındır 1. Sok. No: 15/23,0
57,Neli Boulangarie - Neli Pastanesi,,Çankaya,Ceyhun Atıf Kansu Cad. Bayraktar İş Merk. G Blok/12 No:114,1
58,"Mado, Meşrutiyet",,Çankaya,Meşrutiyet Cad. No:12/49-50 Kızılay,0
59,Nevalem,,Çankaya,Beykoz Sok. No:14/A Kavaklıdere,0
60,Puhu Cafe&Bar,,Çankaya,Bestekar Sok. No: 59/4,0
61,Hacı Baba Kahve Evi,,Çankaya,Necatibey Cad. No:10/A,0
62,Tömbeki Cafe,,Çankaya,Selanik Cad. No:78/B Kızılay,0
63,İstanbul Cafe,,Çankaya,Dögol Cad. No:35/A Beşevler (Ankara Üniv. Fen Fakultesi Karşısı),0
64,Nar-ı Keyf,,Çankaya,Sarıkadın Sok. No:45 (Hamamönü),0
65,Adrenal Cafe,,Çankaya,7.Cad. 17.Sok. No: 37/A,5
66,Papillion Cafe Restaurant,,Çankaya,7. Cad. (Aşkabat Cad.) 25. Sok. No:10/B-C,5
67,Cafe Bien,,Çankaya,Bestekar Sok. No:80/16,0
68,Golden Pub,,Çankaya,Tunalı Hilmi Cad. No:112/D Kavaklıdere,0
69,Orta Dünya Cafe,,Çankaya,Kızılırmak Sok. No:35,3
70,"Teras Cafe & Restaurant, Odtü Kampüsü",,Çankaya,ODTÜ Ebi Çarşısı,0
71,Ortaköy Cafe,,Çankaya,Bahçelievler 7.Cad. 29.Sokak No:18/A,5
72,Meşhur Bursa Hacıbey Kebapçısı,,Çankaya,Ziyabey Cad. Osman Tan İş Merkezi No: 1,4
73,"Cafe Neuhaus, Ankuva Avm",,Çankaya,4. Cad. No:12 K:Giriş D:34 Bilkent,0
74,Onaon Cafe,,Çankaya,Konur Sok. No:10/10,5
75,Cafe Tarçın,,Çankaya,Karanfil Sok. No:47/B Kızılay,4
76,Karacaoğlu Kızılay AVM,,Çankaya,Sakarya Cad.,0
77,"Starbucks, Gaziosmanpaşa",,Çankaya,Uğur Mumcu Cad. No:84 Mağ. No:6,3
78,Masal Cafe,,Çankaya,Konur 2 Sok. No:36/B Kızılay,0
79,Lak Lak Cafe,,Çankaya,3. Cad. No: 56,0
80,NRY Cafe & Pub,,Çankaya,"Sedat Simavi Sok. No:30/A (Eski Anayasa Mahkemesi Karşısı, Serender Pastanesi ve PTT Yanı)",0
81,Sır Cafe,,Çankaya,Mareşal Fevzi Çakmak Cad. 58. Sok (7. Sok.) No:22/B Beşevler,0
82,Cool Cafe,,Çankaya,Yukarı Bahçelievler Mah. 70. Sok. No:16/C,0
83,Nezih Nargile Bistro Club,,Çankaya,Süleyman Hacıoğlu Cad.,0
84,Alaros Cafe Patisserie,,Çankaya,Yüksel Cad. No:7/D Kızılay,0
85,"Koffieboon, Kızılay Avm",,Çankaya,azi Mustafa Kemal Bul. No:2 K:8,0
86,"C'viz, Gaziosmanpaşa",,Çankaya,Uğur Mumcu Cad. No:20 G.O.P,0
87,Cafe Sobe,,Çankaya,Konur Sok. No:19/A Kızılay,0
88,"Kafes Fırın, Filistin",,Çankaya,Yüzüncüyıl Mah. Filistin Sok. No:31/A,5
89,Geyik Cafe,,Çankaya,7. Cad. 17. Sok. No:42/A Bahçelievler,0
90,Kavaklıdere Balcon Cafe,,Çankaya,Bestekar Sok. No:60 Kavaklıdere,0
91,Geveze Cafe,,Çankaya,83. Sok. No:1 D:2,5
92,Kahverengi Cafe,,Çankaya,Yüksel Cad. No:11/A Kızılay,0
93,Aylak Yaşam Kültür Evi,,Çankaya,Konur 2 Sok. No:63/13,0
94,Beyoğlu Cafe,,Çankaya,Hatay Sok. No: 24-1,0
95,Uptown Cafe Bar,,Çankaya,Odtü Kültür Kongre Merkezi,4
96,Bombus Cafe,,Çankaya,Selanik Cad. No:64/A,0
97,Doyurucu,,Çankaya,Odtü Kampüs Alanı,0
98,Kurabiyem,,Çankaya,Angora Bul. No:158 Beysukent,0
99,"Caribou Coffee, Beytepe Avm (Bam)",,Çankaya,Üniversiteliler Mah. Hacettepe Beytepe Kampüsü 1596. Cad. No:26/9,0
100,Hot'n Beer,,Çankaya,Konur2 Sok. No: 26 (Arka Bahçe),5
101,Bronzy's,,Çankaya,Anıt Cad. No:2/A Tandoğan,0
102,"Cafe De Paris, Ankara",,Çankaya,Abdullah Cevdet Sok. No:30/A,5
103,Acme Cafe And Bar,,Çankaya,Konur 1 Sok.11-9,0
104,Siham Kahve & Kültür,,Çankaya,Karanfil 2 Sok. No: 42/A,0
105,Şamdan Cafe & Bistro,,Çankaya,7. Cad. No:39/B Bahçelievler,0
106,Kitapça,,Çankaya,Konur Sok. No:17/6 Kızılay,5
107,Turuncu Cafe,,Çankaya,Meşrutiyet Cad. Konur Sok. Kiper Apt. No:15/10,3
108,David People Ankara,,Çankaya,Bestekar Sok. No:76/A,0
109,"Piyata Cafe Restaurant, Odtü Avm",,Çankaya,No:125/A,0
110,Palais Pastanesi,,Çankaya,Bişkek Cad. No:2 Bahçelievler,5
111,"On The Corner, Beytepe Avm (Bam)",,Çankaya,Üniversiteliler Mah. Hacettepe Beytepe Kampüsü,0
112,Coffee D'clock,,Çankaya,Tunus Cad. No: 93/2,0
113,Porsuk Cafe,,Çankaya,Aşkaabat Cad. 17. Sok. No:39,0
114,Tatlı Cadılar,,Çankaya,Turan Güneş Bul. No: 48/B,5
115,Sahne Cafe Bistro,,Çankaya,52. Sok. (Eski 6. Sok.) No:5/15 Beşevler,0
116,Fikr-i Alem Kültür ve Teras Cafe,,Çankaya,54. Cad. (Eski 6.Cad.) No: 33/6,5
117,Öz Kafeterya,,Çankaya,Sakarya Cad. No:19 D:12,0
118,Sela Cafe & Restaurant,,Çankaya,8 Cad. (Bişkek Caddesi) No:215/A,0
119,İkaros Cafe Kültür Evi,,Çankaya,Konur 2 Sok. No:51/1-2,0
120,Başkent Simit Sarayı,,Çankaya,Cemal Gürsel Cad. No:47/C Cebeci,0
121,"Melon Cafe, Beytepe Avm",,Çankaya,Hacettepe Üniversitesi Beytepe Kampüsü Beytepe AVM,0
122,"Taksim Cafe, Ankuva Avm",,Çankaya,4. Cad. Bilkent,5
123,Cafe Emirgan,,Çankaya,Atatürk Bul. No:53 D:1 Sıhhıye,3
124,Of Course Cafe,,Çankaya,Azerbaycan (3.) Cad. No:15/A,0
125,MSN Cafe,,Çankaya,Bilkent Park Sitesi,0
126,Bilkent Mangal Beer Garden,,Çankaya,Flamingo Cad. Çamlık Sit. Bilkent,0
127,Cafe 8,,Çankaya,8. Sok. (71. Sok.) No:44 Emek,0
128,"Mudo Cafe, Panora Avm",,Çankaya,Turan Güneş Bul. No:182 Oran,0
129,Happy Days Angora Patisserie,,Çankaya,Kazakistan Cad. (4. Cd.) No:161,0
130,Divan Pastanesi,,Çankaya,Atatürk Bul. No: 58 Kızılay,0
131,"Tchibo, Panora Avm",,Çankaya,"Türkiye Ticaret Merkezi, 13.Blok No:1 Mağaza No:114-115 Oran",0
132,B&H Coffee,,Çankaya,"Söğütözü, Eskişehir Yolu, Cepa Avm. No:3",0
133,Jan & Jan Cafe,,Çankaya,Yukarı Bahçelievler Mah. 69. Sok. No:54,0
134,Hoşbeş Cafe,,Çankaya,Konrad Adenauer Cad. No:19/A,3
135,Puzzle Cafe,,Çankaya,6. Cad. No:16/A-B Bahçelievler,3
136,Naturel Simit Cafe,,Çankaya,Kurtuluş Kıbrıs Cad. Cevher Sok. No:1,0
137,Markaf Cafe,,Çankaya,1.Cad. No:12/B,0
138,Motion,,Çankaya,3.Cad. (Azerbaycan Cad.) No:41/A ,0
139,Çatı Kafe,,Çankaya,Sakarya Cad. No:8 D:10 Kızılay,0
140,Daphne Cafe & Bar,,Çankaya,Konur Sok. No:11/8 Kızılay,0
141,Sarkaç Cafe,,Çankaya,Bayındır 2 Sok. No:62,0
142,Polo Cafe,,Çankaya,6. Cad. 59. Sok. No: 12/A,0
143,Yer Fıstığı,,Çankaya,Selanik 2 Cad. No:55/b,3
144,"Anadolu Kayseri Mutfağı, Libya Caddesi Şubesi Ankara",,Çankaya,Libya Cad. No. 30 Kızılay Çankaya,5
145,Çalçene Cafe,,Çankaya,Yıldız Mah. 4. Cad.19. Sok. (1927. Sok.) No:3,0
146,Köroğlu Simit Evi & Cafe,,Çankaya,Uğur Mumcu Cad. No:96/A G.O.P,4
147,Adalı Butik Mutfak,,Çankaya,Esat Cad. No:109/D Küçükesat,0
148,Luna Cupia,,Çankaya,Bülten Sok. No:29/D,0
149,The House,,Çankaya,Ahenk Sok. 7/A,0
150,My Coffee,,Çankaya,Karanfil 2 Sok. No:47/A,0
151,İrene Kültür Cafe,,Çankaya,Bayındır 2 Sok. No : 33,0
152,Kordon,,Çankaya,Şenlik Mah. Fatih Cad. No:218,0
153,Acıktım,,Çankaya,Yukarı Simon Bolivar Cad. No:1/1A (Atakule Karşısı),0
154,Diwaj Cafe,,Çankaya,Muammer Aksoy Cad. 57. Sok. (8. Sok.) No:9/A,0
155,Sesamos Cafe,,Çankaya,Erdem Sok. No:4 Cebeci,0
156,Engelsiz Dünya Cafe,,Çankaya,Mareşal Fevzi Çakmak Cad. No:92/2,5
157,Pelikan Pastanesi,,Çankaya,54. Cad. (6. Cad.) No:29,0
158,Köyüm Cafe,,Çankaya,Gölbaşı Haymana Yolu Mogan Parkı 5. Park Alanı,5
159,"Ot Cafe, Kızılay",,Çankaya,Kocatepe Mah. Selanik-2. Cd 66 / 19,5
160,Şelale Cafe Bistro,,Çankaya,Gazi Mustafa Kemal Bulavrı No:43,0
161,Hey Taxi,,Çankaya,Kızılırmak Mah. Muhsin Yazıcıoğlu Cad. No:29 Çukurambar,5
162,"Marina Cafe, Göksu",,Çankaya,Göksu Parkı No:11,0
163,Trakya Gurme,,Çankaya,Bişkek Cad. No:129,5
164,Larende Pasta & Cafe,,Çankaya,Cevizlidere Cad. No:52/C Balgat,0
165,"Budakaltı Restaurant & Cafe & Bar, Cepa Avm",,Çankaya,17. Sok. No:2 K:1 No:1-02 Karakusunlar,5
166,Köşedeyiz Cafe,,Çankaya,Olgunlar Sok. No:20 Kızılay,5
167,Sufle Pasta Evi,,Çankaya,Hoşdere Cad. Park Vadi Evleri 3. Etap A-1 Blok No:3/A,5
168,"Timboo Cafe, Kentpark Avm",,Çankaya,Turan Güneş Bul.1.Kat,0
169,Cafe Chino,,Çankaya,6. Cad. 36. Sok. No:12/A,1
170,Bahçelievler Cafe & Bistro,,Çankaya,54. Cad. No: 18 (Bahçelievler 7. Cad. sonu),5
171,Çat Cafe Piknik,,Çankaya,Cevizlidere Cad. No:12/A Balgat,5
172,Piranha Cafe,,Çankaya,Bahçelievler Kasım Gülek (53 Sok.) No:2/15 Bahçelievler,5
173,"Dengeli Cafe, Bilkent Üniversitesi Cyberpark Plaza",,Çankaya,2. Cad. A Blok,0
174,"Kocatepe Kahve Evi, Kızılay",,Çankaya,Selanik Cad. No:35 Kızılay,0
175,"C'viz Cafe Bistro, Tunalı Hilmi",,Çankaya,Tunalı Hilmi Cad. No:114/D-E,0
176,Bolonez Cafe,,Çankaya,Üniversiteliler Mah. ODTÜ Kampüsü İktisadi Bilimler Kafetaryası B Blok,0
177,Ayvalık Cafe,,Çankaya,1947. Sok. No:8 Ümitköy Çayyolu,5
178,Best Cafe Patisserie,,Çankaya,Simon Bolivar Cad. Abidin Daver Sok. No:2/A,5
179,Cafe Miss,,Çankaya,Mansuroğlu Mah. 7. Cad. 286/6. Sok. Bahçelievler,0
180,Coffee Days,,Çankaya,Güvenlik Cad. No:87/A A.Ayrancı,0
181,Tünel Cafe & Bar,,Çankaya,Konur Sok. No:11/5 Kızılay,0
182,Cafe Turca,,Çankaya,Sezenler Cad No:20/A Sıhhıye,0
183,Tenedos,,Çankaya,Kızılırmak Cad. No:29 Kocatepe,4
184,"Food4u Cafe & Brasserie, Kent Park Avm",,Çankaya,Eskişehir Yolu 7. Km No:164,0
185,"Pampero Cafe, Arjantin Caddesi",,Çankaya,Arjantin Cad. No:24,0
186,Cafe Bonito,,Çankaya,Dögol Cad. Ören Sok. No:2/A-B Tandoğan,0
187,Tea House,,Çankaya,Askabat Cad. No:6/A,4
188,Cafe Kale,,Çankaya,7. Cad. 65. Sok. No:10/B-C,0
189,Esquina Caffe,,Çankaya,65. Sok. No:9/A Bahçelievler,0
190,Cafe 1,,Çankaya,Gazeteci Muammer Yaşar Bostancı Cad. No:1/A (Gazi Üniversitesi Hastanesi) Beşevler,4
191,Görkemli Vadi Cafe,,Çankaya,Dikmen Vadisi 3. Etap Dikmen,0
192,Plaklı Figüran Kahvesi,,Çankaya,Konur Sok. No:51/3-4 Kızılay,4
193,Ambrosia Restaurant,,Çankaya,Şairler Sok. No: 9/A Gaziosmanpaşa,0
194,"Kahve Dünyası, Uğur Mumcu",,Çankaya,Uğur Mumcu Cad. No:71,0
195,Öğütler Cafe,,Çankaya,Tunalı Hilmi Cad. 115/A,4
196,"Arsel Cafe, Karum Avm",,Çankaya,İran Cad. No:21/397 E Asansörü G.O.P.,4
197,"Schlotzsky's, Cepa Avm",,Çankaya,Eskişehir Yolu 7. Km (ODTÜ Karşısı),3
198,Maydonos Cafe,,Çankaya,Cemal Gürsel Sok. No:49,0
199,"Barnie's Coffee & Tea Company, Tepe",,Çankaya,Dumlupınar Mah. Eskişehir Uolu 9. Km Dumlupınar Bul. Tepe Prime İş Merkezi B-09,0
200,Brown Cafe Bistro,,Çankaya,Muhsin Yazıcıoğlu Cad. 1436 Sok. No:3/B,0
201,Küçük Şeyler,,Çankaya,Aşağı Kuveyt Cad. No:7/A,0
202,Campus Cafe & Bistro,,Çankaya,Konur 2 Sok. No:47/1 Kızılay,0
203,Andre,,Çankaya,Hatay Sok. No:15/B,0
204,Pasha Cafe & Bistro,,Çankaya,Uğur Mumcu Cad. No:37/A G.O.P.,0
205,"Gözde Ademoğlu Cafe, Bahçelievler",,Çankaya,8. Cad. No:181/A Bahçelievler,0
206,Kupa Cafe,,Çankaya,Prof. Muammer Aksoy Cad. (2. Cad.) No:74/A,0
207,Bulvar Patisserie & Cafe,,Çankaya,Atatürk Bul. No:83/B,0
208,La Luna Cantina Cafe,,Çankaya,Bülten Sok. No:12,0
209,"C'VIZ Cafe Bistro, Kızılay",,Çankaya,Karanfil Sok. No:41/B,0
210,Play Game Cafe playstation,,Çankaya,Azerbaycan Cad. No: 99/A-B,3
211,"Simit Sarayı, Cebeci",,Çankaya,Cemal Gürsel Cad. No:41/A,0
212,Cafe Cadde,,Çankaya,Bahriye Üçok Cad. No:3/A Bahçelievler,3
213,"Library Coffee Break, Bilkent Universitesi",,Çankaya,2. Cad. (Sağlık Merkezi Yanı),0
214,Coffee Break,,Çankaya,8. Cad,2
215,Cafe Cix,,Çankaya,3. Cad. 17. Sok. No:62,0
216,Nişantaşı Cafe,,Çankaya,Strazburg Cad. No:21/A,0
217,06 Cafe,,Çankaya,Yaşam Cad No:7/1 Söğütözü,0
218,Teras Cafe,,Çankaya,İran Cad. Karum İş A.V.M No:21 K:3 D:370 Kavaklıdere,0
219,Mira Cafe,,Çankaya,Yukarı Bahçelievler Mah. 69. Sok. No:27,0
220,"Fiero Cafe, Armada Avm",,Çankaya,Eskişehir Yolu No:6 K:3 D:187 Söğütözü,0
221,Cafe Reyyan,,Çankaya,Ziya Bey Cad. 1417 Sok. No:3/D Balgat,0
222,Simmit,,Çankaya,Gazi Mustafa Kemal Bul No:106,0
223,Turuncu Cafe & Bistro,,Çankaya,Selimiye Cad. No:9/A A.Ayrancı,0
224,"Zamane Kahvesi, Ambrosia Avm",,Çankaya,Ufuk Üniversitesi Cad. No:18,0
225,Tuna Simit & Cafe,,Çankaya,Barış Manço Cad. No:167/A,0
226,"Cafe Del Habanos, Double Tree By Hilton",,Çankaya,Ziya Gökalp Cad. Kurtuluş,0
227,Tesadüf Cafe,,Çankaya,Azerbaycan Cad. ( 3. Cad. ) No:91/A,0
228,Yeni Simidiye Cafe,,Çankaya,Dikmen Cad. No:221/7,0
229,Canı'm Cafe,,Çankaya,Yukarı Bahçelievler Mah. Fevzi Çakmak Cad. 10. Sok. D:43/1 Bahçelievler,0
230,"Becahouse, Filistin Caddesi",,Çankaya,Filistin Cad. No:2 Kavaklıdere,0
231,"Manhattan Cafe, Bilkent",,Çankaya,Bilkent 2 Park sitesi T1 blok 1/2/3,1
232,Ala Simit Cafe,,Çankaya,Ceyhun Atıf Kansu Cad. No:67/A Balgat,0
233,Etoile Cafe,,Çankaya,415. Cad. No:5,0
234,Daily News Pub Cafe,,Çankaya,Tunalı Hilmi Cad. No:72/3 Kavaklıdere,0
235,New Orleans Cafe,,Çankaya,Bahçelievler 3. Cad. No:87,0
236,Sports Cafe,,Çankaya,Cankaya Üniversitesi,0
237,Angel Patisserie Bistro & Cafe,,Çankaya,Dikmen Cad. No:268/A,0
238,Cafe Alis,,Çankaya,Bilkent Kampüsü,0
239,Sandwich Evi,,Çankaya,1235. Cad. No:5/A Balgat,1
240,Cafe Taraça,,Çankaya,Cinnah Cad. Willy Brandt Sok. No:72/A,0
241,İkaros,,Çankaya,Konur Sok. No:51/2,0
242,"Fokurtu Cafe, VIP",,Çankaya,Hoşdere Cad. 3. Etap Parkvadi Evleri 747. Sok.,0
243,Cafe Del Mundo,,Çankaya,Tunali Hilmi Cad. Abay Kunanbay Cad. (Eski Bilir Sok.),0
244,"Big Yellow Benzin Cafe, Bahçelievler",,Çankaya,Selanik Cad. 69. Sok. No:42,0
245,Turkuaz Bahçe,,Çankaya,Hamamönü Sarıkadı Sok. No:30,0
246,Kukuli Cafe,,Çankaya,Galip Erdem Cad. (571. Cad.) No:49 Oran,1
247,"Fokurtu Cafe, Ankara 2",,Çankaya,Doğanbey Mah. Gençlik Park İçi Yolu,0
248,"Liva Time, Yıldız",,Çankaya,54.Sok. No:7/7,0
249,"Gloria Jean's Coffees, 365 Avm",,Çankaya,428.Cad. No:41 Yıldız,0
250,Sevgi Cafe,,Çankaya,Mithat Pasa Cad. No:34/F,0
251,Happy Days,,Çankaya,Ziya Gökalp Cad. No:18 Kızılay,0
252,Nezih Cafe & Bistro,,Çankaya,Necatibey Cad. No:48/A,0
253,Selek Cafe & Restaurant,,Çankaya,Gölbaşı Mogan Parkı,1
254,Özka Falez,,Çankaya,Bişkek Cad. No:35,0
255,CafeHouse | O2 Club,,Çankaya,Uğur Mumcu (Köroğlu) Cad. Mercan (Koza 2) Sok. Aloha Evleri Gop,0
256,"Sim Dondurma ve Cafe, Balgat",,Çankaya,Ziyabey Cad. No:24/A,0
257,Bite Me Cafe,,Çankaya,Çankaya Üniversitesi,0
258,Karikatür Bi'Kafe,,Çankaya,Karanfil Cad. No:66/7,1
259,40 Yıl Kahve Evi,,Çankaya,1944. Cad. 1946. Sok. No:12,1
260,Kesit Cafe,,Çankaya,Yükseliş Sok.,0
261,Cafe Cisa,,Çankaya,Odtü Yurtlar Bölgesi,0
262,Keyf-i Sefa,,Çankaya,Ugur Mumcu Cad. No:94 G.O.P,0
263,Enfes Cafe,,Çankaya,708. Sok. No: 12/A,0
264,Chadır Cafe,,Çankaya,3. Cad. No:116/A,0
265,PAUL,,Çankaya,Kazakistan 4.Cad. No:161/A,1
266,Mum Cafe Restaurant,,Çankaya,Selanik Cad. No:25/B,0
267,May Dedem Sandviç & Cafe,,Çankaya,Hollanda Cad. 696. Sok. No:1/9 Yıldız,0
268,Sultan Simit Sarayı,,Çankaya,Ziyabey Cad.,0
269,Mr Smith House Cafe,,Çankaya,Kişinev Cad. No: 2/B,1
270,"Robert's Coffee, Kentpark Avm",,Çankaya,Eskişehir Yolu 7. Km No:164 K:Zemin No:50,0
271,Adım Bistro Cafe,,Çankaya,6. Cad. No:35/A Bahçelievler,0
272,Felsefe Cafe,,Çankaya,Kızılırmak Sok. No:35/1-2,0
273,Park Kumpir Center,,Çankaya,Kumrular Cad. No:6/A,0
274,Ruhi Türk Kahvesi,,Çankaya,Mareşal Fevzi Cakmak Cad. No:8/14 Beşevler,0
275,And Cafe & Restaurant,,Çankaya,And Evi İç Kale Mah. No:29 Ankara Kalesi,0
276,Kekik Cafe,,Çankaya,Yüksel Cad. No: 22/A,0
277,Violet Cafe,,Çankaya,Menekşe 2 Sok. No:21/A,0
278,Sinanbucks Coffee,,Çankaya,Üniversite Mah. ODTÜ Kampüsü,0
279,Mekan,,Çankaya,Kırım Cad. No:37/A,0
280,"Gloria Jean's Coffees, Tunalı",,Çankaya,İran Cad. No:7 Gaziosmanpaşa,0
281,Otantik Kompleks,,Çankaya,Kızılırmak Cad. No:17/A Kızılay,0
282,Fenomen Cafe,,Çankaya,Bahriye Üçok Cad. No:3/A,0
283,Kayfe Cafe,,Çankaya,Dögol Cad. No:13/A,0
284,Taze Kuru Shop & Cafe,,Çankaya,2120. Cad. No:8/B Söğütözü,0
285,Üsküdar Cafe,,Çankaya,Gazi Mustafa Kemal Bul No:38,0
286,Şehr-i Kahve,,Çankaya,Selanik 2 Cad. No:41/C Kızılay,0
287,Casablanca Cafe,,Çankaya,Bahçelievler Mah (Eski 1. Cad) Taşkent Cad. No:15,0
288,Püsküüt,,Çankaya,Cemal Gürsel Cad.,0
289,"Mısır Cafe, Karanfil",,Çankaya,Karanfil Sok. No:34/A Kızılay,0
290,Tesadüf Cafe,,Çankaya,3. Cad. No:91/A,0
291,Shapinuva Kokoreç,,Çankaya,Selanik Cad. No:55 D:14,0
292,Kırpık Cafe,,Çankaya,Tunalı Hilmi Cad. No:114/23 Kavaklıdere,0
293,Paradise Cafe,,Çankaya,Taşkent Cad. 58 Sok. No:12/B,0
294,Film Cafe,,Çankaya,Mithatpaşa Cad. No:27/2,0
295,Çakra Et Balık,,Çankaya,Filistin Sok. No:43,0
296,Dora Cafe & Bistro,,Çankaya,Azerbaycan Cad. (3. Cad.) No:91/B,0
297,DrinKing,,Çankaya,Bestekar Sok. No:42,0
298,"Kuki House, Cepa Avm",,Çankaya,Eskişehir Yolu 7. Kilometre,0
299,Turunç Cafe,,Çankaya,Buğday Sok. No:2/A,0
300,Cafe Kıraç,,Çankaya,Olgunlar Cad. No:30 Kocatepe,0
301,Sun Shine Cafe,,Çankaya,Odtü Yurtlar Bölgesi,0
302,Baykuş Cafe,,Çankaya,Konur Sok. Leman Kültür Üstü,0
303,Lamore Cafe,,Çankaya,Bahçelievler 69 Sok. No:40/8,0
304,Face Cafe,,Çankaya,Konur Sok. No:32/A,0
305,Byrock Guitar Hero Cafe,,Çankaya,Bahçelievler 7.Cad. 22.Sok. No:1/C,0
306,Cafe Kish,,Çankaya,Bülten Sok. No:26/B,0
307,"Cafe Swiss, Swissotel Ankara",,Çankaya,Jose Martı Cad. 21. Sok. No:2,0
308,Nazım Hikmet Kültür Merkezi,,Çankaya,Sokullu Mehmet Paşa Cad.Ahmed Arif Parkı karşısı No:97/B,0
309,Anka Cafe,,Çankaya,Atatürk Bul. No:223,0
310,Lavazza,,Çankaya,M.Kemal Mah. D.Pınar Bul. Kentpark AVM Z Kat No:164/8B,0
311,Angelo Cafe,,Çankaya,Karanfil 2 Sok. No:49/B Kızılay,0
312,Table No.1 Modern Cuisine,,Çankaya,Muhsin Yazıcıoğlu No:49 Yüzüncüyıl,0
313,KOJO Cafe & Bakery,,Çankaya,Angora Bul. No:60,0
314,Piccolo,,Çankaya,Eldem Sok. (Bilkent-1 Çamlık Sitesi) No:51-53,0
315,3e Cafe Restaurant,,Çankaya,Bayındır Sok. No:21/B Kızılay,0
316,Marakesh,,Çankaya,"Ünıversıteler Mah. Bilkent Park Sit. No:T1-1,2,3",0
317,Simit & Bahçe & Cafe,,Çankaya,2. Cad. 1947 Sok. (3. Sok.) No:6 Ümitköy (Galeria AVM Arkası),0
318,Bilkent Sofa Cafe & Restaurant,,Çankaya,2. Cad. No:69-70,0
319,Masala Cafe,,Çankaya,Paris Cad. No:49,0
320,The Old Mariner,,Çankaya,Bestekar Sok. No:78/B Kavaklıdere,0
321,"Kocatepe Kahve Evi, Selanik",,Çankaya,Selanik Cad. No: 35/1,0
322,"Meet Cafe, Ankara",,Çankaya,Nenehatun Cad. No:75 Gaziosmanpaşa,0
323,Çisil Cafe,,Çankaya,Can Sk. No:24 Samanpazarı Ulus,0
324,Çankaya Simit Sarayı,,Çankaya,45. Sok No:13/B Yıldız,0
325,2 Room's Cafe,,Çankaya,Bestekar Sok. No:74/1 Kavaklıdere,0
326,Balım Cafe,,Çankaya,Arjantin Cad. Attar Sok. No:21/B Gaziosmanpaşa,0
327,Vault Tunalı,,Çankaya,Tunal Hilmi Cad. Bülten Sok. No:9,0
328,Karum Teras Kafe,,Çankaya,İran Cad. Karum İş Merkezi K:3 (C Asansörü) Kavaklıdere,0
329,"Gusto Confiserie, Ankara",,Çankaya,Turan Güneş Bul. No:102/B,0
330,Pyro Cafe Pub,,Çankaya,Kazakistan Cad. No:157/A,0
331,Teras Cafe,,Çankaya,İran Cad. Karum İş Merkezi K:3,0
332,"Melis Pastaneleri, A. Ayrancı",,Çankaya,Güvenlik Cad. No: 85/A A. Ayrancı,0
333,Unitown Cafe & Brasserie,,Çankaya,Akdeniz Cad. (Buz Pateni Yanı) No:57/2,0
334,Albatros Cafe,,Çankaya,Bahçelievler 3. Cad. No:99/A,0
335,Bonapple,,Çankaya,Bestekar Sok. No: 39/A,0
336,Tahran Cafe & Bistro,,Çankaya,Kızılırmak Cad. No: 18/A,0
337,Gümüş Pasta,,Çankaya,Gazi Mustafa Kemal Bul. No: 120,0
338,Food 44,,Çankaya,Eskişehir Yolu 7. Km No: 164,0
339,SMA Dostlar Simit Cafe,,Çankaya,Strazburg Cad. No: 33/B,0
340,Ezgi Cafe,,Çankaya,Konur Sok. No: 14/A,0
341,Kahveci Hacıbaba,,Çankaya,Selanik Cad. No: 17/B,0
342,Dubai Cafe & Bistro,,Çankaya,Selanik Cad. No: 36,0
343,Güvenpark Cafe,,Çankaya,Milla Müdafa Cad. No: 10/2,0
344,Fabrica'fe,,Çankaya,Dögol Cad. No: 13/A,0
345,Cafe İstanbul,,Çankaya,Degol Cad. No: 35/A,0
346,Park Piknik Cafe,,Çankaya,8. Cad. No: 3/A,0
347,Kaan Cafe,,Çankaya,Strazburg Cad. No: 45/A,0
348,Piraye Cafe,,Çankaya,Nazım Hikmet Kültür Merkezi Karanfil 2 Sok. No: 58,0
349,Fincan Cafe,,Çankaya,Konur Sok. No: 21/16,0
350,Cafe Bajar,,Çankaya,Ceyhun Atuf Kansu Cad. No: 108,0
351,Yeşim Cafe & Patisserie,,Çankaya,Bişkek Cad. No: 58,0
352,Saha Cafe,,Çankaya,1. Cad. 53. Sok. No: 22 / A,0
353,Ceren Cafe,,Çankaya,Konur 2 Sok. No: 35/A,0
354,Koffieboon,,Çankaya,Filistin Cad. No: 8/D,0
355,Bizim Cafe,,Çankaya,Aksu Cad. No: 5 / 12,0
356,Gioco Coffee House,,Çankaya,Farabi Sok. No: 17 / A,0
357,Armoni Unlu Mamülleri,,Çankaya,Bosna Hersek Cad. 90. Sok. No: 21 / F,0
358,Ankyra Cafe,,Çankaya,Konur 2 Sok. No: 37/A,0
359,Cafe Crown,,Çankaya,Aşkaabat Cad. No: 62,0
360,Cafe Mekan,,Çankaya,10. Cad. No: 37/A,0
361,Beycan Cafe Piknik,,Çankaya,Ceyhun Atıf Kansu Cad. Alt Pasaj No: 104/E,0
362,Tadım Simit Sarayı,,Çankaya,8. Cad. No: 55,0
363,Rengi Kahve,,Çankaya,1314. Cad. No: 4/B1,0
364,Kehribar Kafe & Nargile,,Çankaya,1376 Sok.,0
365,Filiz Cafe,,Çankaya,Strazburg Cad. No: 17/26,0
366,Cafe Ocakbaşı,,Çankaya,Sakarya Cad.,0
367,Simit Dünyası,,Çankaya,Mithatpaşa Cad. No: 38 / B,0
368,Buket Cafe Dondurma,,Çankaya,Azerbaycan Cad. No: 62 / C,0
369,On Cafe,,Çankaya,Azerbaycan Cad. No: 38 / A,0
370,Paşazade Cafe & Bistro,,Çankaya,Barış Manço Cad. No: 13,0
371,Riot Bar,,Çankaya,Bayındır 1 Sok. No: 19,0
372,Divaj Cafe,,Çankaya,2. Cad. No: 35 / 9,0
373,Doğan Simit Cafe,,Çankaya,Cevizlidere Cad. No: 47/B,0
374,Cafe Civeli,,Çankaya,Karanfil 2 Sok. No: 44/9,0
375,Küçük Ev,,Çankaya,Marmara Sok. No: 12/1,0
376,Ankara Charlie Chaplin,,Çankaya,1. Cad. No: 12/A,0
377,Çömçe Cafe,,Çankaya,Şevket Süreyya Aydemir Sok. No: 12/C,0
378,MR. Cafe & Bistro,,Çankaya,Selanik Cad. No: 25/A,0
379,Büklüm Bahçe Cafe,,Çankaya,Büklüm Sok. No: 27,0
380,Monopoly Cafe,,Çankaya,Aşkabat Cad. 70. Sok. No: 16,0
381,Time Off Cafe & Bar,,Çankaya,Hatay Sok. No: 5/12,0
382,"Edward's Coffee, Kentpark Avm",,Çankaya,K: 2 Eskişehir Yolu 7.km No: 164,0
383,Figen Pastanesi,,Çankaya,Cemal Gürsel Cad. No: 62/A,0
384,Misha's Ayaküstü,,Çankaya,2. Cad. No: 75/7,0
385,Vadi Cafe Bar,,Çankaya,Sakarya Cad. İnkılap Sok. No: 3/1,0
386,Timboo Cafe,,Çankaya,Turan Güneş Bul. No: 182 Zemin Kat,0
387,Kırmızı Kafe,,Çankaya,1. Cad. No: 16/B,0
388,Palovera Cafe,,Çankaya,3. Cad. 49. Sok. No: 5/A,0
389,Kocatepe Kahve Evi,,Çankaya,3. Cad. No: 57,0
390,Sır Alternatif Keyif,,Çankaya,1. Cad. 7. Sok. No: 22/1-B,0
391,7. Cadde Simit Cafe,,Çankaya,Aşkaabat Cad. No: 18/A,0
392,L'amore Cafe,,Çankaya,Aşkaabat Cad. 69. Sok. No: 40/8,0
393,"Lavazza, Kentpark Avm",,Çankaya,Eskişehir Yolu 7.km No: 164,0
394,Barkod Cafe,,Çankaya,8. Cad. No: 4/16,0
395,Çaylak Cafe,,Çankaya,Konur 2 Sok. No: 41,0
396,Konak Çayevi,,Çankaya,Şehit Aden Yavuz Sok. No: 6/A,0
397,Dedem Sandwich,,Çankaya,Hoşdere Cad. No: 210/C,0
398,Nacho Cafe,,Çankaya,Hacettepe Beytepe Kampüsü Edebiyat Fakültesi Kapı B,0
399,Bey Cafe,,Çankaya,Hacettepe Beytepe Kampüsü,0
400,Orta Öğrenci Kafeteryası,,Çankaya,Hacettepe Beytepe Kampüsü Yıldız Amfi,0
401,Ada Cafe & Patisserie,,Çankaya,City Center AVM Hacettepe Beytepe Kampüsü,0
402,Cafe Marin,,Çankaya,Bardacık Sok. No: 39/C,0
403,Cafe Maviş,,Çankaya,Selanik Cad. No: 23/A,0
404,Asperger,,Çankaya,Olgunlar Cad. No: 3/B,0
405,Titan's Cafe & Bistro,,Çankaya,Karanfil Sok. No: 25/B,0
406,Tunalı Simitçisi,,Çankaya,Tunalı Hilmi Cad. No: 76/A,0
407,The Chocolate Art,,Çankaya,Cinnah Cad. No: 52,0
408,Cafe Kibele,,Çankaya,Tunalı Hilmi Cad. Bestekar Sok. No: 33/D,0
409,Sefa Simit & Kahvaltı Evi,,Çankaya,Gençlik Cad. No: 119/5,0
410,Cankuş Cafe,,Çankaya,Anıt Cad. No: 6/A,0
411,Cafe Kompleks,,Çankaya,Kızılırmak Cad. No: 17/A,0
412,Çay ve Kahve,,Çankaya,Hacettepe Beytepe Kampüsü,0
413,Bezmialem Cafe & Pastane,,Çankaya,2128 Sok. Eskişehir Yolu No: 11,0
414,Anadolu Simit Cafe,,Çankaya,İzmir 2 Cad. No: 45/C,0
415,Kahverengi Cafe,,Çankaya,Konur Sok. No: 9/A,0
416,Ardıç Kitapevi & Cafe,,Çankaya,Yüksel Cad. No: 8/10,0
417,Babel Cafe & Bar,,Çankaya,Konur Sok. No: 9/B,0
418,Güneş Cafe,,Çankaya,Hacettepe Beytepe Kampüsü City Center AVM Kat: 1,0
419,Big Monopoly Cafe,,Çankaya,Karanfil 2 Sok. No: 51/A,0
420,Asmaaltı Cafe & Bistro,,Çankaya,Konur 2 Sok. No: 59/C Bakanlıklar,0
421,Çırağan Cafe,,Çankaya,Konur 2 Sok. No: 44/7,0
422,Cafe Lins,,Çankaya,Filistin Cad. Kader Sok. No: 9/1,0
423,Andre Cafe,,Çankaya,Hatay Sok. No: 15/B,0
424,Gusti Cafe,,Çankaya,Mesnevi Sok. No: 9,0
425,Aroma Cafe,,Çankaya,Hacettepe Beytepe Kampüsü Atatepe Öğrenci Yaşam Merkezi,0
426,Gloria Jeans Coffees,,Çankaya,17. Sok. No: 2 Kat: 1,0
427,Espressamente İlly,,Çankaya,Kat Zemin,0
428,Cafe J'adore,,Çankaya,Cinnah Cad. No: 11/A,0
429,Kahve Türk,,Çankaya,Eskişehir Yolu 7. Km No: 164 Kat: -1,0
430,Göz 6 Cafe & Bistro,,Çankaya,Azerbeycan Cad. No: 89/A,0
431,Bıyık Cafe,,Çankaya,Uğur Mumcu Cad. No: 94,0
432,Kafe' D 'Keyif,,Çankaya,2. Cad. No: 12/A,0
433,Pies,,Çankaya,Aşkaabat Cad. No: 60/B,0
434,Sir Winston,,Çankaya,"Eskişehir Yolu 7. Km, No: 164",0
435,Afyon Kaymak,,Çankaya,2120. Cad. No: 21,0
436,One More Cafe,,Çankaya,Bestekar Sok. No: 42/B,0
437,"Kafes Fırın, Next Level Avm",,Çankaya,Dumlupınar Bul. No: 3/C-13,0
438,Cafe Biz Cafe,,Çankaya,Ceyhun Atuf Kansu Cad. No: 121/B,0
439,Fesleğen Simit Cafe,,Çankaya,"2156. Sok. No: 28/B,",0
440,Vanelli,,Çankaya,Kabil Cad. No: 10/A,0
441,Hayat Simit Cafe,,Çankaya,Kumrular Cad. No: 6,0
442,Tostado,,Çankaya,Bilkent Bul. Shell Benzin İstasyonu No: 19,0
443,Tuna Simit & Cafe,,Çankaya,Turan Güneş Bul. Cezayir Cad. No: 6/D,0
444,Kasr-ı Ala Cafe,,Çankaya,Rabindranath Tagore Cad. No: 73,0
445,Pastry Pasta Evi & Cafe,,Çankaya,Dikmen Cad. No: 544/B,0
446,"Kafes Fırın, Anıttepe",,Çankaya,Gençlik Cad. No: 111/B-C,0
447,Gökkuşağı,,Çankaya,Gökkuşağı Cad. No: 41/C,0
448,Oyunbozan Cafe,,Çankaya,Rabindranath Tagore Cad. No: 19,0
449,Cafe Des Cafes,,Çankaya,"Konya Yolu, No: 190",0
450,C'viz,,Çankaya,Konya Yolu No: 190,0
451,Why Not,,Çankaya,7. Cad. 65. Sok. No: 10/A,0
452,Bulvar Cafe,,Çankaya,Gazi Mustafa Kemal Bul. No: 31/A,0
453,Can Simit Cafe,,Çankaya,Cidde Cad. No: 25/B,0
454,"Gloria Jean's Coffees, Bahçelievler",,Çankaya,Azerbaycan Cad. No: 13/A,0
455,Paşa Konağı Cafe Nargile Yemek Evi,,Çankaya,708. Sok. No: 21,0
456,"Robert's Coffee, Taurus Avm",,Çankaya,Konya Yolu No: 190,0
457,Enerji Kafe,,Çankaya,100.yıl Mah. Muhsin Yazıcıoğlu Cad. No: 51/C,0
458,Kuzguncuk Cafe,,Çankaya,509. Sok. No: 19/1,0
459,Ünlü Saray,,Çankaya,No: 99/B,0
460,Ceylan Simit Cafe,,Çankaya,Sokullu Mehmet Paşa Cad. No: 155/F,0
461,Ceylan Simit Cafe,,Çankaya,Sokullu Mehmet Paşa Cad. No: 114/D,0
462,Nar Cafe,,Çankaya,41. Cad. No: 90,0
463,Cul De Sac Cafe,,Çankaya,Tunus Cad. No:49/2,0
464,Cafe Morin,,Çankaya,Bardacık Sok. No:39/C,0
465,Cafemorin,,Çankaya,Bardacık Sok. No: 39/C,0
466,Cezve Cafe,,Çankaya,Selanik Cad. No: 41,0
467,Revel Cafe Bistro Bar,,Çankaya,Azerbaycan Cad. No:12/C,0
468,Threemen Cafe,,Çankaya,Kırım Cad. (Eski 10. Cad.) No:36/A,0
469,"Kocatepe Kahve Evi, Bayındır",,Çankaya,Bayındır 1 Sok. No:23/A,0
470,Ella Cafe,,Çankaya,Anafartalar mah. Gençlik parkı içi karakol girişi no /14.2,0
471,Cafe Karambol,,Çankaya,GMK Bul. No:94/A,0
472,Catmerr Cafe & Bistro,,Çankaya,Bayındır 1 Sok. No:13 Kızılay,0
473,"Unlum, Dikmen",,Çankaya,Sokullu Mehmet Paşa Cad. No:112/B,0
474,Şişman Büfe,,Çankaya,Doğanbey Mah. Gençlik Parkı İçi Ulus,0
475,"Sicilya Bistro, Karum Avm",,Çankaya,İran Cad. No:21,0
476,"Divan Pastaneleri, Ankara Köroğlu",,Çankaya,Uğur Mumcu Cad. No:41/B Gaziosmanpaşa,0
477,"Simit Cafe, Karum Avm",,Çankaya,İran Cad. No:21 Zemin Kat,0
478,Kardelen Bistro Cafe,,Çankaya,Ceyhun Atuf Kansu Cad. Beycanoğlu İş Merkezi No:104/11,0
479,Cafe Keyf,,Çankaya,Dikmen Cad. Çelikler Sit. C Blok No:370/L,0
480,Saint Cafe,,Çankaya,Bayındır 1 Sok. No:17/6,0
481,İstanbul Cafe & Bistro,,Çankaya,Willy Brand Sok. No:2/C,0
482,Cafe Gestro,,Çankaya,Uğur Mumcu Cad.,0
483,"Cafe @ Bulvar, Rixos Grand Ankara",,Çankaya,Atatürk Bul. No:183,0
484,Fox Cafe & Bar,,Çankaya,Meşrutiyet Mahç Konur 1 Sok. No:5/3 Kızılay,0
485,Doğan Simit Cafe,,Çankaya,Ceyhun Atuf Kansu Cad. No:118/E,0
486,Balgat Nargile,,Çankaya,Cevizlidere Cad. No:17/B,0
487,Tunalı Flamingo 1955,,Çankaya,Tunalı Hilmi Cad. No:93/B Kavaklıdere,0
488,Train Cafe & Bistro,,Çankaya,Kale Mah. Doyran Sok. No:13 Ulus,0
489,"Esperro Cafe, Kentpark Avm",,Çankaya,Eskişehir Yolu 7 km M.Kemal Mah. (Food Court Katı Bağımsız Bölüm),0
490,"Barnie's Cafe, Tepe Prime",,Çankaya,Eskişehir Devlet Yolu (Dumlupınar Bul.) 9. km. No: 266 B Blok B09,0
491,Eyga Cafe,,Çankaya,1437. Cad. Meva İş Merkezi,0
492,Noise Cafe,,Çankaya,6. Cad. 59. Sok. No:18/A-B Bahçelievler,0
493,Hipokrat Cafe,,Çankaya,Anafartalar Mah. Atatürk Bul. No:169,0
494,Fes Cafe,,Çankaya,Kazakistan Cad. (Eski 4. Cad.) No: 104/C Emek,0
495,"Lavazza Cafe, Armada Avm",,Çankaya,Eskişehir Yolu No :6 Söğütözü,0
496,Bros Cafe,,Çankaya,Mebusevler Mah. Meçhul Asker Sok. No:2/A,0
497,Das Cafe,,Çankaya,Marmara Sok. No:46/1 (Çok Katlı Otopark Arkası),0
498,Early Bird Cafe,,Çankaya,İkizdere Sok. No:8/7 Gaziosmanpaşa,0
499,Pulse Cafe,,Çankaya,Namık Kemal Mah 3.Cad. (95.Cad.) No:92 Bahçelievler,0
500,Cafe Nişantaşı,,Çankaya,Cemal Gürsel Cad. No:47 Cebeci,0
501,Doyurucu Cafe Restaurant,,Çankaya,Odtü Kampüsü,0
502,Don Kişot Bar Cafe,,Çankaya,Konur Sok.,0
503,Aura Cafe,,Çankaya,23. Cad. No:33 D:11,0
504,Uzay Cafe & Piknik,,Çankaya,4. Cad. No:41/C,0
505,Chevalier Cafe & Restaurant,,Çankaya,Arjantin Cad. Attar Sok. Kent Sit. No:3/A,0
506,Aylak Cafe,,Çankaya,Bayındır 2 Sok. No:47/9 Kızılay,0
507,Cafe Nazar 81,,Çankaya,Cemal Gursel Cad. No:54/E,0
508,Bobu Piknik,,Çankaya,İlk sokak,0
509,"Simit Sarayı, Meclis",,Çankaya,Atatürk Bul. No:165/B,0
510,Cafe Wine & Cheese,,Çankaya,İran Cad. İlbank Blokları,0
511,Kafe Kanape,,Çankaya,İzmir Cad. No:34 D:17 Kızılay,0
512,Cafe Kahve Premium,,Çankaya,Uğur Mumcu Cad. No:12 Gaziosmanpaşa,0
513,Silan Cafe,,Çankaya,Konur 2 Sok. No:41/B Kızılay,0
514,Köri Cafe,,Çankaya,Portakal Çiçeği Sok. No:1/F Aşağı Ayrancı,0
515,Kebap Cafe X,,Çankaya,Selanik-2 Cad. No:47/A Kızılay,0
516,Kumru Cafe,,Çankaya,Gazi Mustafa Kemal Bul.,0
517,Ocakbaşı Çay Evi,,Çankaya,Sakarya Cad. No:10,0
518,Cafemms,,Çankaya,Tunus Cad. No:40,0
519,Vakko Cafe,,Çankaya,Atatürk Bul No:13,0
520,Zürik Cafe,,Çankaya,Sezenler Sok. No:7,0
521,Cafe Kırçiçeği,,Çankaya,İzmir-1 Cad.,0
522,Keyif Wine Cafe & Restaurant,,Çankaya,Arjantin Cad.,0
523,Hitit Cafe-bar,,Çankaya,Bestekar Sok. No:57,0
524,Ancyra`a Sports Cafe Bar,,Çankaya,Tunus Cad. No:17 Kavaklıdere,0
525,Dolphin Cafe-Bar,,Çankaya,Uçarlı Sok. No:17/A Y.Ayrancı,0
526,Fantastic Cafe-Bar,,Çankaya,Kocatepe Olgunlar Sok. No:20/B,0
527,Nüans Cafe-Bar,,Çankaya,Bayındır Sok. No:19/A Sakarya,0
528,Golden Cue,,Çankaya,Selanik Cad No:30 Kızılay,0
529,2 Room`s Cafe,,Çankaya,Cumhuriyet Mah İnkilap Sok No:4/C Kızılay,0
530,Caf'e Des Caf'es,,Çankaya,Paris Cad No:28/B Kavaklıdere,0
531,Cafe 3k Sandwiches,,Çankaya,Paris Cad No:28/B,0
532,Gümüş Pasta Cafe Bistro,,Çankaya,Degol Cad. No:19 Tandoğan,0
533,"Gül Kafeterya, Atatürk Eğitim Ve Araştırma Hastanesi",,Çankaya,Ortadoğu Mah. Bilkent Yolu No:3 Bilkent,0
534,Wine House,,Çankaya,Arif Nihat Asya Sok.,0
535,Fora Pasta Cafe Fastfood,,Çankaya,Sokullu Mehmet Paşa Cad.,0
536,Dodo Gırgır Cafe,,Çankaya,Aşkabat Cad. (7. Cad.) 65. Sok. (Eski 25. Sok.) No:5/B Bahçelievler,0
537,Arzuhal Cafe & Bar,,Çankaya,Olgunlar Cad. No:26/4,0
538,Cafe Jarden,,Çankaya,Bahçelievler 3.Cad. No:108/C,0
539,Koyu Kahve,,Çankaya,3.Cad. No:114,0
540,Peron Cafe,,Çankaya,30. Sok. No:32/9,0
541,"Tribeca, Filistin Caddesi",,Çankaya,Filistin Sok. No:2/A Kavaklıdere,0
542,Pia Cafe,,Çankaya,Cemal Gürsel Cad. No:52/B,0
543,Cafe Raye,,Çankaya,Necati Bey Cad. No:80/4,0
544,Cafe Barbo,,Çankaya,Atatürk Bul. No:61/13 K:1,0
545,Tabut Kafe,,Çankaya,Meşrutiyet Cad. Konur 2 Sok. No:27/3,0
546,Look Cafe&Bar,,Çankaya,Tunalı Hilmi Cad. Bülten Sok. No:9/26,0
547,Kalyan Cafe,,Çankaya,4. Cad. No:104/C ,0
548,Ninda Cafe & Restaurant,,Çankaya,Tunalı Hilmi Cad. No:106/1,0
