,0,1,2,3,4
0,Ağva Kendine Has Cafe & Restaurant,,Şile,Yakuplu Cad. No:176,4
1,Yeşil Göl Restaurant,,Şile,Uzun Tarla Mevki Yolu Karakiraz Cad. No: 1,2
2,Ruya Beach Cafe,,Şile,Kordon Boyu Cad. Ayazma Plajı No:2,0
3,Çakıl Cafe,,Şile,Üsküdar Cad. No:62/A,0
4,Asmalı Cafe,,Şile,İskele Sok.,0
5,Kampüs Cafe,,Şile,Üsküdar Cad.,0
6,Gold Beach Cafe Restaurant,,Şile,Kordonboyu Cad. Ayazma Plaj No 8,0
7,"Mado, Şile",,Şile,Hacı Kazım Mah. Üsküdar Cad. No:39/A,0
8,Oxijen Cafe,,Şile,Üsküdar Cad. No:58,0
