,0,1,2,3,4
0,Terrace Bistro,,İskenderun,Atatürk bul. No:37 Kat:4,0
1,Koru Cafe,,İskenderun,Yenişehir Mah. Mareşal Fevzi Çakmak Cad. No:22/A İskenderun,0
2,Turgut Cafe,,İskenderun,Sami Oytun Cad. No:17 Arsuz Bucağı Yolu,0
3,"David People, Prime Mall",,İskenderun,Eyüp Sultan Cad. No:1 Prime Mall,0
4,Cafe M,,İskenderun,Yenişehir Mah. Atatürk Bul. Beşen Plaza No:10,0
5,"Kahve Diyarı, İskenderun",,İskenderun,Atatürk Bul. Egemen Plaza No: 27 K: 1,0
6,Kafe Risus,,İskenderun,42.Sok. Ziya Gökalp Cad. No:11,0
