,0,1,2,3,4
0,"Karayemiş Tesisleri, Dragos",,Kartal,Turgut Özal Blv. No: 33,4
1,Beyrut Bar,,Kartal,Hükümet Cad. No:7/8,0
2,Aşşrom Port,,Kartal,Turgut Özal Bul. No:33,4
3,Mimoza Köy Meydanı Türkü Bar,,Kartal,Akdeniz Cad. No:19,5
4,Aydos Kuzine Restaurant,,Kartal,Samandıra Cad. No:143,1
5,Compass Restaurant & Roof Bar,,Kartal,Barbaros Hayrettin Paşa Cad. No:43,0
6,Köyüm Türkü Cafe Bar,,Kartal,Yukarı Mah. Gerver Sok. No:19,0
7,Kartal Restaurant & Bar,,Kartal,Yukarı Ma. Atatürk Cad. No: 4/A,0
