,0,1,2,3,4
0,Twentysix Cafe & Bar,,Odunpazarı,Hoşnudiye Mah. Y.Kılıçoğlu Bul. No:50 Adalar,0
1,Travelers Cafe,,Odunpazarı,Porsuk Bul. No:7,0
2,"Big Yellow Taxi Benzin Cafe, Eskişehir",,Odunpazarı,Hoşnudiye Mah. Barlar Sok. (Neyzen Tevfik Sok.),0
3,Şelale Park Cafe,,Odunpazarı,Şht. Mustafa Yıldız Sok.,5
4,Public Tube,,Odunpazarı,Hoşnudiye Mah. Vural Sok. No:27/A (Barlar Sokağı),4
5,Losso Cafe,,Odunpazarı,Yenibağlar Mah. Üniversite Cad. No:84,0
6,Serdivan Cafe & Nargile,,Odunpazarı,Hoşnudiye Mah. Altın Sok. No:13,4
7,Sıla Cafe,,Odunpazarı,Tunalı Mah. Pehlivan Cad. No:12,5
8,Cafe Mocha,,Odunpazarı,Atatürk Bul. No:104,0
9,"Kocatepe Kahve Evi, Eskişehir",,Odunpazarı,Kütahya Yolu Sazova Mevkii (Bilim Kültür ve Sanat Parkı İçi),0
10,Palmiye Cafe,,Odunpazarı,Başan Sok. No:26,3
11,Pool & Bistro,,Odunpazarı,Hoşnudiye Mah Siloönü Sok. No:5 (İbis Otel Bahçesi),0
12,"Kocatepe Kahve Evi, Eskişehir",,Odunpazarı,Porsuk Bul. No:9/B,0
13,Harabe Cafe,,Odunpazarı,Porsuk Bul. No:37/A,0
14,"Leman Kültür, Eskişehir",,Odunpazarı,Yenibağlar Mah. İsmet İnönü Cad. No:102/D,4
15,Acıktım Kafedeyiz,,Odunpazarı,İsmet İnönü Cad. No:61/A,0
16,Cafe Alkara,,Odunpazarı,Porsuk Bul. No:31/A,0
17,Nox,,Odunpazarı,Hoşnudiye Mah.Vurak Sok.No:31,0
18,Yalaman Cafe,,Odunpazarı,Porsuk Bul. No:35,4
19,Cafe de Sablon,,Odunpazarı,Çuha Sok. No:19,0
20,Can Can Cafe,,Odunpazarı,Porsuk Bul. No:43,5
21,Lobiya Cafe,,Odunpazarı,Hoşnudiye Mah. Porsuk Bul. No:38,5
22,"Kocatepe Kahve Evi, Kentpark Avm",,Odunpazarı,Kütahya Yolu,5
23,Carpe Diem Cafe Bar,,Odunpazarı,Başarılı Sok. No: 41 Adalar,5
24,Ganja Bar,,Odunpazarı,Hoşnudiye Mah. Vural Sok. No:30/1,0
25,Balkaymak Cafe,,Odunpazarı,Cumhuriye Mah. Otopark Sok. No:14,1
26,Kırım Tatar Kültür Evi,,Odunpazarı,Şeyh Şemsettin Sok. No:15/1,0
27,Viva Cafe,,Odunpazarı,Hoşnudiye Mah. Köprülü Sok. No:2/A,0
28,Tostçu İsmail,,Odunpazarı,Hoşnudiye Mah. Bayram Yeri Sok No:12/A (Barlar Sokağı),0
29,Sokak Cafe & Bar,,Odunpazarı,Başarılı Sok. No:31,0
30,Teddy Cafe,,Odunpazarı,Yukarı Söğütönü Ted Yerleşkesi Keskin Yolu Üzeri 4.Km Ted Koleji içi,0
31,Elma Kahvaltı,,Odunpazarı,Gençlik Bul. No: 41/ b,0
32,Cafe Çay Bahane,,Odunpazarı,Eskibağlar Mah. Üniversite Cad. Hal Sok. Haller Gençlik Merkezi No:39,0
33,"Kahve Dükkanı, Espark Avm",,Odunpazarı,Eskibağlar Mah. Üniversite Cad. No:21,0
34,Caffe Notte,,Odunpazarı,Başarılı Sk. Kırnıç İş Merkezi. No:7/A,0
35,Prestij Cafe,,Odunpazarı,Başarılı Sok. No:53,0
36,Dr. Beyaz Bahçe,,Odunpazarı,Vişnelik Divanlar Sok.,0
37,Sera Cafe & Bar,,Odunpazarı,Hoşnudiye Mah. Vural Sok. No: 10/2,0
38,Herkesin Keyfi Yerinde - Hky Cafe,,Odunpazarı,Hoşnudiye Mah. Kızılcıklı Mahmut Pehlivan Cad. No:29/A,0
39,Sahilyolu Kafeterya,,Odunpazarı,Hoşnudiye Mah. Porsuk Bul. No:24,0
40,Q Bar & Cafe,,Odunpazarı,Hoşnudiye Mah. Vural Sok. No:24/A,0
41,Time Out,,Odunpazarı,Atatürk Bul. No:82/D,0
