,0,1,2,3,4
0,Salıncak Cafe,,Etimesgut,Eryaman Göksu Park Rekreasyon Alanı No:8,4
1,"Kahveci Hacıbaba, Elvankent",,Etimesgut,1464. Cad. No:59,4
2,Home Garden Cafe,,Etimesgut,Şehit Osman Avcı Mah. 1.TBMM Cad. Göksupark içi No:5,0
3,"Kocatepe Kahve Evi, Optimum Avm",,Etimesgut,Eryaman Ayaş Yolu No:93 K:Zemin D:11 Eryaman,0
4,Elida Cafe Restaurant,,Etimesgut,Göksu Parkı (Göksu Parkı İçi 3 Nolu Cafe),0
5,Çamlıca Cafe,,Etimesgut,Göksu Parkı İçi,0
6,Şebboy Cafe Bistro,,Etimesgut,Selçuklar Cad. Göksu AVM 3. Kat No:57/127,0
7,Susesi Cafe,,Etimesgut,Göksu Park İçi No:10,0
8,Palmiye Cafe,,Etimesgut,Selçuklular Cad. No: 57,0
9,Vahi - Dem Cafe,,Etimesgut,14. Cad. 1471 Sok. No: 3/B,0
10,C'viz,,Etimesgut,Selçuklular Cad. No: 57,0
11,Coffee & Chocolate,,Etimesgut,Selçuklular Cad. No: 57,0
12,Kahve-i Muhabbet,,Etimesgut,Eryaman Ayaş Yolu No: 93 Kat: 2,0
13,Mango Pastaneleri,,Etimesgut,Şeyhşamil Mah. 13. Cad. No: 9/10,0
14,Taze Cafe,,Etimesgut,"Eryaman 4. Etap Çarşısı, No: 5",0
15,Hanedan Cafe,,Etimesgut,İstasyon Mah. İstasyon Cad.,0
16,Cafe Botanik,,Etimesgut,2059. Sok. No: 20/C,0
17,Güneş Cafe,,Etimesgut,Piyade Mah. İstasyon Cad. No: 175/A,0
18,Başkent Katibim,,Etimesgut,1489. Cad. No:14,0
