,0,1,2,3,4
0,Posh Club,,Bodrum,Adnan Menderes Cad. Barlar Sok.,0
1,Vittoria,,Bodrum,Cevat Şakir Cad. Belediye Kültür Merkezi No:4,4
2,Fink Club,,Bodrum,Neyzen Teyfik Cad. No:32,5
3,Helva,,Bodrum,Neyzen Tevfik Cad. No:34,0
4,Cafe S Bar,,Bodrum,Cumhuriyet Cad. No:127,0
5,Veli Bar,,Bodrum,Dr. Alim Bey Sok. No:9,0
6,Körfez Bar,,Bodrum,1017. Sok.,0
7,Adamik Bar,,Bodrum,Meyhane Sok. No: 23,0
8,Kule Rock City,,Bodrum,Cumhuriyet Cad. Dr.Alim Bey Bedesteni No:55,5
9,Ship A Hoy,,Bodrum,"Yalı Mevkii, Türkbükü",4
10,Küba Bar & Restaurant,,Bodrum,Neyzen Teyfik Cad. No:62,4
11,Temple Bar,,Bodrum,Barlar Sok. Gümbet,0
12,Blue Night Tekila,,Bodrum,Banka Sok.,0
13,Mavi,,Bodrum,Cumhuriyet Cad. No:175,4
14,D-Way Cafe Bar,,Bodrum,Yalı Mah. Turgutreis Marina,0
15,Red Lion Bar & Club,,Bodrum,Cumhuriyet Cad. No:137,0
16,Campanella Bar,,Bodrum,Cumhuriyet Cad.,0
17,Shadow Bar,,Bodrum,Banka Sok.,0
18,FuFu Restaurant,,Bodrum,3144. Sok. No:7/A,5
19,Fora Bar,,Bodrum,Hilmi Uran Meydanı No:10,0
20,Adress Cafe & Bar,,Bodrum,Cumhuriyet Cad. No:135,5
21,Filika Latino Club,,Bodrum,Cumhuriyet Cad. No:37 (Barlar Sokağı),5
22,Hadigari Nigt Club,,Bodrum,Kaledibi,4
23,Dejavu Bar,,Bodrum,Cumhuriyet Cad,0
24,X Bar,,Bodrum,Erguvan Sok.Barlar Cad.,0
25,Eski Bar,,Bodrum,5. Sok.,0
26,Pitos Bar,,Bodrum,Kadıkalesi No:76 Turgutreis,0
27,Tash's Bar,,Bodrum,Turgutreis Beldesi Belediye Cad.,0
28,Batı Bar,,Bodrum,1120. Sok. Gümüşlük,0
29,Ora Bar,,Bodrum,Dr. Alim Bey Cad. (Cumhuriyet Cd.),0
30,Radio Bar,,Bodrum,Turgutreis,0
31,My Pavyon by Cenk Eren,,Bodrum,Değirmenburnu Mevkii Haremtan Sok. No:1,0
32,Sotano Club,,Bodrum,Ayaz Cad. No:4/C,0
33,Goet Goethe Bar,,Bodrum,Cumhuriyet Cad.,0
34,Club Why Not,,Bodrum,Erguvan Sok. No:1,0
35,Deep Sea,,Bodrum,Banka Sok.,0
36,212 Live,,Bodrum,Or. Kemal Kayacan Cad. No:23,0
