,0,1,2,3,4
0,Balcoon Cafe,,Bayrampaşa,Hudut Yolu No:1,0
1,Sera Cafe,,Bayrampaşa,Şehir Parkı Cad. No: 2,0
2,"Lavazza, Forum İstanbul Avm",,Bayrampaşa,Paşa Cad. Kat: K1 95,0
3,"Dilek Pastanesi, Forum Istanbul Avm",,Bayrampaşa,FF Blok No:97,0
4,"IKEA Restaurant & Cafe, Ikea",,Bayrampaşa,Paşa Cad. No:1,0
5,Mihver Et & Kebap,,Bayrampaşa,Hudut Yolu Üzeri Şehir Parkı İçi,3
6,Tepe Cafe,,Bayrampaşa,Şehir Parkı Cad.(12. Sok.) No:7,5
7,Best Coffee House,,Bayrampaşa,Gökhan Sok. No:23,0
8,Café Tein,,Bayrampaşa,"Forum İstanbul AVM, Zemin Kat, Kocatepe Mah, Paşa Cad,",0
9,"Krispy Kreme, Forum İstanbul Avm",,Bayrampaşa,Paşa Cad.,5
10,Cafe 1 Numara,,Bayrampaşa,Büyükşehir Parkı Parkada,2
11,Girne Cafeterya,,Bayrampaşa,Ali Fuatbaşgil Cad. No:10,1
12,"Jura Cafe, Forum İstanbul Avm",,Bayrampaşa,Paşa Cad. K:2,0
13,Cafe De Sahraa,,Bayrampaşa,100. Yıl Cad. No:54,0
14,Mostar Cafe,,Bayrampaşa,Büyükşehir Parkı Parkada,0
15,Baron Kafe,,Bayrampaşa,Millet Cad. No:154,0
16,Safir Cafe,,Bayrampaşa,İsmetpaşa Cad. Uluhan Sok. No:2/F,0
17,Kır Kahvesi,,Bayrampaşa,Bayrampaşa Şehir Parkı No:1,3
18,"Cafetein, Forum İstanbul Avm",,Bayrampaşa,Paşa Cad. GF Blok Mağaza No:89,0
19,Gabriel's Cafe Bilardo Salonu,,Bayrampaşa,50.Yıl Caddesi,0
20,"Üsküp Simit, Bayrampaşa",,Bayrampaşa,Atışalanı Cad. No:6,0
21,Seçil Simit Cafe,,Bayrampaşa,Abdi İpekçi Cad. No:17,0
22,Güngör Cafe Pastane,,Bayrampaşa,Karasu Sok. No: 27,0
23,"My Balcoon, Forum İstanbul Avm",,Bayrampaşa,Şehirparkı Cad. B Blok No:SF65,0
24,Güngör Cafe Pastane,,Bayrampaşa,Karasu Sok. No:2,0
25,Cafe De Mola,,Bayrampaşa,Şehir Parkı Sok. No: 2,0
26,Cafe Serap,,Bayrampaşa,Demirkapı Caddesi. Mine Sok. No:4,0
27,Suz-i Dilara Cafe,,Bayrampaşa,Demirkapı Cad. Rıfat Ağa Pasajı No:32 Kat:2,0
28,Cadı Kazanı Cafe,,Bayrampaşa,Ersan Sok. No: 6,0
29,Kafedo,,Bayrampaşa,Paşa Cad. K: 1,0
30,Lunch Box,,Bayrampaşa,Paşa Cad. Zemin Kat,0
31,Ailem Cafe,,Bayrampaşa,Ersan Sok. No: 10,0
32,Starbucks,,Bayrampaşa,Paşa Cad. Zemin Kat,0
33,Ecmel Pasta Cafe,,Bayrampaşa,Orta Mah. Dumlupınar Cad. No: 19,0
34,Jasmin Cafe ve Fast Food,,Bayrampaşa,Tuna Cad. No: 36/B,0
35,Tubi Cafe,,Bayrampaşa,Orta Mah. Gümüşsuyu Cad. No: 58-64,0
36,İnci Cafe,,Bayrampaşa,Orta Mah. Dumlupınar Cad. Sakarya Sok. No: 2/A,0
37,"Zumo, Forum İstanbul Avm",,Bayrampaşa,Paşa Cad. K:1,0
38,Çay Kahve,,Bayrampaşa,"Bayrampaşa CarrefourSA, Altıntepsi Mah, No B/01,",0
39,Pirates Of İstanbul,,Bayrampaşa,Paşa Cad. Forum İstanbul AVM,0
40,Akvaryum Cafe,,Bayrampaşa,Millet Cad.,0
41,Coffe City,,Bayrampaşa,100. Yıl Cad. No:54 Cevatpaşa,0
42,Yıldız Cafeterya,,Bayrampaşa,Orta Mah. Lale Sok,0
43,Çeşme Cafe,,Bayrampaşa,Topçular Mah. Rami Kışla Cad.,0
