,0,1,2,3,4
0,Chocolate Restaurant West Istanbul Marina,,Beylikdüzü,West Istanbul Marina,4
1,The Shaula,,Beylikdüzü,Bayrak caddesi No: 36,4
2,"Big Yellow Taxi Benzin Cafe, Beylikdüzü",,Beylikdüzü,Nazım Hikmet Bul.,5
3,Küba Cafe & Gusto,,Beylikdüzü,Cumhuriyet Cad. No: 1,1
4,Pera Teras,,Beylikdüzü,Denizyolu Cad. No:21,0
5,"Gönül Kahvesi, Beylicium Avm",,Beylikdüzü,E5 Karayolu Üzeri Beylikdüzü Cad. No:9,0
6,"Douwe Egberts Coffee, Perlavista Avm",,Beylikdüzü,Yavuz Sultan Selim Bul. No:116,2
7,"Efes Korner, Ekinoks Avm",,Beylikdüzü,Büyüksehir Mah. Ekinoks AVM No:1,0
8,"Cafe Dominant, Beylikdüzü Şubesi",,Beylikdüzü,Hanımeli Sok. No:4 Çarşı:12 Saklıhan Konakları,5
9,Yeşil Vadi Cafe & Bistro,,Beylikdüzü,Cumhuriyet Cad. No:3/A,4
10,Kuğulu Cafe & Restaurant,,Beylikdüzü,Cumhuriyet Cad. No:6 Basındoğa Parkı (Kuğulu Park),5
11,"Kahve Diyarı, Semerkand Line Avm",,Beylikdüzü,Adakan Cad. Peyami Safa Sok. No: 61,3
12,Coffee Corona,,Beylikdüzü,Atatürk Bul. No:5,0
13,"Kahve Şehri, Ekinoks Beylikdüzü Avm",,Beylikdüzü,Cumhuriyet Cad. No:B112/3A,4
14,The Coffee Store,,Beylikdüzü,Nazım Hikmet Bul. Semerkant Evleri No:27-4/A,5
15,"Aruna Cafe & Restaurant, Gürpınar",,Beylikdüzü,Pınartepe Mah. Pınarkent Mevkii D Ada No: 1/A,5
16,SG Fırından,,Beylikdüzü,Erenler Cad. No: 6 (Çarşamba Pazarı Yanı),5
17,Padişah Cafe,,Beylikdüzü,Turgut Özal Bul.,0
18,Ein Lounge Cafe,,Beylikdüzü,Kazım Karabekir Cad. No: 76,5
19,Erbabı Sosyal Tesisleri,,Beylikdüzü,91 Sok. Halı Saha No: 2-1,5
20,Go-kart Arena & Cafe,,Beylikdüzü,Marmara Cad. Kavaklı (Sahil Muhtarlığı Yanı),5
21,İzbul Cafe,,Beylikdüzü,Atatürk Mah. Nuri Sesigüzel Sok.,5
22,Flamingo,,Beylikdüzü,Fatih Cad. İhlas Marmara Evleri,0
23,"Hazal Esenbahçe Cafe, Esenyurt",,Beylikdüzü,1997 Sok. Cumhuriyet Parkı,0
24,"Cafe Town, Markacity Avm",,Beylikdüzü,E-5 Üzeri Beylikdüzü Cad. K:3,2
25,"Happy Time, Beylicium Avm",,Beylikdüzü,E5 Karayolu Üzeri Beylikdüzü Cad. No:9,0
26,Valiente Cafe,,Beylikdüzü,İstanbul Cad.,0
27,Şımarık Cafe Fasıl,,Beylikdüzü,Hürriyet Sok Skyport Residans No:1/2,0
28,Terrace Cafe,,Beylikdüzü,Barış Mah. Adnan Kahveci Mah. O.S.B Beylikdüzü San. Sit. B Blok D:377 Gürpınar,0
29,"Cafe Kahverengi, Beylicium Avm",,Beylikdüzü,E5 Karayolu Üzeri Beylikdüzü Cad. No:9,0
30,Koru Park Cafe,,Beylikdüzü,Hürriyet Bul. No:68 İhlas Marmara Evleri 1.Kısım,0
31,"Kahve Diyarı, Beylikdüzü",,Beylikdüzü,Atatürk Bul. Sürmen Center Avm No: 51/E,0
32,"Mado, Beylikdüzü",,Beylikdüzü,Atatürk Bul. No:3 Beycity A.V.M,0
33,Cafe Keyif,,Beylikdüzü,Beykent Çarsısı B Girişi K:1 D:218-219-220,0
34,"Hanımeli Cafe, Beylicium Avm",,Beylikdüzü,E5 Karayolu Üzeri Beylikdüzü Cad. No:9,0
35,The Pool Coffee & Bistro,,Beylikdüzü,Zafer Cad No:4/2,0
36,Ardan,,Beylikdüzü,Yavuz Sultan Selim Bul. Parlamenterler Doruk Sit. No: 6,0
37,CAFE MİA,,Beylikdüzü,Atatürk Bulv. Çarşı No: 36,0
38,Bolero Cafe,,Beylikdüzü,Atatürk Cad. No: 7,0
39,"Doruk Kafe, Torium Avm",,Beylikdüzü,Saadetdere Mah. E5 Üzeri Haramidere K:4,0
40,"Aqua Cafe, Ra Kaya Plaza İstanbul Hotel",,Beylikdüzü,E5 Otoyolu Hadımköy Sapağı Tüyap Fuar Merkezi,0
41,"Kahve Diyarı, Beykent",,Beylikdüzü,Avrupa Cad. No: 18-51 Kubist Park Residence,0
42,"Robert's Coffee, Marmara Park Avm",,Beylikdüzü,Güzelyurt Mah. 1. Cad. K:4 No:33/A Esenyurt,0
43,"Big Yellow Taxi Benzin, Beylikdüzü",,Beylikdüzü,Nazım Hikmet Bul. No:82/A,0
44,Mekan Cafe,,Beylikdüzü,Yavuz Sultan Selim Bul. Dağan Park Evleri 6 No:41/A Beykent,0
45,Coffee Break,,Beylikdüzü,2. Cad. Keleşoğlu Plaza No:9 Kavaklı,0
46,Efe'nin Yeri,,Beylikdüzü,Emlakbank Bizimkent Konutları D-21 Blok,0
47,Stucgard Cafe,,Beylikdüzü,Sayaca Cad.,0
48,"Cafe Cezanne, Beylikdüzü Migros Avm",,Beylikdüzü,Beylikdüzü Mevkii E-5 Karayolu Üzeri,0
