,0,1,2,3,4
0,Paprika Cafe,,Marmaris,Selimiye Mah. Kavacık Cad. Buruncuk Mevkii No:80,0
1,"Kahve Diyarı, Marmaris",,Marmaris,Barbaros Cad. Yat Limanı No: 117,0
2,Yoda Cafe,,Marmaris,Kubilay Alpugan Sok.No:5,0
3,La Rocca Cafe Bar,,Marmaris,39. Sok. No:68,0
4,Stella Cafe & Restaurant,,Marmaris,230.Sok. Uzunyalı,0
5,Can's Cafe,,Marmaris,Atatürk Cad.,5
6,Cafeinn,,Marmaris,66. Sok.,0
7,Divan Marin Cafe,,Marmaris,Netsel Marina Alışveriş Merkezi,0
8,Brothers Cafe İcmeler Marmaris,,Marmaris,Atatürk Cad. İçmeler,0
9,Denizyaka Cafe,,Marmaris,Cumhuriyet Mah. Atatürk Cad. İçmeler,0
10,Bedesten Cafe,,Marmaris,Çeşme Meydanı Bedesten İş Merk. No:11,0
11,"Döngel Döner İskender Evi, Marmaris",,Marmaris,99. Sok. No: 7/Z 2,0
12,Alin's Cafe,,Marmaris,İ.Kemal Öner Cad. No:2,0
13,Donanma Cafe,,Marmaris,59. Sok.,0
14,Antiokheia Cafe,,Marmaris,İçmeler Cumhuriyet Mah. İçmeler,0
