,0,1,2,3,4
0,Şebin Et Balık Cafe Restaurant,,Büyükçekmece,Sahil Yolu Cad. Kirazlı Sok. No: 21,3
1,Green House Cafe & Restaurant,,Büyükçekmece,Büyükçekmece Sahil,3
2,A&F Cafe,,Büyükçekmece,Mustafa Kemal Bul. (Mimaroba),0
3,Otantik Garden,,Büyükçekmece,Fatih Cad. Evren Sok. No:4 Mimaroba,4
4,Kiper Pastanesi,,Büyükçekmece,Gazi Mustafa Kemal Paşa Cad.,0
5,Noche Cafe Bistro,,Büyükçekmece,Atatürk Cad. Aykent Çıkmazı No:16,0
6,Dolcevita Cafe & Restaurant,,Büyükçekmece,Kordonboyu Cad. No:109,0
7,Kardeş Cafe,,Büyükçekmece,Kordonboyu Cad. (Büyükçekmece Sahil Yolu),0
8,Saray Cafe,,Büyükçekmece,Kordonboyu Cad. Ayhan Işık Sok. No:63,5
9,Seddir Cafe,,Büyükçekmece,D-100 Yanyolu Kumburgaz Eski Mado Yanı,0
10,Şehri Bahçe,,Büyükçekmece,Behçet Kemal Çağlar Cad. No:134,4
11,Ada Cafe & Restaurant,,Büyükçekmece,Kordon Boyu Cad. No:22/A,0
12,Cafe Blanca,,Büyükçekmece,M.Kemal Bul. Batıköy Park Evleri No: 31/A2,5
13,Le Cafe Restaurant,,Büyükçekmece,Çarmıklı Cad. Bahar Sok. No:212/C,0
14,Adres Cafe,,Büyükçekmece,Kordon Boyu Cad.,0
15,Osmanlı Çadırı Cafe,,Büyükçekmece,Kültür Park İçi Yolu,0
16,Aşk Cafe,,Büyükçekmece,Adnan Kahveci Mah. Yavuz Sultan Selim Bul,5
17,Günbatımı Cafe,,Büyükçekmece,Gazi Mustafa Kemal Paşa Cad. No:179/1,5
18,Cafe Citron,,Büyükçekmece,Bahçeşehir Ticaret Merkezi,5
19,Doren Cafe & Restaurant,,Büyükçekmece,Mustafa Kemal Bul. Öz Tanık Cad. No:1/2 Mimaroba,4
20,Dalyan Sanat Cafe,,Büyükçekmece,Mimar Sinan Koopeeratifi (Kültür Park),0
21,Ninova Cafe,,Büyükçekmece,Lise Sok.,0
22,Kırmızı Meyhane,,Büyükçekmece,İstanbul Cad. Moodcity Blokları No:53/6,0
23,Kafega Cafe,,Büyükçekmece,Merkez Mah. Dede Korkut Cad. No:4 Gürpınar,0
24,Son İstasyon Cafe,,Büyükçekmece,Stadyolu Sok. No:1,0
25,Büyükçekmece Cafe,,Büyükçekmece,Lise Sok. No:7,0
26,Fidan Cafe,,Büyükçekmece,Mustafa Kemal Bul.,0
27,Kiper Pastacılık,,Büyükçekmece,Gazi Mustafa Kemal Cad. No:29,0
28,"Günbey Lezzet Durağı, Kaya Milenyum Avm",,Büyükçekmece,Gürpınar Yolu Üzeri,0
29,Büyükçekmece Festival Cafe,,Büyükçekmece,Büyükçekmece Sahil Yolu,0
30,"Rolling Rock Cafe, Ra Kaya Plaza İstanbul Hotel",,Büyükçekmece,E5 Otoyolu Hadımköy Sapağı Tüyap Fuar Merkezi,0
31,Gölet Cafe & Restaurant,,Büyükçekmece,Sinanoba Mah. Mustafa Kemal Bul. Aktan Sok. No: 7/A Barış Manco Parkı,0
32,Vitrin Cafe,,Büyükçekmece,Mustafa Kemal Bul. Defne 1 Sit. Sinanoba,0
33,"Nescafe, Atirus Avm",,Büyükçekmece,Londra Asfaltı No:40 K:1 D:106,0
34,Cafe Keyif,,Büyükçekmece,,0
35,Black Ocean Cafe,,Büyükçekmece,Batiköy Mah. Sahilyolu Sok. Sinanoba,0
36,Cafe Mafe,,Büyükçekmece,Mustafa Kemal Bul. Ekinoba Çarşısı No:1-2-3 Mimaroba,0
37,"Rollıng Rock Cafe & Bar, Kaya Ramada Plaza",,Büyükçekmece,E-5 Otoyolu Hadımköy Sapağı (Tüyap Yanı),0
38,Büfette Cafe,,Büyükçekmece,Hadımköy Yolu 50. Sok. No:2 Hadımköy,0
39,Yakamoz Cafeterya,,Büyükçekmece,1. Kısım Mah. Ardıçlıevler Sitesi,0
40,"Tabak Cafe, İstanbul Outlet Park Avm",,Büyükçekmece,Cumhuriyet Mah. E5 Karayolu Firuze Sok. Beykent,0
41,Adonis Cafe,,Büyükçekmece,Esenkent Mah. Süleyman Demirel Cad.,0
42,Zevk-İ Simit,,Büyükçekmece,Barış Mah. Koru Sok.,0
43,West Şarküteri & Cafe,,Büyükçekmece,Batıköy Park Evleri A-2,0
