,0,1,2,3,4
0,Kafika - Kaçırdığınız Filmler Kahvesi,,Beyoğlu,Yeniçarşı Cad. N0: 10/1 (GALATASARAY LİSESİ YANI),5
1,Long Lounge Cafe & Restaurant,,Beyoğlu,Atmaca Sok. No: 89,5
2,"Gezi İstanbul, Taksim",,Beyoğlu,İnönü Cad. No:5 Taksim,4
3,Haliç Garden,,Beyoğlu,Taşçı Akif Sok. No:6/A,3
4,Fish & Meat House,,Beyoğlu,Sıraselviler Cad. Soğancı Sok. No: 8/D,5
5,Dersaadet Cafe,,Beyoğlu,Rüstem Paşa Mah. Yeni Galata Köprüsü Altı Karaköy Boğaz Tarafı KB1,4
6,The Beatles Cafe,,Beyoğlu,Sakız Ağacı Cad. No:25,5
7,Galata Kulesi,,Beyoğlu,Galata Kulesi Sok.,4
8,Pepo,,Beyoğlu,Camekan Sok. No: 1 Galata,4
9,J'adore Chocolatier,,Beyoğlu,İstiklal Cad. Emir Nevruz Sok. No: 22,5
10,Karabatak Karaköy,,Beyoğlu,Kara Ali Kaptan Sok. No:7 Karaköy,4
11,Limonlu Bahçe,,Beyoğlu,Yeniçarşı Cad. No: 74 Galatasaray,5
12,Ara Kafe,,Beyoğlu,İstiklal Cad. Tosbağa Sok. No: 2,5
13,"Namlı Gurme, Karaköy",,Beyoğlu,Rıhtım Cad. Kat Otopark Altı No:1/1 Karaköy,4
14,Galata Konak Pastanesi & Cafe,,Beyoğlu,Bereket Zade Mah. Hacı Ali Sok. No:2 Kuledibi,5
15,Ali Baba,,Beyoğlu,Kılıç Ali Paşa Cad. No: 1,1
16,Dem Karaköy,,Beyoğlu,Hoca Tahsin Sok. No: 17,4
17,Kafepi Asmalımescit Bomonti Brasserie,,Beyoğlu,Sofyalı Sok. No:11 Tünel,4
18,Kahveci Mustafa Amca Jean's,,Beyoğlu,Suriye Pasajı No: 166/8,1
19,Mandabatmaz Cafe,,Beyoğlu,Asmalı Mescit Mah. İstiklal Cad. Olivia Gecidi No:1/A Taksim,5
20,Bambi Kumrucu,,Beyoğlu,Sıraselviler Cad. No: 2,4
21,Grand Boulevard,,Beyoğlu,Kemer Hatun Mah. Meşrutiyet Cad. Hangeçidi Sok. No:116/3A,0
22,Montreal Cafe,,Beyoğlu,İstiklal Cad. Asmalımescit Sok. No:17 Taksim,5
23,Pendor Corner,,Beyoğlu,Yeşilçam Sok. No: 25,0
24,"Tükkan, Karaköy",,Beyoğlu,Mumhane Cad. No: 34,3
25,Melekler Kahvesi,,Beyoğlu,İstiklal Cad. Ayhan Işık Sok. No:32/A,4
26,Muhit,,Beyoğlu,Kılıçali Paşa Mescidi Sok. No:9/A Karaköy,0
27,Uçan Ev,,Beyoğlu,İstiklal Cad. Büyük Parmakkapı Sok. No:7 K:1-2-3-4-5,4
28,İst Cafe,,Beyoğlu,İstiklal Cad. No: 10/12,4
29,Porta Pera Cafe & Restaurant,,Beyoğlu,İstiklal Cad. No: 11,5
30,Charly Temmel,,Beyoğlu,İstiklal Cad. No: 152/B ,5
31,Mihrimah Sultan,,Beyoğlu,Kumbaracı Yokuşu No:145,5
32,Café de La Fée,,Beyoğlu,Cezayir Sok. No:13,0
33,Cafe Bi Melek,,Beyoğlu,İstiklal Cad. Akarsu Sk. No:8/2,4
34,Çiço Cafe & Bar,,Beyoğlu,İstiklal Cad. Süslü Saksı Sok. No: 14 / 18 K: 4,4
35,Kronotrop Coffee Bar,,Beyoğlu,Firuzağa Cami Sok. Şelale Apt. No: 2/B,4
36,Cafe Firuz,,Beyoğlu,Defterdar Yokusu No:55 Firuzağa/Cihangir,0
37,Kiki,,Beyoğlu,Sıraselviler Cad. No: 42,5
38,Çınaraltı Cafe & Bar,,Beyoğlu,İstiklal Cad. Balo Sok. No:14/1,2
39,"İstanbul Modern Cafe & Restaurant, İstanbul Modern",,Beyoğlu,Meclis-i Mebusan Cad. Liman İşletmeleri Sahası No:4 Karaköy,5
40,Urban,,Beyoğlu,İstiklal Cad. Kartal Sok. No: 6/A,5
41,Şimdi Cafe,,Beyoğlu,Asmalı Mescit Mah. Asmalı Mescit Sok. Atlas Apt. No:5 Taksim,5
42,Joker Cafe,,Beyoğlu,Atıf Yılmaz Cad. Yoğurtçu İş Hanı K:5 Taksim,0
43,Kafka Cafe,,Beyoğlu,Yeniçarşı Cad. No:26/1,3
44,Gölge Kahve,,Beyoğlu,Emir Nevruz Sok. No:21,4
45,Mavra Cafe Design Workshop,,Beyoğlu,Serdar-ı Ekrem Cad. No: 31/A Kuledibi,4
46,Que Tal Tapas Bar & Cafe,,Beyoğlu,İlk Belediye Cad. No:5/A,3
47,Eskici Pera,,Beyoğlu,Tünel Meydanı No: 186/A,0
48,Avam Kahvesi,,Beyoğlu,Çukurluçeşme Sok. No:4/A,5
49,Susam Cafe,,Beyoğlu,Susam Sok. No:11 Cihangir,4
50,Ceneviz Cafe,,Beyoğlu,Fırçacı Sok. No: 4 Kuledibi,5
51,Eski Beyrut Cafe,,Beyoğlu,İstiklal Cad. İmam Adnan Sok. No:8/2,4
52,Mercan Cafe,,Beyoğlu,Sahne Sok No:5,5
53,"Symbol Cafe & Restaurant, Taksim",,Beyoğlu,Ayhan Işık Sok. No: 23,0
54,Akdeniz Cafe Bar,,Beyoğlu,Nevizade Sok. No:25,4
55,Fotoğraf Cafe & Bar,,Beyoğlu,İstiklal Cad. Balo Sok. No: 24/A,0
56,KafeKa,,Beyoğlu,Katip Çelebi Mah. İstiklal Cad. Küçük Parmakkapı Sok. No:10 (Mc Donald's yanı),0
57,Keyifli Nargile Cafe,,Beyoğlu,Kemankeş Mah. Amerikan Pazarı Sok. No :3/G,0
58,Press Karaköy,,Beyoğlu,Kemankeş Mah. Hoca Tahsin Sok. No:15/A,5
59,Mono Music Cafe,,Beyoğlu,Gazeteci Erol Dernek Sok. No:15 (Yeni Melek Gösteri Merkezi Yanı),5
60,Cafe Lumiere,,Beyoğlu,Altıpatlar Sok. No: 7,5
61,Mephisto Cafe,,Beyoğlu,İstiklal Cad. No:125,4
62,Kaktüs Kahvesi,,Beyoğlu,Cihangir Cad. No:16/A,0
63,"The House Cafe, Tünel",,Beyoğlu,Asmalı Mescit No: 9/1-2,0
64,Cafe Pera,,Beyoğlu,Ayhan Işık Sok. No: 24/A,0
65,Komodor,,Beyoğlu,Kılıç Ali Paşa Mescidi Sok. No: 11/A,3
66,Gakkı,,Beyoğlu,"Kemankeş Karamustafa Paşa Mah, Kılıç Ali Paşa Mescidi Cad. No:10/B",4
67,Café Français,,Beyoğlu,İstiklal Cad. No:4 Taksim,0
68,Safiye Sultan Cafe,,Beyoğlu,Hasköy Cad. No:1 (Koç Müzesi 200 Metre İlersi) Hasköy,4
69,Marmara Cafe,,Beyoğlu,İstiklal Cad. Büyükparmakkapı Sok. No:6,5
70,Cook Point,,Beyoğlu,Sıraselviler Cad. Billurcu Sok. No: 23,5
71,Wom Karaköy,,Beyoğlu,Rıhtım Cad. Yuva Sok. No:4/F,4
72,Rafineri Cafe,,Beyoğlu,Sıraselviler Cad. No: 111/A Cihangir,5
73,Cherrybean Coffees,,Beyoğlu,Camekan Sok. No:10/1 Galata,5
74,Bezgin,,Beyoğlu,Jurnal Sok. No:1/A,5
75,Mavi Cafe,,Beyoğlu,Süslü Saksı Sok. No:18/4,5
76,Uçurtma Cafe Bar,,Beyoğlu,İstiklal Cad. Ayhan Işık Sok. No:3/A,0
77,Kumbara Cafe,,Beyoğlu,Küçükparmakkapı Sok. No:9/2,0
78,Keyifli Nargile,,Beyoğlu,Kılıçali Paşa Mah. Amerikan Pazarı Sok. No:73-75 Tophane,5
79,Ali Baba Nargile,,Beyoğlu,İskele Cad. No:5-7,0
80,Meyvemix,,Beyoğlu,Meşrutiyet Cad. No:6/A Galatasaray,0
81,İstikamet Karaköy,,Beyoğlu,Mumhane Cad. Fransız Geçidi,0
82,Sadabad Nargile Cafe,,Beyoğlu,Katip Çelebi Mah. Küçükparmakkapı Sok. No:19 K:1,5
83,Mahalo Coffee Shop,,Beyoğlu,Tünel Cad. Söğüt Sok. No: 1,5
84,Pati Cafe,,Beyoğlu,İstiklal Cad. Emir Nevruz Sok. No:2/C,0
85,Nargilem Cafe,,Beyoğlu,Tophane Salı Pazarı Sıra Mağazalar No:101,0
86,"Akbaba'lı Meyhane, K.V",,Beyoğlu,İstiklal Cad. Tünel Geçidi No:11 (Tünel Pasajı),5
87,Cafe Mitanni,,Beyoğlu,Katip Çelebi Mah. Çukurlu Çeşme Sok.No:6,4
88,Tuğra Nargile Cafe,,Beyoğlu,Kemankeş Mah. Amerikan Pazarı Sok. No:3/B,0
89,"Bambi Cafe, Bambi Paket Taksim",,Beyoğlu,Sıraselviler Cad. Kazancı Yokuşu No:14,0
90,Noir Pit Coffee,,Beyoğlu,Meşrutiyet Cad. No: 109/A,0
91,"Giritli İdilika, Cihangir",,Beyoğlu,Firüzağa Mah. Palaska Sok No:3/A,4
92,Bohem Cafe Bar,,Beyoğlu,Katip Çelebi Mah.Hasnun Galip Sok.,0
93,Ny-Ist Cafe,,Beyoğlu,Çukurlu Çeşme Sok.,0
94,Cine Majestic Cafe,,Beyoğlu,Ayhan Işık Sok. No:10,4
95,Altın Plak,,Beyoğlu,İstiklal Cad. Mis Sok. No: 5-1,5
96,Cafe Bunka,,Beyoğlu,İstiklal Cad. Fransız Konsolosluğu Arkası Ana Çeşme Sok. No:3,5
97,Predio Kahvaltı Evi,,Beyoğlu,Akarsu Cad. Nur Apt. No: 41/A,1
98,Tırtıl Cafe,,Beyoğlu,İstiklal Cad. Büyükparmakkapı Sok. No:26/A K:3,4
99,"Özsüt, Taksim",,Beyoğlu,İstiklal Cad. No:15,3
100,Thales Cafe & Bar,,Beyoğlu,İstiklal Cad. Hasnun Galip Sok. No:5 K:2-3,5
101,Çınaraltı Nargile Cafe Tophane,,Beyoğlu,Amerikan Pazarı Sok. No: 7/C,0
102,Araf Cafe  & Bar,,Beyoğlu,Balo Sok. No:32 K:5-6,4
103,Zade Cafe ve Restaurant,,Beyoğlu,Çukurluçeşme Sok. No:18,0
104,"Kafe Pi, Taksim Rock Bar",,Beyoğlu,Küçük Parmakkapı Sok. Sinek Çıkmazı No:13,4
105,Kültür Nargile Cafe,,Beyoğlu,Fuat Uzunkınay Sok. İstiklal Cad. No:2,0
106,Manuel Deli & Coffee,,Beyoğlu,Cihangir Cad. No: 23/A,4
107,OldTown,,Beyoğlu,Rıhtım Cad. Yuva Sok. No:6 Karaköy - Beyoğlu /İstanbul,4
108,"Firuzende Galata Restaurant, Galata",,Beyoğlu,Büyükhendek Cad. No: 5 Kuledibi,5
109,Cafe 26A,,Beyoğlu,"Katip Çelebi Mahallesi, Tel Sokak",0
110,Sebil Cafe,,Beyoğlu,Ömer Avni Mah. Meclis-i Mebusan Cad. Kabataş (Metro Durağı Karşısı),0
111,Evim Nargile,,Beyoğlu,Kılıçali Paşa Mah. Tophane İskele Cad. Amerikan Pazarı Sok. 27-103,0
112,"Ali Muhiddin Hacı Bekir, Beyoğlu",,Beyoğlu,İstiklal Cad. No: 83,5
113,Ada Kitap Cafe,,Beyoğlu,İstiklal Cad. No:158/A,5
114,Monami Cafe,,Beyoğlu,Hüseyinağa Mah. İstiklal Cad. Beyoğlu Han No:88/8 Taksim,0
115,TAG Cafe & Bistro,,Beyoğlu,İstiklal Cad. Postacilar Sok. No:1/A (Arter Sanat Galerisi Yanı),0
116,"Cajun Cafe & Brasserie, Inn Pera Hotel",,Beyoğlu,Sıraselviler Cad. No: 15,5
117,Twins Coffee Roasters,,Beyoğlu,Miralay Şefik Bey Sok. No: 1,3
118,Holy Coffee,,Beyoğlu,Hacıoğlu Sok. No: 1/B,0
119,Cafe Splendor,,Beyoğlu,İstiklal Cad. Solakzade Sok. No: 7-9,0
120,Matrock Cafe,,Beyoğlu,Büyük Parmakkapı Sok. No: 12,0
121,Cafe Nove,,Beyoğlu,Fındıklı Mah. Meclis-i Mebusan Cad. 31/A,0
122,M & N Cafe,,Beyoğlu,İstiklal Cad. No:74,3
123,Momo,,Beyoğlu,Akarsu Yokuşu No:43A Cihangir,5
124,Sena Cafe,,Beyoğlu,Karaağaç Cad. No:106/A,0
125,Cafe Du Levant,,Beyoğlu,Hasköy Cad. Bo: 82/A Hasköy,5
126,Cafe Setup,,Beyoğlu,İnebolu Sok. No:9/15,0
127,Pas Coffee House,,Beyoğlu,Boğaz Kesen Cad. No: 74/A,5
128,Latife Türk Kahvecisi,,Beyoğlu,Galip Dede Cad. No: 85,0
129,Kehribar Nargile,,Beyoğlu,Kemankeş Mah. Kılıçalipaşa Mescidi Sok. No:3 Tophane,3
130,Cafe Mia,,Beyoğlu,Sıraselviler Cad. Çukurluçeşme Sok. No: 5/A,5
131,Kadınlar Kahvesi,,Beyoğlu,Ayhan Işık Sok. No:19,0
132,"Cafe Benne, Çetinkaya Beyoğlu",,Beyoğlu,İstiklal Cad. No:293,0
133,Asmin Cafe,,Beyoğlu,Ayhan Işık Sok. No:15,0
134,Cafe Kino,,Beyoğlu,Sofyalı Sok. No:44/C,5
135,Pell's Good Coffee & Yummies,,Beyoğlu,Boğazkesen Cad. No: 68/A,0
136,Old Java Galata,,Beyoğlu,Tatar Beyi Sok. No: 8,4
137,Cantine Breakfast & Bistro,,Beyoğlu,Gazeteci Erol Dernek Sok. No: 19/A-B,5
138,Katmerler Nargile Salonu,,Beyoğlu,Kemankeş Mah. Amerikan Pazarı Sok. No: 3/E,0
139,Yunus Emre Çay Bahçesi,,Beyoğlu,Meşrutiyet Cad. (TRT Binası Önü),0
140,"Haylaz Lounge, Galata",,Beyoğlu,Yeni Galata Köprüsü Karaköy Ayağı Haliç Tarafı No:10 Karaköy,5
141,"Kahve Dünyası, Kabataş",,Beyoğlu,Meclis-i Mebusan Cad. Tütün Hanı No:167,3
142,Cafe Milano,,Beyoğlu,Amerikan Pazarı Sok. No: 5/H,0
143,Nakka,,Beyoğlu,Galip Dede Cad. Tımarcı Sok. No: 4,0
144,Gündoğdu Cafe,,Beyoğlu,Galata Kulesi Sok. No:1/A (Galata Kulesi Yanı),0
145,Komün,,Beyoğlu,İlk Belediye Cad. No:7/A Tünel,0
146,Mellow,,Beyoğlu,Akarsu Yokuşu No: 30/B,0
147,"Leman Kültür, Beyoğlu",,Beyoğlu,İstiklal Cad. İmam Adnan Sok. No: 14,5
148,Olimpia Patisserie,,Beyoğlu,Sıraselviler Cad. No:69 Taksim,5
149,Çaylak Cafe,,Beyoğlu,Ağahamamı Sok. No: 24/A,0
150,Galata Life Restaurant,,Beyoğlu,Galipdede Cad. No: 75,5
151,Magic House Cafe & Bar,,Beyoğlu,Cezayir Sok. No:1-3-4,4
152,Kiva Cafe,,Beyoğlu,Katip Çelebi Mah. Küçükparmakkapı Sok. No:17,5
153,"Chocolate Shop, The Marmara Taksim",,Beyoğlu,Gümüşsuyu Mah. Taksim Meydanı No:7,5
154,Fermentasyon Cafe - Face Cafe,,Beyoğlu,Katip Çelebi Mah. İstiklal Cad. Küçükparmakkapı Sok. No: 6,0
155,Beyoğlu Cafe,,Beyoğlu,İstiklal Cad. Mis Sok. No:8,1
156,Pia Cafe,,Beyoğlu,İstiklal Cad. Bekar Sok. No:6,5
157,"The Coffee Company, Elite Hotel",,Beyoğlu,Şehit Muhtar Cad. No:42 Taksim,5
158,Şahkulu Kahvecisi,,Beyoğlu,Tımarcı Sok. No: 5/A 34421 Galata,5
159,Çaykana,,Beyoğlu,İstiklal Cad. Yeniçarşı Cad. No: 26,0
160,Palyaço Cafe,,Beyoğlu,İstiklal Cad. İmam Adnan Sok. No:22,4
161,Unicorn Food & Cafe,,Beyoğlu,Ağa Hamam Sok. No: 29/A,0
162,Savoy Pasta Evi,,Beyoğlu,Sıraselviler Cad. No:181/183A Cihangir,5
163,Asmin Cafe,,Beyoğlu,Nane Sok. No:2-24,5
164,"Kahve Dünyası, Şişhane",,Beyoğlu,Şahkulu Mah. Meşrutiyet Cad. No:127 Beyoğlu Belediyesi Gençlik Merkezi,0
165,Meyra Cafe Restaurant & Bar,,Beyoğlu,Akarsu Yokuşu Cad. No:46,5
166,Cafe İkinci Kat,,Beyoğlu,Çukurçeşme Sok. No: 11/2,0
167,Roma Cafe,,Beyoğlu,Kemankeş Mah. Amerikan Pazarı Sok. No: 7/D,0
168,"Dilek Pastanesi, Beyoğlu",,Beyoğlu,İstiklal Cad. No:341,5
169,Mentha Cafe,,Beyoğlu,İstiklal Cad. No:165 (Mısır Apt. Yanı),5
170,Omayra Cafe,,Beyoğlu,Asmalı Mescit Mah. İstiklal Cad. Aznavur Pasaj No:108 K:3 Taksim,5
171,Cafe Peri Petie,,Beyoğlu,İstiklal Cad. Bekar Sk. No:18,0
172,Haco Pulo Cafe,,Beyoğlu,İstiklal Cad. No:222 Dük:42,5
173,Cafe De Pera,,Beyoğlu,Bülbül Mah. Hava Hoş Sok. No:17/2 Taksim,5
174,Ozo Coffee House,,Beyoğlu,Defterdar Yokuşu No: 1/A,0
175,"Patisserie De Pera, Pera Palace Hotel",,Beyoğlu,Meşrutiyet Cad. No:52 Tepebaşı,0
176,La Viola Cafe,,Beyoğlu,Gazeteci Erol Demek Sok. No: 2,0
177,Kagi Cafe,,Beyoğlu,İstiklal Cad. No.82/C (Galatasaray Lisesi Karşısı),4
178,"Bambi Cafe, Taksim Merkez",,Beyoğlu,Sıraselviler Cad. No: 2,4
179,Demir Cafe,,Beyoğlu,İstiklal Cad. Mis Sok. No: 16/A,0
180,Cafe Kazancı,,Beyoğlu,Kazancı Yokuşu No: 43,0
181,Sugar Club Cafe,,Beyoğlu,İstiklal Cad. Saka Salim Çıkmazı No:7,3
182,Cuppa Cafe,,Beyoğlu,Yeni Yuva Sok. No:26/5 Cihangir,5
183,Cha'ya Galata,,Beyoğlu,Şah Kulu Bostan Sok. No:22/A,5
184,Erciyes Kitap Evi ve Cafe,,Beyoğlu,Sıraselviler Cad. Şen Apt. No:32/2,0
185,Orta Cafe & Bar,,Beyoğlu,Sofyalı Sok. No:14,0
186,Şiirci Cafe,,Beyoğlu,İstiklal Cad. Süslü Saksı Sok. No:18,5
187,Heirloom İstanbul,,Beyoğlu,Güllabici Sok. No: 15,5
188,Cafe Om,,Beyoğlu,Katip Çelebi Mah. İpek Sok. No:15 Taksim,5
189,"Delicatessen İstanbul, Pera",,Beyoğlu,Oteller Sok. No: 10/B,5
190,Servet Baba Çay Bahçesi,,Beyoğlu,Fındınklı Parkı İçi,5
191,Cafe 8,,Beyoğlu,Firuzağa Mah. Cezayir Çıkmazı No:8 Galatasaray,5
192,Cafe Peri Petiee,,Beyoğlu,İstiklal Cad. Küçükparmakkapı Sok. No:34 Beyoğlu,5
193,Fincan Cafe,,Beyoğlu,Sıraselviler Cad. Bakraç Sok. N:20/4 Cihangir,5
194,"Hamurabi Börek, Beyoğlu",,Beyoğlu,Sahne Sok. No:5,5
195,Cafe Frappe,,Beyoğlu,İstiklal Cad. Bekar Sok. No:21 Taksim,5
196,Bir Kahve,,Beyoğlu,Mis Sok. No:6,5
197,"Gloria Jean's Coffees, Beyoğlu",,Beyoğlu,İstiklal Cad. No:280,5
198,Balans Brau Music and Performance Hall,,Beyoğlu,İstiklal Cad. Balo Sok. No:22,5
199,Cafe De Lafee,,Beyoğlu,Cezayir Sok. (Fransız Sok.) No:17 Galatasaray,4
200,1901 Cafe & Bistro,,Beyoğlu,Turnacıbaşı Cad. No:1,5
201,"Central Cafe, The Central Palace",,Beyoğlu,Talimhane Mah. Lamartin Cad. No: 18,0
202,Simitçi Dünyası,,Beyoğlu,Katip Çelebi Mah. İstiklal Cad. No:71,5
203,Fashion Project & Salon Cafe,,Beyoğlu,Katip Çelebi Mah. Sıraselviler Cad. No: 76/A Cihangir,5
204,Depo Dans Cafe,,Beyoğlu,Yeni Yuva Sok. No: 18/B,5
205,Kaçak Çay Cafe,,Beyoğlu,Mis Sok. No:12,5
206,"My Chef Uniform, Beyoğlu",,Beyoğlu,Bahriye Cad. No:85 Kasımpaşa,5
207,Festiva The Sports Cafe Restaurant,,Beyoğlu,İstiklal Cad. Ayhan Işık Sok. No:8 Taksim,5
208,Tezgah Cafe,,Beyoğlu,Yeni Çarşı Cad. 22/A,4
209,Toscana Cafe & Lounge,,Beyoğlu,İstiklal Cad. Gönül Sok. No:2 Tünel,5
210,Şal Cafe,,Beyoğlu,Katip Çelebi Mah. Büyük Parmakkapı Sok. No:18/A,5
211,Ora Cafe,,Beyoğlu,İmam Adnan Sok No:9,5
212,La Cantine,,Beyoğlu,İstiklal Cad. No:186 Tünel,5
213,Cafe Culina,,Beyoğlu,İstiklal Cad. Akarsu Sok. No:2/B,5
214,Naregatsi,,Beyoğlu,İstiklal Cad. Sakızağacı Cad. No:3/1,5
215,"Vanilla Cafe, Beyoğlu",,Beyoğlu,İstiklal Cad. No:179 (Alkazar Sineması Girişi),5
216,"Roof Terrasse, Galata Antique Hotel",,Beyoğlu,Meşrutiyet Cad. No:119 (Giriş Katı),5
217,Vaha Cafe,,Beyoğlu,İstiklal Cad. Balıkpazarı Sahne Sok. Ali Han K:7 Galatasaray,5
218,Jübile Coffee House,,Beyoğlu,İstiklal Cad. No: 88 Kat:5,0
219,Miss Dimi,,Beyoğlu,Necatibey Cad. No:110 Tophane (Alpet Benzin istasyonu yanı),4
220,Purple Cafe & Bar,,Beyoğlu,İstiklal Cad. Mis Sok. No:16/B,4
221,Müşkül Cafe,,Beyoğlu,İstiklal Cad. Mis Sok. No:1-21,0
222,Asmaaltı Cafe Bar,,Beyoğlu,Kalyoncukulluğu Cad. No:37/1,4
223,Ufak Tefek Şeyler & Cafe,,Beyoğlu,Turnacıbaşı Cad. No: 44/B,0
224,Yeşilçam Cafe,,Beyoğlu,İstiklal Cad. Gazeteci Erol Dernek Sk.No:6,4
225,Enginar,,Beyoğlu,Şah Kapı Sok. No: 4/A Galata,4
226,Jazz Cafe,,Beyoğlu,İstiklal Cad. Hasnun Galip Sok. No:20,4
227,Bunk Cafe,,Beyoğlu,Abdullah Sok. No: 16,0
228,"Nano Cafe, Karaköy",,Beyoğlu,Serçe Çıkmazı No: 2,4
229,1 Kahve Cihangir,,Beyoğlu,Bakraç Sok. No: 19/1B,4
230,Kalimera Cihangir,,Beyoğlu,Akyol Cad. Başkurt Sok. No: 84,0
231,Ada Cafe,,Beyoğlu,İstiklal Cad.No:158-A,0
232,"Ot Cafe, Galata",,Beyoğlu,Banker Sok. No: 6/A-B,4
233,Cafe Symrna,,Beyoğlu,Akarsu Yokuşu,4
234,"Midtown Cafe, Midtown Hotel",,Beyoğlu,Talimhane Mah. Lamartin Cad. No: 13,4
235,Cafe 5 Kuruş,,Beyoğlu,Katip Çelebi Mah. Büyük Parmakkapı Sok.,4
236,Andon Cafe & Bar,,Beyoğlu,Sıraselviler Cad. No:51 Taksim,4
237,Fermantasyon Cafe,,Beyoğlu,İstiklal Cad. Mis Sok. No:3,4
238,Cafe Benderli,,Beyoğlu,Pürtelaş Mah. Akyol Sok. No.29/A Cihangir,4
239,Nev-i Cafe,,Beyoğlu,Balıkpazarı Kameriye Sok. No:9,4
240,Chill Out Cafe & Hostel,,Beyoğlu,Balyoz Sok. No:17-19,3
241,Parole,,Beyoğlu,İstiklal Cad. No: 166/C,4
242,Vazgal Cafe,,Beyoğlu,Atıf Yılmaz Cad. No:15,4
243,Cafe Symria,,Beyoğlu,Akarsu Sok. No:29,4
244,Photopark Cafe,,Beyoğlu,İstiklal Cad. Küçükparmakkapı Sok. No:9 K:3,4
245,Şara Cafe & Nargile,,Beyoğlu,Eski Çiçekçi Sok. No:2,0
246,İstavrit,,Beyoğlu,İstiklal Cad. No:237,4
247,Sanat Cafe,,Beyoğlu,İstiklal Cad. Kallavi Sok. No:4,3
248,Burç Lebon Cafe,,Beyoğlu,İstiklal Cad. No:231 Dük:A,4
249,"La Vie, Beyoğlu",,Beyoğlu,Cezayir Çıkmazı (Fransız Sokağı) No:9,4
250,Camden Town Cafe & Restaurant,,Beyoğlu,Meşrutiyet Cad. No:201-203 Tepebaşı,4
251,Nice İstanbul,,Beyoğlu,İstiklal Cad. İmam Adnan Sok. No:16,4
252,Feyruz Nargile Cafe,,Beyoğlu,Receppaşa Cad. No: 9/A,0
253,Kapriss Kafe,,Beyoğlu,; Ayhan Işık Sok. No:17,0
254,Boğaz Cafe,,Beyoğlu,Gümüşsuyu Mah. Taksim Gezi Park İçi Yolu,0
255,Murat Muhallebicisi,,Beyoğlu,Rıhtım Cad. No:41/A Karaköy,0
256,Ağa Bilardo Cafe,,Beyoğlu,Sıraselviler Cad. Taktaki Yokuşu No: 2/A,0
257,Rıhtım Cafe,,Beyoğlu,Rıhtım Cad. No: 83/A,0
258,Zeno Cafe,,Beyoğlu,Büyükparmakkapı Sok. No:5,0
259,"Cihangir Cafe, Restaurant",,Beyoğlu,Sıraselviler Cad. No:162/A,3
260,Ötekiler Kahvesi,,Beyoğlu,Ayhan Işık Sok. Alyon Geçiti,0
261,"Simit Sarayı, Taksim Anıt",,Beyoğlu,Cumhuriyet Cad. No:2-3-4 Taksim,0
262,Molly's Cafe,,Beyoğlu,Camekan Sok. No:10,0
263,Bodega Cafe,,Beyoğlu,İstiklal Cad. Mis Sok. No: 7/A Taksim,0
264,Derya Kafeterya,,Beyoğlu,Rıhtım Cad. No:21 Karaköy,0
265,Sıkı-Fıkı Cafe,,Beyoğlu,"Katip Çelebi Mah, İstiklal Cad, Bahçeli Hamam Sok, İkizdere Han, No 5,",0
266,Pepe Cafe & Cucina,,Beyoğlu,Tımarcı Sok. No:5/B,0
267,Arada Cafe,,Beyoğlu,Lüleci Hendek Cad. No: 23/A,1
268,Muizz Cafe & Bar,,Beyoğlu,Aydede Cad. No: 15,0
269,Taximum Cafe,,Beyoğlu,Yeni Çarşı Cad. No:10 Taksim,0
270,Cafe Maruta,,Beyoğlu,Kemankeş Karamustafapaşa Mah. Mumhane Cad. No: 39/B,0
271,Mini Coffee Shop,,Beyoğlu,Lülecihendek Cad. No: 49/C,0
272,Börek Center,,Beyoğlu,İstiklal Cad. No:167,0
273,"Orient Terrace, Pera Palace Hotel",,Beyoğlu,Meşrutiyet Cad. No:52 Tepebaşı,0
274,Monalisa Cafe,,Beyoğlu,İstiklal Cad. Rumeli Han A Blok No:48 K:1,0
275,Arca Cafe,,Beyoğlu,Ağa Camii Karşısı Sadri Alışık Sok. Gülümseyen Çıkmazı No:4 Taksim,1
276,Bambi Kokoreç,,Beyoğlu,Sıraselviler Cad. No: 2,0
277,Yaka Balık,,Beyoğlu,Yeni Galata Köprüsü Altı Eminönü Boğaz Tarafı No:6,0
278,Haspa Cafe & Bar,,Beyoğlu,Katip Çelebi Mah. Küçük Parmakkapı İpek Sok. No:18/2 Taksim,0
279,Azeyn Cafe,,Beyoğlu,İmam Adnan Sok.,2
280,Mume Cafe,,Beyoğlu,Gazeteci Erol Dernek Sok. No:8-12,0
281,Pen Cafe,,Beyoğlu,Hasnungalip sokak No:1 Kat:1,0
282,Localino,,Beyoğlu,İnönü Cad. No:41 A/1-A/2,0
283,NuBu Cafe,,Beyoğlu,Kumbaracı Yokuşu No: 6,0
284,Tünel Square,,Beyoğlu,İstiklal Cad. No:188 Tünel,0
285,A'pera Cafe & Brasserie,,Beyoğlu,Nergis Sok. No:8/1,0
286,La Minor Cafe Bar,,Beyoğlu,Cezayir Sok. No:7,0
287,Cerve Ceria Cafe,,Beyoğlu,Asmalımescit Mah. İstiklal Cad. Tütüncü Çıkmazı No:3 Galatasaray,0
288,Cafe Milano,,Beyoğlu,Kılıçali Paşa Mah. Tophane İskele Cad.,0
289,Pupa Restaurant Bar & Cafe,,Beyoğlu,İstiklal Cad. Bekar Sok.No:14/1,0
290,Sima Ev Yemekleri,,Beyoğlu,Prof. Dr. Tarık Zafer Tunaya Sok. No: 11/3,0
291,"Pera Museum Cafe, Pera Müzesi",,Beyoğlu,Meşrutiyet Cad. No:65,0
292,Roma Nargile Cafe,,Beyoğlu,Kılıçali Paşa Mah. Tophane İskele Cad. No:25 Tophane,0
293,Laterne,,Beyoğlu,Siraselviler Cad. Billurcu Sok.No:50,0
294,"Kafe Pi, Küçük Beyoğlu",,Beyoğlu,Yeşilçam Sok. No:14/A,0
295,Purple Wave Restaurant Cafe,,Beyoğlu,Ayhan Işık Sok. No:9/A,0
296,Eylül Türkü Evi,,Beyoğlu,Sadri Alışık Sok. No:16/20 Taksim,0
297,Cafe Refika,,Beyoğlu,Müeyyet Sok. No:11,0
298,Viva Cafe,,Beyoğlu,Küçükparmakkapı Sok. No:4 Dük:A,0
299,Uğrak Cafe,,Beyoğlu,Meclis-i Mebusan Cad. No: 10/B,0
300,Butik Nargile Cafe,,Beyoğlu,Teli Çıkmazı,0
301,Divers Cafe,,Beyoğlu,Şehit Muhtar Mah. Tarlabaşı Cad. Süslü Saksı Sok. No:25 Taksim,0
302,Pera Zade Cafe,,Beyoğlu,Sahne Sok. No:21,0
303,Cafe 17 Jasmin Highheel,,Beyoğlu,Sıraselviler Cad. Hocazede Sok. No:17/A Taksim (Alman Hastanesi Karşısı),0
304,Ayluga Cafe,,Beyoğlu,Billurcu Sok. No: 8,0
305,Cafe Point,,Beyoğlu,İstiklal Cad. Bahçeli Hamam Sok. No: 7,0
306,Blogger's Base,,Beyoğlu,Dibek Sok. No. 17 Giriş Katı Galata,0
307,Lala Cafe & Bar,,Beyoğlu,Asmalı Mescid Mah. Sofyalı Sok. No:18/A İstiklal,0
308,Kulis Cafe,,Beyoğlu,Ensiz Sok. No:2 Tünel Asmalımescit,0
309,Babel Restaurant & Ocakbaşı,,Beyoğlu,İstiklal Cad. İmam Adnan Sok. No: 16,0
310,Balya Organik Health Food Store,,Beyoğlu,Defterdar Yokuşu Batarya Sok. No: 16/A,0
311,Blues Live Cafe Pub,,Beyoğlu,İstiklal Cad. Öğüt Sok. No:4,0
312,Mesta Cafe Cihangir,,Beyoğlu,Akarsu Cad. Anahtar Sok. No:3/A Cihangir,0
313,Lattas Coffee,,Beyoğlu,Serdar-ı Ekrem Cad. No: 29 Galata,0
314,Pinokyo Cafe & Bar,,Beyoğlu,İstiklal Cad. Büyükparmakkapı Sok. No:26 Kat:1,0
315,Otantik Büfe & Cafe,,Beyoğlu,Camekan Sok. No:4/A,0
316,Evim Nargile & Cafe,,Beyoğlu,"Kemankeş Mah, Amerikan Pazarı Sok, No 7,",0
317,Etap Cafe,,Beyoğlu,İstiklal Cad. Büyük Parmak Kapı Sok. No:24/A,0
318,Cafe Peanut,,Beyoğlu,İstiklal Cad. Büyük Parmakkapı Sok. Özgayret Apt. No:1 K:6,0
319,The Secret Garden Cafe,,Beyoğlu,Boğazkesen Cad. No:65 Tophane,0
320,Gizz's Chocolate,,Beyoğlu,Katip Çelebi Mah. Sıraselviler Cad. Soğancı Sok. No: 8/A,0
321,Uptown İstiklal Restaurant,,Beyoğlu,İstiklal Cad. Demirören AVM No: 50-54,0
322,The Cream,,Beyoğlu,İnönü Cad. Saadet Apt. 29/A,0
323,Populus Cafe,,Beyoğlu,Kıblelizade Sok. No: 14/A Tünel,0
324,2/1a,,Beyoğlu,Akarsu Sok. No:2/1a,0
325,Fudu,,Beyoğlu,Kıblelizade Sok. No: 14/A Şişhane,0
326,Balcon Cafe,,Beyoğlu,Cezayir Çıkmazı No:8 Galatasaray,0
327,Fatihan Cafe,,Beyoğlu,Kemeraltı Cad. No:11,0
328,Mor Cafe & Restaurant,,Beyoğlu,Şehit Muhtar Mah. Lamartin Cad. No:11/4 Taksim,0
329,Chili Cafe,,Beyoğlu,İstiklal Cad. Rumeli Han C Blok No:88/14,0
330,Tav Cafe & Bar,,Beyoğlu,İstaikla Cad. Bekar Sok. No:14/2,0
331,Alles Coffee & Shop,,Beyoğlu,Necatibey Cad. Arapoğlan Sok. Serçe Çıkmazı No: 4,0
332,"Cafe Marmara, The Marmara Pera",,Beyoğlu,Meşrutiyet Cad. Tepebaşı,0
333,Anne's Cafe,,Beyoğlu,Cihangir Yokuşu Samanyolu Sok. No:9/A Cihangir,0
334,Paradiso,,Beyoğlu,İstiklal Cad. Ayhan Işık Sok. Deniz Apt. No:11/1 Kuloğlu,0
335,"Suadiye Marmaris, Karaköy",,Beyoğlu,Keman Keş Cad. No: 4/4A,0
336,Şevin Cafe,,Beyoğlu,Taksim Kuyu Sok. No: 16/A,0
337,Şahmaran Cafe,,Beyoğlu,Sadri Alışık Sok. No: 24/1,0
338,Sanat Bahçe & Teras,,Beyoğlu,Nevizade Sok. No:11,0
339,Alyon Cafe,,Beyoğlu,Çukurlu Çeşme Sok. No: 2/A Taksim,0
340,"Pinkberry, Demirören İstiklal Avm",,Beyoğlu,İstiklal Cad. No: 54,0
341,Cafe Aperatif,,Beyoğlu,Kocatepe Mah. Lamartin Cad. No:46/B Taksim,0
342,Eylül Cafe & Restaurant,,Beyoğlu,Şehit Muhtar Cad. No:14 Taksim,0
343,Cafe Mola,,Beyoğlu,Balo Sok. No: 15,0
344,Ağaç Ev Cafe,,Beyoğlu,Katip Mustafa Çelebi Mah. İpek Sok. No:21 Taksim,0
345,Baja Tex Mex,,Beyoğlu,Ağa Hamam Sok. No:28,0
346,Zerdeşt Cafe,,Beyoğlu,İstiklal Cad. İmam Adnan Sok. No:5/3,0
347,Özgün Türkü Evi,,Beyoğlu,Fatih Sultan Cad.,0
348,"Cafe De Galata, Galata Apart Hotel",,Beyoğlu,Kuledibi Camekan Sok. No:7 (Galata Kulesi Yanı),0
349,Megavizyon Cafe,,Beyoğlu,Katip Çelebi Mah. İstiklal Cad. No:79-81,0
350,Taksim Balık Restaurant,,Beyoğlu,Aydede Cad. No:4/1 (Havaş Karşısı) Taksim,0
351,35mm Cafe & Sandwich House,,Beyoğlu,İstiklal Cad. No:24-26 Taksim,0
352,"Cafe A. Mille, Fransız Sokağı",,Beyoğlu,Firuzağa Mah. Cezayir Çıkmazı Sok. Zeki Paşa Apt. No:4/6-2 Galatasaray,0
353,Urbanitas Cafe & Bookstore,,Beyoğlu,İnönü Cad. No:17 Gümüşsuyu,0
354,Caminito Tango Cafe,,Beyoğlu,Atif Yılmaz Sok. No:9 Kat:3 Yoğurtçu İş Merkezi,0
355,Botanik Teras Cafe,,Beyoğlu,İstiklal Cad. Vakıf Gökçek Hanı (Benetton Binası) No:36 Kat:3,0
356,Uçanev Cafe,,Beyoğlu,Şht. Muhtar Mah. İstiklal Cad. İmam Adnan Sok. No:14 K:4 Taksim,0
357,Depo,,Beyoğlu,İstiklal Cad. Kartal Sok. No:5/2-3,0
358,Elvan Pasta & Cafe,,Beyoğlu,Firuzağa Camii Sok. No: 2A,0
359,"Kafepi Group, Merkez",,Beyoğlu,İstiklal Cad. No:163 Mısır Apt.2/7-8,0
360,İvy Cafe,,Beyoğlu,Katip Çelebi Mah Tel Sok. No:8 Kat:2,0
361,"The House, Atelier",,Beyoğlu,İstiklal Cad. Mısır Apt. No:23,0
362,Cihangir Kahvehanesi,,Beyoğlu,Defterdar Yokuşu,0
363,Atölye Kuledibi,,Beyoğlu,Galata Kulesi Sok. No: 4/1,0
364,Hollywood Cafe,,Beyoğlu,İstiklal Cad. Anzavur Pasajı No:212 K:6 Taksim,0
365,İstanbul Karaoke,,Beyoğlu,Ayhan Işık Sok. No: 5 K: 2,0
366,T-Square,,Beyoğlu,Sıraselviler Cad. No:67/1 Taksim,0
367,Park Patisserie & Lounge,,Beyoğlu,İnönü Cad. No: 8,0
368,Cafe Jolie,,Beyoğlu,Topçu Cad. No: 2,0
369,Villa Pasta Cafe,,Beyoğlu,Fatih Sultan Mehmet Cad. No: 112/C,0
370,Porof Zihni Sinir,,Beyoğlu,Ağahamamı Sok. No: 13,0
371,Personel Cafe,,Beyoğlu,Sadri Alışık Sok. No: 21/B,0
372,Marine Cafe,,Beyoğlu,Sadri Alışık Sok. No: 44/A,0
373,Villa Special Cafe,,Beyoğlu,Fatih Sultan Cad. Osmanoğlu Sok. No: 11/A,0
374,İkbal Kahvesi,,Beyoğlu,Akarsu Cad. No: 32,0
375,Avesta Cafe,,Beyoğlu,Büyük Parmakkapı Sok. No: 19/B,0
376,Kabataş Aile Çay Bahçesi,,Beyoğlu,Kabataş İskelesi,0
377,Cafe Boheme - Chambers Of The Boheme,,Beyoğlu,Küçük Parmakkapı Sok. No: 11,0
378,Anatolia Cafe & Nargile,,Beyoğlu,Yuva Sok. No: 6,0
379,Simit Cafe,,Beyoğlu,Tunel Meydan No: 1/A,0
380,Cafe Des Femmes,,Beyoğlu,İstiklal Cad. Ayhan Işık Sok. No: 219-21,0
381,Mavi Cafe,,Beyoğlu,Fuat Uzunay Sok. No: 1,0
382,Sütlü Ka've,,Beyoğlu,Katip Çelebi Mah. İstiklal Cad. Büyükparmakkapı Sok. No: 17/A,0
383,Melza's Cafe,,Beyoğlu,Turnacıbaşı Cad. No: 18/A,0
384,Coffee & Jazz House,,Beyoğlu,Kumbaracı Yokuşu No: 52/A,0
385,Ünal Büfe Kafeterya,,Beyoğlu,Boğazkesen Cad. No: 79/A,0
386,Köşebaşı Nargile Cafe,,Beyoğlu,Amerikan Pazarı No: 25,0
387,Dar'inn Restaurant,,Beyoğlu,Meşrutiyet Cad. No: 108,0
388,Tarihi Osmanlı Nargile,,Beyoğlu,Kemankeş Mah. Amerikan Pazarı Sok.,0
389,Cine Tele Cafe,,Beyoğlu,Yeniçarşı Cad. No: 24,0
390,Pasha Nargile,,Beyoğlu,İstiklal Cad. Zambak Sok. No: 3/A,0
391,Enginar Cafe Restaurant,,Beyoğlu,Meclis-i Mebusan Cad. No: 79/B,0
392,Cafe Vazgal,,Beyoğlu,Atıf Yılmaz Cad. No: 15,0
393,Chaplin Cafe,,Beyoğlu,İstiklal Cad. İpek Sok. No: 16 K: 3 D: 5,0
394,The Beatles Cafe,,Beyoğlu,Atıf Yılmaz Cad. No: 15/B,0
395,"Pakette, Cihangir",,Beyoğlu,Cihangir Cad. Akyol Sok. No: 1/A,0
396,Teneke Bar Cafe,,Beyoğlu,Ayhan Işık Sok. No: 5,0
397,Munzur Cafe Bar,,Beyoğlu,Hasnun Galip Sok. No: 17/A,0
398,Saray Cafe Börek,,Beyoğlu,Tarlabaşı Bul. No: 94/1,0
399,Cafe in Taksim,,Beyoğlu,Lamartin Cad. No: 46/A,0
400,Antre Gourmet,,Beyoğlu,Bakraç Sok. No:14 B-C Cihangir,0
401,"Panino Express, Cihangir",,Beyoğlu,Mebusan Yokuşu Sok. No: 12,0
402,Gri Kafe Lokanta,,Beyoğlu,Katip Mustafa Çelebi Billurcu Sok. No: 13/A,0
403,Caka,,Beyoğlu,Kumbaracı Yokuşu No: 57/A,0
404,Cafe Boulevard,,Beyoğlu,İstiklal Cad. Hengeçidi Sok. No: 116/3A,0
405,Üzüm Cafe,,Beyoğlu,Şehit Muhtar Bey Cad. No: 26/A,0
406,Cafe Gündoğdu,,Beyoğlu,Büyükhendek Cad. No: 1 Galata,0
407,"Seferi Cafe, Kabataş Vapur İskelesi",,Beyoğlu,Meclis-i Mebusan Cad.,0
408,Antrakt Cafe,,Beyoğlu,Küçükparmakkapı Sok. No: 9/A,0
409,Sultan Cafe,,Beyoğlu,Lüleci Hendek Cad. No: 38,0
410,Bonne Chance Cafe,,Beyoğlu,Cezayir Sok No: 2/A,0
411,Sokak Kahvesi,,Beyoğlu,Erkan-ı Harp Sok. No: 3,0
412,"Lobby, Intercontinental Istanbul",,Beyoğlu,İnönü Mah. Asker Ocağı Cad. No: 1,0
413,Dem'lik Cafe,,Beyoğlu,Defterdar Yokuşu No: 41/A,0
414,Pique Dame,,Beyoğlu,Kıblelizade Sok. No: 31/A Tünel,0
415,Cafe Keyif Teras Pub,,Beyoğlu,Zambak Sok. No: 8,0
416,Müptela Cafe,,Beyoğlu,Katip Çelebi Mah. İstiklal Cad. Sadri Alışık Sok. No: 14,0
417,Noble House Galata Restaurant,,Beyoğlu,Kadri Bey Çıkmazı No: 1,0
418,Cafe 1453,,Beyoğlu,"İstiklal Cad. Hazzo Pulo Pasajı, No: 116/2E",0
419,Cafe Scoop,,Beyoğlu,Galip Dede Cad. Tımarcı Sok. No :3/A,0
420,Arjin Cafe,,Beyoğlu,Tel Sok. No :28/1-2,0
421,Leylak Cafe Sanatevi,,Beyoğlu,İstiklal Cad. Küçükparmakkapı Sok. No :15/3,0
422,İstanbul Kitchen's Academy,,Beyoğlu,Boğazkesen Cad. No :41,0
423,Cafe Galata,,Beyoğlu,Kule Çıkmazı No:11/A,0
424,Talimhane Kahvesi,,Beyoğlu,Şehit Muhtar Bey Cad. No :36/A,0
425,Tuğra Nargile Cafe,,Beyoğlu,Kemankeş Mah. Amerikan Pazarı Sok. No:3/B,0
426,Green Port Cafe,,Beyoğlu,Mumhane Cad. No:30,0
427,Cuento Cafe,,Beyoğlu,"Cuento Hotel, Talimhane Mah, Lamartin Cad, No 42,",0
428,Escafe Fal Evi,,Beyoğlu,"Katip Çelebi Mah, İstiklal Cad, Bahçeli Hamam Sok, No 75,",0
429,Fındıklı Çay Evi,,Beyoğlu,"Ömer Avni Mah, Meclis-i Mebusan Cad, No 21,",0
430,Uykusuzzz,,Beyoğlu,"Katip Çelebi Mah, İstiklal Cad, Küçükparmakkapı Sok, No 15,",0
431,Cafe Keyf,,Beyoğlu,"Şehit Muhtar Mah, İstiklal Cad, Zambak Sok, No 10,",0
432,Village Cafe,,Beyoğlu,Kemeraltı Cad. No: 31/A,0
433,Taksim Cocorico,,Beyoğlu,Sadri Alışık Sok. No: 36/A,0
434,Eytusi Cafe,,Beyoğlu,Feridiye Cad. No:12,0
435,Laleş Cafe,,Beyoğlu,İstiklal Cad. Tel Sok. No:8 K:2,0
436,Olivya Cafe,,Beyoğlu,İstiklal Cad. Olivya Geçidi Sok. No:7/A,0
437,Antre Cafe,,Beyoğlu,Katip Çelebi Mah. Hasnun Galip Sok. No:24/A,0
438,"Cafe Jardin, Cvk Hotels & Resorts Park Bosphorus",,Beyoğlu,Gümüşsuyu Mah. İnönü Cad. No:8 Taksim,0
439,"Titanic Coffee, Titanic City Hotel",,Beyoğlu,Talimhane Mah. Lamartin Cad. No:47,0
440,Yeşil Direk Cafe,,Beyoğlu,Talimhane Mah. Aydede Cad. No 14,0
441,Gala Life,,Beyoğlu,Galata Köprüsü Altı Karaköy Haliç Tarafı No:2,0
442,"Via Vai Cafe, Sub Hotel",,Beyoğlu,Necatibey Cad. No:91 Karaköy,0
443,"Palm Court, Ceylan Intercontinental",,Beyoğlu,Asker Ocağı Cad. No:1,0
444,Kafe 26A,,Beyoğlu,Katip Çelebi Mah. Tel Sok. No:26/A,0
445,Sofyalı Sokağı,,Beyoğlu,Sofyalı Sok. No:12-18,0
446,Pinty Cafe Bar,,Beyoğlu,Asmalımesict Mah. Kallavi Sok. No:8/A,0
447,Cafe Pause,,Beyoğlu,Meclis-i Mebusan Cad. No:97/A,0
448,Yeni Opera Cafe,,Beyoğlu,İnönü Cad. No:55/A Taksim,0
449,"Lush Brasserie, Lush Hotel",,Beyoğlu,Kocatepe Mah. Sıraselviler Cad. No:12 Taksim,0
450,Julis Pizzeria,,Beyoğlu,Sıraselviler Cad. Havyar Sok. No:34/A,0
451,İskele Kafeterya,,Beyoğlu,Kemankeş Mah. Rıhtım Cad. No:19 Karaköy,0
452,Cafe Feride,,Beyoğlu,Meclisi Mebusan Yokuşu No:17/B Fındıklı,0
453,Fesleğen,,Beyoğlu,İstiklal Cad. Suriye Pasajı No:348 Tünel,0
454,500t Cafe,,Beyoğlu,Katip Çelebi Mah. Tel Sok. No:8 K:2,0
455,"Kubbeli Saloon Tea Lounge, Pera Palace Hotel",,Beyoğlu,Meşrutiyet Cad. No:52 Tepebaşı,0
456,Zeynep Cafe,,Beyoğlu,K.Karamustafapaşa Mah. Mumhane Cad. No:35 Daire:A,0
457,Sota Mekan,,Beyoğlu,Altıpatlar Sok. Çubukçu Çık. No:3A Cihangir,0
458,Box Music & Food,,Beyoğlu,İsitklal Cad. Zambak Sok. No:9,0
459,Kemer Kafeterya,,Beyoğlu,Bankalar Cad. Yanıkkapı Sok. No:40,0
460,Pazar Cafe,,Beyoğlu,Denizciler Sok. No:4,0
461,Kurdoğlu Cafe,,Beyoğlu,Meclis-i Mebusan Cad.,0
462,Saydam Cafe,,Beyoğlu,Sofyalı Sok. No:2,0
463,Simit Evi,,Beyoğlu,Halas Sok. No:27,0
464,Monaco Cafe,,Beyoğlu,Kemankeş Cad. Zihni Han No:28,0
465,Cafe Guitar,,Beyoğlu,Ayhan Işık Sok. No: 11/2 Beyoğlu,0
466,Don Kişot Cafe,,Beyoğlu,İstiklal Cad. İmam Adnan Sok. No:23,0
467,Cafe Gatt's,,Beyoğlu,Bekar Sok. No:21,0
468,Zincirlikuyu Cafe,,Beyoğlu,Zincirlikuyu Cad. No:87 Kasımpasa,0
469,Çilek Cafe Pub,,Beyoğlu,Balo Sok. No:20 K:3,0
470,Cafe Guitar,,Beyoğlu,Ayhan Işık Sok. No:11/2,0
471,Cafe Tango,,Beyoğlu,İstiklal Cad. Abdullah Sok. No:15/A,0
472,Süslü Saksı,,Beyoğlu,Süslü Saksı Sok. No: 24 Kat:2,0
473,Cafe Alkazar,,Beyoğlu,İstiklal Cad. No:179,0
474,Cafe Tantuni,,Beyoğlu,Bekar Sok. No:28,0
475,Kaffe Haus Cafe,,Beyoğlu,General Yazgan Sok No:4,0
476,Shehla Cafe,,Beyoğlu,Ağa Camii Sakızağacı Cad. Öğüt Sok. No:20/1,0
477,Ufuk Börek,,Beyoğlu,Kuzey Sok No:92,0
478,Park Cafe,,Beyoğlu,Dünya Sağlık Sok. No:1,0
479,"Çağdaş Börek, Taksim",,Beyoğlu,Tarlabaşı Bul. No: 20/A,0
480,Bulutlar Cafe,,Beyoğlu,Cami-i Kebir Mah. Kasımpaşa Tabakhane Cad.,0
481,Cafe Vena,,Beyoğlu,Hocazade Sok. No:3 Sıraselviler Taksim,0
482,Cafe Artist,,Beyoğlu,Firuzağa Mah. Cezayir Çıkmazı Sok. Zekipaşa Apt. No:4 Galatasaray,0
483,Dilim Cafe,,Beyoğlu,İstiklal Cad. No:435 Taksim,0
484,Cafe Piya Kelaynak,,Beyoğlu,Büyükparmakkapı Sok. No: 7 Taksim,0
485,Cafe Lotus,,Beyoğlu,Asmalımescid Mah. Şehbender Sok. No:18,0
486,Eddie`s,,Beyoğlu,Meşrutiyet Cad. No:163,0
487,Cinema Cafe Bar,,Beyoğlu,Küçükparmakkapı Sok. No:19,0
488,Cafe Park,,Beyoğlu,Meşrutiyet Cad. No:149 Tepebaşı-Taksim,0
489,Cafe Lay,,Beyoğlu,Jurnal Sok. No:6 Tünel,0
490,Felix,,Beyoğlu,İmam Adnan Sok. No:14/1 Beyoğlu,0
491,Cafe Miro`s,,Beyoğlu,Firuzağa Mah. Cezayir Sok. No:5 (1.2.3. Katlar) Galatasaray,0
492,Cafe Hane,,Beyoğlu,Sıraselviler Cad. No:96,0
493,Ardıç Cafe,,Beyoğlu,İstiklal Cad. Bekar Sokak. No:28/A,0
494,Pieta Fratelli,,Beyoğlu,İstiklal Cad. No:425 Taksim,0
495,Le Secret,,Beyoğlu,İstiklal Cad. Büyükparmakkapı Sok. No:25 Taksim,0
496,Alternatip Cafe,,Beyoğlu,"Taksim Karakol Sokağı'nın Karşısı, Tel Sok.",0
497,Bella,,Beyoğlu,Rumeli Cad. No:53/A Nişantaşı,0
498,Tierra Music Club,,Beyoğlu,İstiklal Cad. Bekar Sok. No:14 Taksim,0
499,İnci Fal Evi,,Beyoğlu,İmam Adnan Sok. No:4/4,0
500,Pita Khubiz Cafe,,Beyoğlu,İstiklal Cad. Meşelik Sok. No:5/B,0
501,Nina Cafe Bar,,Beyoğlu,İstiklal Cad. No:114/3,0
502,Cafe 27,,Beyoğlu,Katip Çelebi Mah. İpek Sok. No:17,0
