,0,1,2,3,4
0,Koru İstanbul Kuruçeşme,,Beşiktaş,Muallim Naci Cad. No: 89/1,4
1,Fanfan Express,,Beşiktaş,Nispetiye Cad. Başa Sk. No:3 Etiler,5
2,Köşk Burger & Steak House,,Beşiktaş,Çamlık Cad. Hanımeli Sok. No: 5,0
3,Kuruçeşme Kahvesi,,Beşiktaş,Muallim Naci Cad. No:105-105/B,4
4,"Kırıntı, Bebek",,Beşiktaş,Cevdet Paşa Cad. No: 35,4
5,"Aşşk Kahve, Kuruçeşme",,Beşiktaş,Muallim Naci Cad. No: 64,4
6,Beer Point,,Beşiktaş,Çırağan Cad. Yalı Sok. No:3,2
7,"The House Cafe, Ortaköy",,Beşiktaş,Salhane Sok. No: 1,5
8,Beltaş Cafe,,Beşiktaş,Mecidiye Köprüsü Sok. No:1 Ortaköy,4
9,Ulus Cafe,,Beşiktaş,Ahmet Adnan Saygun Cad. Ulus Parkı,5
10,On Numara Cafe,,Beşiktaş,Bayıldım Cad. Maçka Demokrasi Parkı No: 4 - 5 - 6,0
11,Elma Cafe & Pub,,Beşiktaş,Köyiçi Cad. Leşker Sok. No: 1,4
12,Hakan Pastanesi,,Beşiktaş,Barbaros Bul. No:1,4
13,Destan Cafe,,Beşiktaş,Ortaköy Değirmenci Sok.,4
14,"Mado, Etiler",,Beşiktaş,Nispetiye Cad. No:24 Etiler,5
15,Tıkıntı Cafe,,Beşiktaş,Barbaros Bul. Cad. Mazharpaşa Sok. No:4/A,4
16,Okkalı Kahve,,Beşiktaş,Ihlamurdere Cad. Yeni Hamam Sok. No: 3,5
17,"KafePi, Ortaköy",,Beşiktaş,Osmanzade Sok. No: 16,0
18,"Cookshop, Ulus",,Beşiktaş,Adnan Saygun Cad. Akmerkez Ulus kapısı karşısı,4
19,"Le Pain Quotidien, Kanyon Avm",,Beşiktaş,Büyükdere Cad. No: 185 Levent,4
20,Deep Store Cafe,,Beşiktaş,Çelebi Oğlu Sok. No:19,0
21,Cafe Faruk Kahvaltı,,Beşiktaş,Şair Veysi Sok. No: 4/E,2
22,Bebek Kahve,,Beşiktaş,Cevdet Paşa Cad. No:18 Bebek,4
23,"Kahve Dünyası, Merkez",,Beşiktaş,Ömer Avni Mah. İnebolu Sok. Ekemen Hanı No:1 Zemin Kat,5
24,Cafe Taraça,,Beşiktaş,Sinanpaşa Mah. Barbaros Bul. Hasfırın Cad. Sinanpaşa Pasajı K:2 Dükkan No:213,4
25,Ortaköy Kahvesi,,Beşiktaş,Mecidiye Köprü Sok. No:11 Ortaköy,5
26,"Big Yellow Taxi Benzin Cafe, Beşiktaş",,Beşiktaş,Ortabahçe Cad. No:10,1
27,Cafe Cheese Cake,,Beşiktaş,İskele Meydanı No:18 Ortaköy,3
28,Etiler Kahvesi,,Beşiktaş,"Etiler Mahallesi, Ahmet Aygan Saygun Cad, Menekşe - 1 Blok, Dükkan No 6.",0
29,Çıtır Cafe & Pub,,Beşiktaş,Hasfırın Cad. No:48 D:1,3
30,"Mambocino Artisan Coffee, Beşiktaş",,Beşiktaş,Ihlamurdere Cad. No: 8,3
31,Zalatta Salata & Makarna & Izgara,,Beşiktaş,Akmaz Çeşme Sok. No:3 (BKM Karşısı),0
32,Genç Cafe,,Beşiktaş,Çırağan Sok. İskele Meydanı No:1,0
33,Makara Cafe,,Beşiktaş,Camcı Hüseyin Sok. No : 2/1,5
34,"Kahve Dünyası, Levent",,Beşiktaş,Gonca Sok. No:13,4
35,Reçel Türevleri,,Beşiktaş,Şair Veysi Sok. No:31/1,0
36,"Dolmabahçe Sarayı Saat Kulesi Kafeterya, Dolmabahçe Sanat Galerisi",,Beşiktaş,Dolmabahçe Caddesi,5
37,"Casita, Etiler",,Beşiktaş,Nispetiye Cad. Yeniçarşı No:65/A,5
38,"Cremeria Milano, Bebek",,Beşiktaş,Cevdet Paşa Cad. No:43/D Bebek,4
39,Bahçe Büfe,,Beşiktaş,Sinanpaşa Mah. Barbaros Bul. (Motor iskelesi karşısı),5
40,Bistro Şair Leyla,,Beşiktaş,Şair Leyla Sok. No: 4,3
41,Mis Cafe,,Beşiktaş,Köyiçi Meydan Sok. No:8,5
42,"Kahve Dünyası, Ulus",,Beşiktaş,Adnan Saygun Cad. No: 19,5
43,"Point Cafe, Plaza Hotel İstanbul",,Beşiktaş,Gayrettepe Mah. Barbaros Bul. No: 165,0
44,"Chops Cafe ve Pub, Beşiktaş",,Beşiktaş,Barbaros Bul. No:67/A,0
45,Bebek Koru Kahvesi,,Beşiktaş,Cevdet Paşa Cad. No:120,4
46,"Home Store Cafe, Akmerkez Avm",,Beşiktaş,Nispetiye Cad. Akmerkez AVM Etiler,4
47,Borny's Cafe,,Beşiktaş,Mecidiye Köprüsü Sok. No: 6,0
48,"Plus Kitchen, Zorlu Center Avm",,Beşiktaş,Koru Sok. No: 2,4
49,Hib Cafe,,Beşiktaş,Mecidiye Köprüsü Sok. No:7 Ortaköy,3
50,Cafe Platonik,,Beşiktaş,Akmaz Çeşme Sok. No: 18,0
51,Sıdıka Meze Restoranı,,Beşiktaş,Şair Nedim Cad. No: 38,0
52,Cafe The Best,,Beşiktaş,Cihannüma Mah. Barbaros Bulv. No:72 D:1,0
53,"Class Simit Evi, Levent",,Beşiktaş,Çarşı Cad. No: 8,4
54,Cup Of Joy,,Beşiktaş,Cevdet Paşa Cad. No:53/5,4
55,Eat Box,,Beşiktaş,Jandarma Mektebi Sok. No: 1,5
56,Cafe Kafka,,Beşiktaş,"Dolmabahçe Cad, No: 31",0
57,"Espressamente Illy, Kanyon Avm",,Beşiktaş,Büyükdere Cad. No:185 K:B2 Levent,4
58,Limos,,Beşiktaş,Çelebioğlu Sok. No: 11/A,5
59,Siyah Cafe & Breakfast,,Beşiktaş,Çelebioğlu Sok. No: 31,3
60,"Peynir Ekmek Kahvaltı, Beşiktaş",,Beşiktaş,Çelebioğlu Sok. No: 14-16/1,5
61,"Balkon Cafe & Restaurant, Etiler",,Beşiktaş,Nispetiye Cad. Nispetiye Durağı İkizler Apt. No:1 Etiler,3
62,Carmenta Cafe,,Beşiktaş,Çelebi Oğlu Sok. No: 12/A,0
63,Valonia,,Beşiktaş,Ihlamur Dere Cad. No: 40/B,5
64,Baal Cafe & Breakfast,,Beşiktaş,Köşeli Sok. No:16,0
65,Ecrin Nargile Cafe,,Beşiktaş,Mecidiye Köprü Sok. No:12 Ortaköy,0
66,"Bodrum Mantı & Cafe, Ulus",,Beşiktaş,Adnan Saygun Cad. Muderris Salih Rüştü Bey Sok. No:2/A Ulus,3
67,Ye' Beşiktaş,,Beşiktaş,Yeni Hamam Sok. No:11/A,0
68,Kuka Cafe,,Beşiktaş,Akmaz Çeşme Sok. No:28,0
69,Kır Kahvesi,,Beşiktaş,Yıldız Parkı,0
70,Change Cafe & Pub,,Beşiktaş,Ortaköy Meydanı No:8,4
71,Kabasakal Kahve,,Beşiktaş,Ihlamurdere Cad. Şair Veysi Sok. No: 11/1,0
72,Yazı Tura,,Beşiktaş,Şehit Asım Cad.No-38,0
73,Fiskos Cafe,,Beşiktaş,Şair Veysi Sok. No: 4,5
74,Simit Molası,,Beşiktaş,Kazan Sok.,0
75,On1 Cafe,,Beşiktaş,Sevili Sok. No:3 B Blok 11 Numara,4
76,Naz Cafe,,Beşiktaş,Salih Efendi Çıkmazı No:8/A,5
77,"The Winston Brasserie, Akaretler",,Beşiktaş,Şair Nedim Cad. No:3 Akaretler,5
78,Tomurcuk Cafe,,Beşiktaş,İskele Meydanı No:2 Ortaköy,1
79,Cumbali Kahve,,Beşiktaş,Muallim Naci Cad. Değirmen Sok. No:5/1 Ortaköy,4
80,Hancı Cafe,,Beşiktaş,Sinan Paşa Kuyu Sok. No:2-30,0
81,"Godiva, Zorlu Center Avm",,Beşiktaş,Balmumcu Mah. Barbaros Bul. Koru Sok. No:2/172,0
82,"All Sports Cafe, Etiler",,Beşiktaş,Nispetiye Cad. Bıyıklı Mehmet Paşa Sok. No:1/2 Etiler,5
83,Teras Cafe,,Beşiktaş,Yıldız Teknik Üniversitesi,0
84,"Kahve Dünyası, Akaretler",,Beşiktaş,Şair Nedim Cad. No:13-15-17-19,0
85,Cafe Merdiven Beer,,Beşiktaş,Ortabahçe Cad. No:28,0
86,Kafe de Sanat,,Beşiktaş,Barbaros Bul. No: 70,0
87,Crepe & Fondue Restaurant,,Beşiktaş,Zeytinoğlu Cad. No: 3,4
88,Ortaköy Cafe & Kahvaltı,,Beşiktaş,Eskibahçe Sok. No: 33/A,0
89,Canciğer Bistro,,Beşiktaş,Barbaros Bul. No: 25/4,3
90,Ceneviz Cafe Bar,,Beşiktaş,Osmanzade Sok. No: 13,5
91,Susam Cafe,,Beşiktaş,Cevdet Paşa Cad. No:49/B,4
92,"Krispy Kreme, Ortaköy",,Beşiktaş,Ambarlıdere Cad. Lotus 4 No: 6,0
93,Cafe Canteen,,Beşiktaş,Aydın Sok. Büyükhanlı İş Blokları No:12/1 Levent,4
94,Mevlam Pastanesi,,Beşiktaş,Zeytinoğlu Cad. No:1,5
95,Tiyatro Kafe,,Beşiktaş,Beşiktaş Kültür Merkezi girişi Mıstık Pasajı,4
96,Yelken Cafe,,Beşiktaş,İskele Meydanı No: 4,0
97,Etiler Kahvesi,,Beşiktaş,Ahmet Adnan Saygun Cad. Menekşe-1 Blok D:6,0
98,Cupper's Coffee Station,,Beşiktaş,Eski Yıldız Cad. No:40/B,4
99,"Haagen Dazs, Kanyon Avm",,Beşiktaş,Büyükdere Cad. No:185 Levent,0
100,Elit Cafe,,Beşiktaş,Kuruçeşme Cad.,5
101,"Home Store Cafe, Etiler",,Beşiktaş,Nispetiye Cad. No:92 (Şamdan Restaurant Giriş Katı) Etiler,5
102,Cafe Tavola,,Beşiktaş,02122690464,5
103,Durak Nargile Cafe,,Beşiktaş,Barbaros MeydanıNo: 28,0
104,Epope Destan Cafe,,Beşiktaş,Değirmen Sok. No:5 Ortaköy,4
105,Karemel Lab Bakery Cafe,,Beşiktaş,Zeytinoğlu Cad. Selçuklar Sok. No: 13/A,5
106,Beltaş Restaurant Cafe,,Beşiktaş,Yalı Sok. No:4,4
107,"Robert's Coffee, Real Fulya Avm",,Beşiktaş,Hakkıyeten Cad. No:10/B Fulya ,3
108,"Tchibo, Metrocity Avm",,Beşiktaş,Büyükdere Cad. No:171 Mağaza No:44 1. Levent,5
109,"Divan Brasserie, Bebek",,Beşiktaş,Cevdet Paşa Cad. No: 28/A,5
110,Spagetiler Cafe & Restaurant,,Beşiktaş,Nispetiye Cad. No: 30/A,5
111,1 Numara Kahvaltı,,Beşiktaş,Akmazçeşme Sok. No: 15/B,0
112,"Pizza Raffaele, Levent",,Beşiktaş,1.Levent Çarşı Meydanı No: 24,4
113,Cafe Künefe,,Beşiktaş,Fahri Gizden Sok. No: 19/A,5
114,"Cafe Swiss, Swiss Otel The Bosphorus",,Beşiktaş,Teşvikiye Mah. Bayıldım Cad. No: 2,5
115,Meşhur Bebek Badem Ezmesi,,Beşiktaş,Cevdetpaşa Cad. No:53/C,5
116,Daily Coffee,,Beşiktaş,Hacı Adil Sok. No:20 Levent,5
117,Mesa Hora,,Beşiktaş,Büyükşekerci Sok. No: 12/1,5
118,Simitçi Dünyası,,Beşiktaş,Ortabahçe Cad. No: 21,0
119,Ottoman Nargile,,Beşiktaş,Küçük Bebek Cad. No:2/A,0
120,Bonus Cafe,,Beşiktaş,Camcı Hüseyin Sok. No: 1/A,4
121,"S Cafe, Akmerkez Avm",,Beşiktaş,Nispetiye Cad. Etiler,0
122,"Cafe Di Dolce, Kuruçeşme",,Beşiktaş,Kuruçeşme Cad. No:25,5
123,Naciye,,Beşiktaş,1.Cad. Satış Meydanı Sok. No: 23/A,5
124,Yücel Simit,,Beşiktaş,Aytar Cad. No:28 Etiler,5
125,Neef Cafe Bistro,,Beşiktaş,Barbaros Bul. No: 79/A,0
126,Ofise Paket,,Beşiktaş,Esentepe Mah. Atom Sok. No:20/C Levent,0
127,"Kahve Dünyası, Otim Fulya",,Beşiktaş,Yeşilçimen Sok. No:5 Otim Fulya,4
128,Cup Third Wave Ccooffee Shop,,Beşiktaş,Şair Nedim Cad. No: 5 Akaretler,0
129,Beş Taş Cafe,,Beşiktaş,Ihlamurdere Cad. Şair Veysi Sok. No: 20/A,0
130,Akali,,Beşiktaş,Dibekçi Sok. Çimen Apt. No: 11/A,0
131,Osman Pastanesi,,Beşiktaş,Ahmet Adnan Saygun Cad. No: 22/C,4
132,"Karafırın Pastanesi, Ulus",,Beşiktaş,Adnan Saygun Cad. Alara Apt. No:19 Ulus,5
133,Siteler Büfe & Market,,Beşiktaş,Nispetiye Cad. No: 45/1,5
134,Neon Cafe,,Beşiktaş,Camcı Hüseyin Sok. No: 4,0
135,Çakmak Cafe,,Beşiktaş,Ihlamurdere Cad. Şair Aşık Veysi Sok. No: 4/B-C,0
136,Cheesecake Cafe,,Beşiktaş,İskele Meydanı No:18 Ortaköy,0
137,Demlik Bistro Cafe,,Beşiktaş,Akmazçeşme Sok. No: 9,2
138,Bay Kuş,,Beşiktaş,Köşeli Sok. No: 1/A,0
139,Yağmur Cafe,,Beşiktaş,Çelebioğlu Sok. No:21-23,0
140,"Schlotzsky's Deli, Akmerkez Avm",,Beşiktaş,Nispetiye Cad. Etiler,5
141,Cafe Patika,,Beşiktaş,Dereboyu Cad. No:58/A,3
142,"Komşu Fırın, Akatlar",,Beşiktaş,Zeytinoğlu Cad. Alan Apt. No:39,0
143,Alkent Havuz Cafe,,Beşiktaş,Tepecik Yolu Alkent Sitesi,0
144,Brot Cafe,,Beşiktaş,Nüzhetiye Cad. No: 30/1,3
145,"Kemal Usta Waffles, Bebek",,Beşiktaş,Cevdet Paşa Cad. No: 75A Bebek,5
146,Ortaköy Ceviziçi Cafe,,Beşiktaş,Muallim Naci Cad. Beste Nigar Ziya Sok. No: 17/1,5
147,Basilico Cafe Restaurant,,Beşiktaş,Pazar Sok. No: 24/1,0
148,Madame Kuki Lezzet Atölyesi,,Beşiktaş,Ayazmadere Cad. Çobanoğlu Apt. No:17 D:1,5
149,Fahham,,Beşiktaş,"Muallim Naci Cad, No: 91",5
150,"Krispy Kreme, İş Kule Çarşı Avm",,Beşiktaş,Kule Çarşı AVM Zemin Kat,0
151,Muskat Butik Pastanesi & Cafe,,Beşiktaş,Arnavutköy Bebek Cad. No: 63/A,5
152,Güney Kahvaltı,,Beşiktaş,Ihlamurdere Cad. Şair Veysi Sok. No: 29,0
153,"Maria's Restaurant, Etiler",,Beşiktaş,Haydar Aliev Cad. Yeşim Sok. No: 7 Etiler,5
154,Sandalye Cafe,,Beşiktaş,Eski Bahçe Sok. No: 1/B (5/7) Ortaköy,0
155,Adnan'ın Yeri,,Beşiktaş,Dereboyu Cad. No: 23,4
156,"Godiva, Akmerkez Avm",,Beşiktaş,Nispetiye Cad. Etiler,0
157,"Cookshop, Bebek",,Beşiktaş,Cevdet Paşa Cad. No: 1,5
158,Pia Garden,,Beşiktaş,Adnan Saygun Cad. Orkide Sok. Aykut Barka Deprem Parkı No:5,5
159,Yeşil Vadi Restaurant & Cafe,,Beşiktaş,Sekbanlar Sok. No:68 Etiler,5
160,Külüstür Cafe & Pub,,Beşiktaş,Şeihit Asım Cad. No:25-1 (Balık Pazarı),5
161,Mahzen Cafe,,Beşiktaş,Ihlamurdere Cad. Çelebioğlu Sok. No: 8,5
162,"Tarçın Cafe & Restaurant, Beşiktaş",,Beşiktaş,Ihlamurdere Cad. No: 116/3,5
163,Home Cafe & Bar,,Beşiktaş,Nispetiye Cad. No:65/A Etiler,5
164,Cafe Cle,,Beşiktaş,Cevdet Paşa Cad. Manolya Sok. No:1 Bebek,5
165,Çelebi Cafe,,Beşiktaş,Beyazgül Sok. No:17,5
166,Tazeden,,Beşiktaş,Çırağan Cad. No:19/A,5
167,Cafe City,,Beşiktaş,Süleyman Seba Cad. Akaretler Sıra Evleri No:25,5
168,"Pelit Pastanesi, Bebek",,Beşiktaş,Küçük Bebek Cad. No:3/3,5
169,Life Share,,Beşiktaş,Yıldız Cad.No:40/C,5
170,"City Brasserie, Metrocity Avm",,Beşiktaş,Büyükdere Cad. No:171 1. Levent,5
171,Cafe Gramofon,,Beşiktaş,Cevdetpaşa Cad. Bağarası Sok. No: 2/A,5
172,Big Simit,,Beşiktaş,Çırağan Cad.No /4,0
173,Welldone By Midpoint,,Beşiktaş,Koru Sok. No: 2,4
174,Çevre Cafe & Restaurant,,Beşiktaş,Büyükdere Cad. No:86 Ptt Genel Müdürlüğü Karşısı,4
175,Johns Coffe World,,Beşiktaş,4. Levent Kule Çarşı İş Bankası Kuleleri,0
176,Çınaraltı Cafe & Restaurant,,Beşiktaş,Yalı Mah. İskele Meydanı No: 28,4
177,"The House Cafe, Hillside Etiler",,Beşiktaş,Tepecik Yolu Alkent Sit. Hillside Club,4
178,Sweet Temptations,,Beşiktaş,Çırağan Cad. Radisson Blu Bosphorus No:46 Ortaköy,0
179,"Gloria Jean's Coffees, Ortaköy",,Beşiktaş,Mecidiye Köprüsü Sok. No:26 Ortaköy,4
180,Mundo Cafe,,Beşiktaş,Cihannuma Mah. Barbaros Bul. Uzay Apt. No:63/7,4
181,B.side,,Beşiktaş,Barbaros Bul. No: 91,0
182,"Gourmet Garage, Zorlu Center Avm.",,Beşiktaş,Balmumcu Mah. Barbaros Bul.,4
183,"MAC Cafe, Mars Athletic Club - Kanyon Avm",,Beşiktaş,Büyükdere Cad. No:185 Levent,0
184,Neşe Kafeterya,,Beşiktaş,Camfener Sok. No:8 Kuruyçeşme,4
185,Arnavutkoy Kahvesi,,Beşiktaş,1. Cad. No:68 Arnavutköy Karakolu Yakınında Dük:A,4
186,"Dunkin Donuts, Etiler",,Beşiktaş,Çilekli Cad. No:1 Etiler,4
187,Kırmızı Panjur,,Beşiktaş,Şehit Asım Cad. No: 37,0
188,Oba (Koza) Cafe,,Beşiktaş,Vişnezade Mah. Maçka Talim Yeri Sok.,4
189,"Donut & Coffee, Kanyon Avm",,Beşiktaş,Büyükdere Cad. No:185 Levent,4
190,Cafe Chese,,Beşiktaş,Ortaköy Değirmenci Sok. No:18,4
191,Cafe Sakızlı,,Beşiktaş,Birlik Sok. Akyıldız Sit. A Blok D:19 1.Levent,4
192,Daytona Cafe,,Beşiktaş,Kırbaş Sok. No:14 Kuruçeşme,4
193,Safir Alaturka Cafe & Restaurant,,Beşiktaş,Cami Meydanı Hazine Sok. No:8 Ortaköy,4
194,Canımciğerim Cafe,,Beşiktaş,Yıldız Cad. No:8,4
195,Jaan Cafe & Restaurant,,Beşiktaş,Çırağan Cad. No:47/A (İstanbul Devlet Güvenlik Mahkemeleri Karşısı),4
196,Cafe Dört,,Beşiktaş,Şair Nedim Cad. Çatal Mektep Sok. Güçlü Kaptan Apt. No:2/1-A,4
197,Uğur Cafe,,Beşiktaş,Cihanümma Mah. Salihefendi Sok. No: 2/1,0
198,Nöbetçi Kafe,,Beşiktaş,Şair Nedim Cad. Çatal Mektep Sok.,0
199,"Starbucks, Sabancı Center",,Beşiktaş,Hacı Ömer Sabancı Holding A.ş. Sabancı Center Kule 2 4.Levent,0
200,Uğrak Cafe & Pub,,Beşiktaş,Şair Nedim Cad. No: 46/B,0
201,Tvc Cafe,,Beşiktaş,Akaygen Sok. No:2 Küçükbebek (Boğaziçi Üniversitesi Güney Kampüsü Karşısı),3
202,Lime Cafe & Breakfast,,Beşiktaş,Ihlamurdere Cad. Şair Veysi Sok. No: 18/A,0
203,Cafe Negro,,Beşiktaş,Akmaz Çeşme Sok. No:13/C,0
204,Öz Sarıyer Börekçisi,,Beşiktaş,Beşiktaş Cad. No:43,3
205,Cafe Moor,,Beşiktaş,Çırağan Cad. No:49/A,3
206,La Vita Verde,,Beşiktaş,Fahri Gizden Sk. Yavuz Apt. No:1/a,3
207,Çaydanlık Cafe,,Beşiktaş,Ortaköy Değirmenci Sok.,3
208,BU Kafe,,Beşiktaş,Çırağan Cad. No:10/2 (Bahçehir Üni. Ana Giriş Kapısı),0
209,Sokak Kahvesi,,Beşiktaş,Dalbudak Sok. No:5/A,0
210,Cafe x,,Beşiktaş,Kaymakçı Sok. No:4,0
211,The Cook's Kitchen,,Beşiktaş,Ayazmadere Cad. Aliye Meriç İş Merkezi No: 3/A,0
212,Loggia Cafe,,Beşiktaş,Muharip Sok. (Uçaksavar Sitesi),0
213,Roka Cafe ,,Beşiktaş,Şair Veysi Sok. No: 3/A,0
214,Cup Of Edamame,,Beşiktaş,İnşirah Cad. No: 11/C,0
215,Fotini Cafe,,Beşiktaş,Francalaci Cad. No: 26,0
216,Pati Cafe,,Beşiktaş,Şehit Asım Mah. No: 70/B,0
217,Sal10 Cafe,,Beşiktaş,Barbaros Bul. No: 155,0
218,Kahve Bahane,,Beşiktaş,Dikiltaş Mah. Emirhan Cad. No:107 Darphane,0
219,Vanilla Bakery,,Beşiktaş,Adnan Saygun Cad. Hakkı Şehit Han Sok. Kır Apt. No:7/A Ulus,0
220,Zengin Cafe,,Beşiktaş,Belediye Sit. Menekşe 1 Blok Levent,0
221,Şirin Cafe,,Beşiktaş,Cemil Arslan Güder Sok. İdil Apt. No:4/C A Blok,0
222,Cafe Lunch Time,,Beşiktaş,Yüzbaşı Kaya Aldoğan Sok. No:6/1,0
223,Tarçın Cafe Restaurant,,Beşiktaş,Ihlamurdere Cad. No: 116/3,0
224,Moonligt Cafe,,Beşiktaş,İlhan Sok. No: 2/C,0
225,Vitamin Simit,,Beşiktaş,Ortabahçe Cad.,0
226,Lulu's Cafe & Bar,,Beşiktaş,Cevdet Paşa Cad. No:69 Bebek,0
227,Antik Cafe,,Beşiktaş,Yıldız Posta Cad. Dedeman Ticaret Merk. No:52/26,2
228,Palmiye Cafe,,Beşiktaş,Kazan Sok.,0
229,Dikilitaş Cafe,,Beşiktaş,Emirhan Cad. No: 76/B,0
230,Turkuaz Suites,,Beşiktaş,Süleyman Seba Cad. Refik Osman Top Sok. No:11 Maçka,0
231,Turan Cafe,,Beşiktaş,Cengiz Topel Cad. Doğan Apt. No:10/1 Etiler,0
232,İkram Cafe & Nargile,,Beşiktaş,Emirhan Cad. No: 4,0
233,Şeker Cafe,,Beşiktaş,Beşiktaş Cad. No:19,0
234,Cafe Plaza,,Beşiktaş,Süleyman Seba Cad. BJK Plaza B Blok,0
235,Yufka Wrap Etiler,,Beşiktaş,Zeytinoğlu Cad. No: 6/21,0
236,Sizli Bizli Kafe,,Beşiktaş,Yaverağa Sok. No: 4/A,0
237,Kırkyıl Kahvesi,,Beşiktaş,Alkent Çarşı F2 Blok No:15 Etiler,0
238,Park Cafe,,Beşiktaş,Selvi Sok. No:6,0
239,Arı Börek,,Beşiktaş,Yıldız Cad. No: 57,0
240,Bizim Tepe,,Beşiktaş,Yeşilpınar Sok.,0
241,Cafe Luck,,Beşiktaş,Dörtyüzlü Çeşme Sok. No: 4/A,0
242,Simitköy,,Beşiktaş,Fahri Gizden Sok. No: 1,0
243,Füme Cafe & Restaurant,,Beşiktaş,Bağarası Sok. No:2/E Bebek,0
244,Legend Cafe Bar Restaurant,,Beşiktaş,Yıldız Posta Cad. Dedeman Ticaret Merkezi No:52/A,0
245,Keyf-i Mekan,,Beşiktaş,Ihlamudere Cad. Yeniyol Sok. No1,0
246,Cafe Keyf,,Beşiktaş,Büyükdere Cad. Kule Çarşısı İş Kuleleri D:5 Levent,0
247,"Time For Cafe Break, Tbwa",,Beşiktaş,Tanburi Ali Efendi Sok.,0
248,"Bahcesehir Universitesi, D Teras",,Beşiktaş,Çırağan Cad. Yalı Sok. No:4-6,0
249,"Fonseca Pizza, Dikilitaş",,Beşiktaş,Emirhan Cad. İsmail Bey Apt. No:76/A,0
250,Füme Cafe,,Beşiktaş,Ihlamurdere Cad. Mecit Ali Sok. No: 12/A,0
251,"Tarchy, Metrocity Avm",,Beşiktaş,Esentepe Mah. Büyükdere Cad. Kat 2,0
252,Cakild's Coffee,,Beşiktaş,Cihannüma Mah. Barbaros Bul.,0
253,"Kahve Diyarı, Etiler",,Beşiktaş,Nispetiye Cad. No:91,0
254,Semazen Cafe Döner,,Beşiktaş,Orta Bahçe Cad. No:30 Abbasağa,0
255,Çınar Cafe,,Beşiktaş,Kaymakçı Sok. No:4,0
256,Mokka Coffee,,Beşiktaş,Nüzhetiye Cad. No: 37/1,0
257,Arif's Place Barbaros Bulvari,,Beşiktaş,Cihannüma Mah. Barbaros Bulvarı,0
258,Uğur Cafe & Nargile,,Beşiktaş,Ayazmadere Cad. Yeşilçimen Sok. No: 6/B,0
259,Bahçesehir Üniversitesi Bambu Cafe,,Beşiktaş,Çırağan Cad. No:4-6 (Bahçesehir Üniversitesi Bahçesi),0
260,Sanat Cafe,,Beşiktaş,Tepecik Yolu Sanatçılar Parkı Etiler,0
261,Boom Cafe,,Beşiktaş,Cevdetpaşa Cad. No: 56,0
262,"The House Cafe, Bebek",,Beşiktaş,Küçük Bebek Cad. No:4/A Bebek,0
263,Grumpy Coffee & Bakery,,Beşiktaş,Hattat Tahsin Sok. No: 39/A,0
264,Kumpanya Cafe,,Beşiktaş,Abbasağa Sok. No: 4,0
265,175 Derece Cupcake Bar,,Beşiktaş,Rumeli Hisarı Mah. Seher Yıldızı Sok. No:22/B Etiler,0
266,Melodika-F,,Beşiktaş,Ihlamur Dere Cad. Alaybeyi Sok. No:18,0
267,Rockwell Cafe & Bar & Restaurant,,Beşiktaş,Akaygen Sok. No:2,0
268,Kuş Cafe'si,,Beşiktaş,Barbaros Bul. Çiğdem Apt. No: 52/A,0
269,"Cafe Eiffel, Yıldız Teknik Üniversitesi",,Beşiktaş,Barboros Bul. Yıldız,0
270,Tabak Cafe,,Beşiktaş,Süleyman Seba Cad. No:85/C,0
271,Lazora Cafe,,Beşiktaş,"Abbasağa Mahallesi, Yıldız Cad. No:38/A",0
272,Kelebek Cafeteria,,Beşiktaş,Hasfırın Cad. No:70 D:1,0
273,"Kahve Diyarı, Etiler",,Beşiktaş,Nispetiye Cad. No:100 Etiler,0
274,Ceviz Kafe,,Beşiktaş,Maşuklar Yokuşu No:111 Abbasağa,0
275,Çardak Cafe,,Beşiktaş,Nispetiye Cad. No:104/E Etiler,0
276,Cafe Cake House,,Beşiktaş,Nüzhefiye Cad. No: 66/A,0
277,Çınar Cafe,,Beşiktaş,Nüzhetiye Cad. No:44-E,0
278,Feriye Cafe,,Beşiktaş,"Çırağan Cad. No:40, Beşiktaş / İstanbul",0
279,Kilit Bar,,Beşiktaş,"Cihannüma Mah, Barbaros Bulvarı, Bostancı Veli Sok, No 4,",0
280,Konak Kahvecisi,,Beşiktaş,Ayazmadere Cad. Erdemli Sok. No:A6,0
281,Gobble Cafe,,Beşiktaş,Öztopuz Cad. No: 11/C,0
282,Piano Bebek Cafe,,Beşiktaş,Cevdetpaşa Cad. Manolya Sok. No:11/1,0
283,Taste Bar,,Beşiktaş,Vişnezade Mah. Süleyman Seba Cad. BJK Plaza A Blok K:Zemin D:4 Akaretler,0
284,Piknik Cafe & Restaurant,,Beşiktaş,Yıldız Posta Cad. No:52 D:18/A Gayrettepe,0
285,Metro Cafe,,Beşiktaş,Büyükdere Cad. No:50,0
286,"Meet Cafe, Etiler",,Beşiktaş,Tepecik Yolu Sok. Alkent Sit. Çarsı Blok No:13/32,0
287,Doy Doy Cafe,,Beşiktaş,Büyükdere Cad. Yıldırım Apt. No:125 Zincirlikuyu,0
288,"Bilpot Cafe & Restaurant & Patisserie, Gayrettepe",,Beşiktaş,Prof. Dr. Bülent Tarcan Cad. No: 31/A Gayrettepe,0
289,T.G.I. Friday's,,Beşiktaş,Nisbetiye Cad. No:79 Etiler,0
290,Sedir Cafe,,Beşiktaş,Mecideye Köprüsü Sok. No:16-18 Ortaköy,0
291,Farfur Cafe & Restaurant,,Beşiktaş,Süleyman Seba Cad. Abacı Latif Sok. No:12/1 Valideçeşme,0
292,Kuzgun Cafe,,Beşiktaş,Arnavutköy Deresi Sok. No:1 Arnavutköy,0
293,La Via,,Beşiktaş,Morbasan Sok. Orhan Palas.Apt. No:2/A Balmumcu,0
294,Cafe Ayça,,Beşiktaş,Seheryıldızı Sok. No:15,0
295,Tetto Cafe Bar,,Beşiktaş,Rumelihisarüstü Mah. Nispetiye Cad. Boğaziçi Üniv. Giriş Kapısı,0
296,Elde Börek,,Beşiktaş,Ihlamurdere Cad. No: 26,0
297,"Midpoint, Etiler",,Beşiktaş,Nispetiye Cad. No:14 Etiler,0
298,Grandcello Cafe Antige,,Beşiktaş,Dereboyu Cad. No: 7 Ortaköy,0
299,Kırmızı Cafe,,Beşiktaş,Atatürk Oto Sanayi Sit. 2. Kısım 11. Sok No: 376 Maslak,0
300,10 Numara,,Beşiktaş,Maçka Demokrasi Parkı,0
301,Gastra,,Beşiktaş,Altıntaş Sok. No: 17,0
302,Kafe Neşeli Günler,,Beşiktaş,Büyükşekerci Sok. 51/A,0
303,Lavander Cafe,,Beşiktaş,Barbaros Bul. Uzay Apt. No:63,0
304,Buda Keyf Cafe,,Beşiktaş,Ihlamur Dere Cad. Yaver Ağa Sok. No :5,0
305,Cafe Des Theatres,,Beşiktaş,Muallim Naci Cad. Mecidiye Köprüsü Sok. No:2,0
306,Nisa Cafe Ev Yemekleri,,Beşiktaş,Yaprak Sok. No:5,0
307,Cafe Imperial,,Beşiktaş,Fahri Gizden Sok. Yavuz Apt. No: 1/C Gayrettepe,0
308,Sizli Bizli Cafe,,Beşiktaş,Ihlamurdere Cad. Yaverağa Sok. No: 4/A,0
309,The Bee,,Beşiktaş,Ihlamurdere Cad. No: 57/2,0
310,Cafe Doğuş,,Beşiktaş,Şair Veysi Sok. No: 13,0
311,Roka Cafe,,Beşiktaş,Şair Veysi Sok. No: 3/A,0
312,Dolmabahçe Cafe,,Beşiktaş,Dolmabahçe Cad. No: 46,0
313,Holy Coffee,,Beşiktaş,Süleyman Seba Cad. No: 50/A,0
314,Viya Cafe,,Beşiktaş,Akmazçeşme Sok. No: 13/C,0
315,"Tchibo, Beşiktaş",,Beşiktaş,Ihlamurdere Cad. No: 47/A,0
316,"Divan Cafeteria, Kule Çarşı",,Beşiktaş,Levent İş Kuleleri,0
317,Rumeli Reçel Cafe,,Beşiktaş,Küçük Remzi Sok. No: 4/A,0
318,İwaki Japan Sushi Restuarant,,Beşiktaş,Zambak Sok. No: 5/B,0
319,"Peynir Ekmek Kahvaltı, Ortaköy",,Beşiktaş,Eski Bahçe Sok. No: 7,0
320,Vişne Cafe,,Beşiktaş,Hattat Tahsin Sok. No: 29/B,0
321,Suna Cafe,,Beşiktaş,Ihlamurdere Cad. Mecit Ali Sok. No:16/A,0
322,Otim Cafe,,Beşiktaş,Cemil Aslan Güder Sok. No:56,0
323,Mis Cafe,,Beşiktaş,Leşker Sok. No: 8,0
324,"Levent Kafe, Plazalar",,Beşiktaş,İşkule Çarşı No: 38 4. Levent,0
325,Zeynel Cafe,,Beşiktaş,İskele Meydanı No: 14,0
326,"John's Coffee, Kule Çarşı",,Beşiktaş,Giriş Katı Levent İş Kuleleri,0
327,Cafe Makara,,Beşiktaş,Akmazçeşme Sok. No: 12,0
328,Cafe Jungle,,Beşiktaş,Cihannüma Mah. Barbaros Bul. No: 45,0
329,"Orhan Pasta & Cafe, Levent Plaza",,Beşiktaş,Büyükdere Cad. Yapı Kredi Plaza,0
330,Miss Cafe,,Beşiktaş,Ihlamurdere Cad. Altıntaş Sok. No: 32,0
331,Cihan Pasta Cafe,,Beşiktaş,Jandarma Mektebi Sok. No: 7,0
332,Cafe Nargile,,Beşiktaş,Muallim Naci Cad. Katmer Sok. No: 4,0
333,Hot-ce,,Beşiktaş,Eski Yıldız Cad. No :40/A,0
334,"Tarchy, Metrocity Avm",,Beşiktaş,Esentepe Mah. Büyükdere Cad. Kat 2.,0
335,Cafe Loggia Vita,,Beşiktaş,Uçaksavar Sit. Muhabirler Sok. No:1,0
336,Hürriyet Cafe,,Beşiktaş,Ihlamurdere Cad. Altıntaş Sok. No: 23/A,0
337,Cafe & Simit,,Beşiktaş,Çiğdem Sok.No 27,0
338,Şino Nargile Cafe,,Beşiktaş,"Mecidiye Mah, Bestenigar Ziya Sok, No 4,",0
339,Poğaçacı,,Beşiktaş,"Etiler Mah, Nispetiye Cad, No 144/A,",0
340,Rest Cafe Beltaş,,Beşiktaş,Çiğdem Sok. No: 5,0
341,Makara Cafe,,Beşiktaş,Salih Efendi Sok. No:12,0
342,Cafe De Rem,,Beşiktaş,Cevdet Paşa Mah. İnşirah Yokuşu Anadolu Apt. No:13,0
343,Cafe Sofi'nin Dünyası,,Beşiktaş,Ihlamurdere Cad. Altıntaş Sok. No 23/B,0
344,"Dean & Deluca, Kanyon Avm",,Beşiktaş,Büyükdere Cad. No:185 Levent,0
345,"Cafe Break, Garanti Bankası",,Beşiktaş,(Darphane Arkası) Garanti Eğitim Müd.,0
346,"Cafe Wıen, Kanyon Alışveriş Merkezi",,Beşiktaş,[Büyükdere Cad. No:185,0
347,Elit Cafe,,Beşiktaş,Emirhan Cad.,0
348,"Teras Cafe, Yıldız Teknik Üniversitesi",,Beşiktaş,,0
349,Akat Park Cafe,,Beşiktaş,Zeytinoğlu Cad. Yaren Sok. No:14 Akatlar,0
350,Brother's Kitchen,,Beşiktaş,Gonca Sok. No:19/A Levent,0
351,Baron Cafe,,Beşiktaş,Akatlar Mah. Nispetiye Cad. Selçuklular Sok. No:15/A Etiler,0
352,Wineport,,Beşiktaş,Çiğdem Sok. No:3 (Hanedan Restaurant İçinde),0
353,Bolita Cafe,,Beşiktaş,Vapur İskelesi Sok. No:6,0
354,"Creperie, Akmerkez Avm",,Beşiktaş,Nispetiye Cad. K:2 D:421 Etiler,0
355,Lluvia Cafe,,Beşiktaş,Abdi İpekçi Cad. Maçka Parkı B Nolu İş Yeri No:3,0
356,Ezgim Cafe & Restaurant,,Beşiktaş,Yıldız Cad. No:17 Gayrettepe,0
357,Neşe Cafe,,Beşiktaş,Cam Fener Sok. No:12 Ortaköy,0
358,Ev'ce Cafe,,Beşiktaş,Yıldız Posta Cad. Dedeman Ticaret Merkezi No:2/D,0
359,Pakize Cafe,,Beşiktaş,Beyazgül Cad. No:15 Arnavutköy,0
360,Madorita Life Cafe & Restaurant,,Beşiktaş,Selvili Sok. No:10/B 4. Levent,0
361,Aşina Cafe,,Beşiktaş,Levent Cad. No:162/B Akatlar,0
362,"Bilpot Cafe & Restaurant & Patisserie, Bebek",,Beşiktaş,İnşirah Cad. No:11/A Bebek,0
363,Cafe Mamaza,,Beşiktaş,Akatlar Mah. Haydar Aliyev Cad. No: 1/A,0
364,Garden Cafe,,Beşiktaş,Fahri Gizden Sok. Yavuz Apt. No:1/C Gayrettepe,0
365,Hanımeli Cafe,,Beşiktaş,Jandarma Mektebi Sok. No: 4/B,0
366,Arka Bahçe,,Beşiktaş,Menekşeli Sok. No:10 Levent,0
367,Cafe Çardak,,Beşiktaş,Muallim Naci Cad. No: 65 Ortaköy,0
368,Cafe Crown - Mayadrom,,Beşiktaş,Akatlar Yıldırım Göker Cad. Maya Plaza Alışveriş Merkezi Mayadrom No:34,0
369,Martı Cafe & Bar,,Beşiktaş,Muallim Naci Cad. No:10 K:3 Ortaköy,0
370,Burak Cafe,,Beşiktaş,Gözlükçü Sok. No:4/1,0
371,Creme Cafe,,Beşiktaş,Mecidiye Köprüsü Sok. No:6 Ortaköy,0
372,Espresso Cafe,,Beşiktaş,Bebek Hamamı Sok. No:12,0
373,Bahar Cafe,,Beşiktaş,Arnavutköy Bebek Cad. No:46,0
374,Cafe Atıştır,,Beşiktaş,Süleyman Seba Cad. No:85/A,0
375,Cafe Reis,,Beşiktaş,1. Cad. No:115,0
376,"Lipton Tea Corner, Mayadrom Avm",,Beşiktaş,Akat Mah Yıldırım Göker Cad. No:1,0
377,Kardeşler Çay Evi,,Beşiktaş,Ihlamurdere Cad. No:110,0
378,Cafe Meya,,Beşiktaş,Cevdet Paşa Cad. No:11/A Bebek,0
379,Sergei Catering,,Beşiktaş,Nispetiye Cad. Gülşen Sok. No:19,0
380,Club Aiki,,Beşiktaş,Nispetiye Cad. Dalmaz Center Kat:1,0
381,Baçik Cafe,,Beşiktaş,Germencik Sok No:4 Bebek,0
382,Sea Haus,,Beşiktaş,Muallim Naci Cad. No:58,0
383,Roy Cafe,,Beşiktaş,Küçük Bebek Cad. (Boğaziçi Villalarının Yanı) Etiler,0
384,Mamaza,,Beşiktaş,Haydar Aliyev Cad. No:1/A,0
385,Elgün Cafe & Ev Yemekleri,,Beşiktaş,Emirhan Cad. No:64/7,0
386,Martini Cafe,,Beşiktaş,Tepecik Yolu Alkent Sit. (Hillside Clup) Etiler,0
387,Baguetta Cafe,,Beşiktaş,Küçük Bebek Cad. N:6 Bebek,0
388,Cafe Garden Life,,Beşiktaş,Nispetiye Cad. Tanburi Ali Efendi Sok. No:16/A Etiler,0
389,Cafe El Turco,,Beşiktaş,Mecidiye Köprü Sok. No:12 Ortaköy,0
390,Bobos,,Beşiktaş,Salhane Sok. Ortaköy (Tarihi İskele Yanı),0
391,Cafe CrÃ¨me,,Beşiktaş,Mecidiye Köprüsü Sok. No:12 Ortaköy,0
392,"Divan Kafeterya, İş Kuleleri",,Beşiktaş,Büyükdere Cad. İş Kuleleri Kule Çarşı Levent,0
393,"Blanco Teras, Sürmeli İhotel - Stanbul",,Beşiktaş,Otel Prof. Dr. Bülent Tarcan Cad. No:3 Gayrettepe,0
394,"Beymen Cafe & Bar, Akmerkez Avm",,Beşiktaş,Nispetiye Cad. Etiler,0
395,Nadys,,Beşiktaş,Cevdet Paşa Cad. Sağlık Apt. No:24 Bebek,0
396,Cafe Linzer,,Beşiktaş,Nispetiye Cad. No:17 Etiler (D&R Mağazasının İçi),0
397,Cafe Concerto,,Beşiktaş,Nispetiye Cad. Günaydın Sit. İkizler Apt. No:60/1 Etiler,0
398,"Cafe Kahverengi, Levent",,Beşiktaş,Söğüt Sok. No:7 Levent,0
399,Avşar Cafe,,Beşiktaş,Sütçü Ali Sok. No: 1,0
400,"Hitit Cafe, Etiler",,Beşiktaş,Nispetiye Cad. No:32/C 1. Levent,0
