,0,1,2,3,4
0,Cici Şirince Mutfağı,,Selçuk,Şirince Köyü,5
1,Cafe Carpouza,,Selçuk,İsa Bey Mah. Argenta Cad. İsa Bey Mah.,0
2,Le Jardin Cafe & Restaurant,,Selçuk,Şehit Yüksel Özülkü Cad. Şirince Sok. No:10 Şirince Köyü,0
3,Anton Cafe Restaurant,,Selçuk,Antonb Kallinger Cad. 1060 Sok. No: 1,4
4,Pink Bistro Cafe,,Selçuk,Sigburg Cad. No:24,0
5,St. John Cafe Shop,,Selçuk,Uğur Mumcu Sevgi Yolu No: 4/C,0
6,Keyf İn Cafe,,Selçuk,Şirince Köy İçi Mevkii No:10,0
7,Keyfince Cafe Restaurant,,Selçuk,Kayserkaya Mah. No: 16/1 Şirince,0
8,Özen Cafe,,Selçuk,İstihlas Mah. Ş. Y. Özülkü Cad. No.29/1 Şirince Köyü,0
