,0,1,2,3,4
0,İnciraltı Turkuaz Cafe,,Balçova,Gençlik Merkezi Bakü Bul. No:30 İnciraltı,5
1,Bahçe Cafe,,Balçova,8/22. sok. No:8,0
2,"Kahve Diyarı, Balçova",,Balçova,Mithatpaşa Cad. No: 245/A,0
3,Eylül Coffee's,,Balçova,Mithatpaşa Cad. Kipa A.V.M,0
4,Ven Cafe,,Balçova,9 Eylül Tıp Fakültesi Kampüsü Kütüphane Yanı No:606/6,0
5,Kafe Dengi,,Balçova,Sakarya Cad. No:137,4
6,Kır Cafe,,Balçova,8/22. Sok.,5
7,"Teras Restro Cafe, Ege Park Balçova Avm",,Balçova,Mithatpaşa Cad. No:1460,4
8,"The Winston Brasserie, Ege Park Balçova Avm",,Balçova,Mithatpaşa Cad. No:1460,0
9,Keyf Park Cafe,,Balçova,İnciraltı Cad. Yıldız Sok. No:141,0
10,"Has Kahve Evi, Ege Park Balçova Avm",,Balçova,Mithatpaşa Cad. No:1460,0
11,"Barnie's Coffee & Tea Company, Ege Park Balçova Avm",,Balçova,Mithatpaşa Cad. No:1460,4
12,Kipa Homestore Cafe Restaurant,,Balçova,Mithatpaşa Cad.,3
13,"Chilly's, Fevzi Çakmak Mah. Sakarya Cad.",,Balçova,Balcova,0
14,"Mado, Agora Avm",,Balçova,Mithatpaşa Cad. No:1446,0
15,"Sir Winston Tea House, Ege Park Balçova Avm",,Balçova,Mithatpaşa Cad. No:1460,0
16,Kır Kahvesi,,Balçova,Sakarya Cad. A Blok,0
17,Di'otto Cafe,,Balçova,Sakarya Cad. No:152/D,0
18,"Nodo Coffee & Wine, Ege Park Balçova Avm",,Balçova,Mithatpaşa Cad. No:1460,0
19,Cafe Yemek Shop,,Balçova,65/19 Sok. No:15/C Üçkuyular,0
20,"Friends Coffee's, Palmiye Avm",,Balçova,Mithat Paşa Cad. No:1458,0
21,"Agamemnon Cafe, Balçova Belediyesi Ercüment Özgür Sosyal Tesisleri",,Balçova,Sportmen Sok. No: 6,0
22,BLC Portakal,,Balçova,Mithatpaşa Cad. No: 1460/158,0
23,"Big Yellow Taxi Benzin Cafe, İzmir",,Balçova,Mithatpaşa Cad. NO:1458/ZD06,0
24,"Kahve Diyarı, Optimum Avm",,Balçova,36/3 Sok. No:6 Optimum AVM,0
25,Cafe İncir6,,Balçova,8/22 Sok. No:43/A İnciraltı,0
26,"Arasta Cafe, Agora Avm",,Balçova,Mithatpaşa Cad. No:1446,0
27,Sarımsak Restaurant & Cafe,,Balçova,Mithat Paşa Cad. No:291,0
28,Cafe 26,,Balçova,Mithat Paşa Cad. No:271/B,0
29,"Brasserie Restaurant, Crowne Plaza İzmir",,Balçova,İnciralti Cad. No:67,0
30,"Lavazza Best Coffee Shop, Ege Park Balçova Avm",,Balçova,Mithatpaşa Cad. No:1460,0
31,Cheers İzmir,,Balçova,Veli Hüseyin Öğütcen Cad. No:39/A,0
