,0,1,2,3,4
0,Brawwo Cafe Lounge,,Esenyurt,1993. Sk No:29/12,5
1,"Mado, Beylikdüzü Real Avm",,Esenyurt,Güzelyurt Mah. 1 Cad. No:33 (Bahause Yanında),5
2,Asel Cafe,,Esenyurt,11. Cad. No:16/11,0
3,"Starbucks, Torium Avm",,Esenyurt,E5 Üzeri No:28/263 Haramidere,0
4,Shakespeare Coffee & Bistro,,Esenyurt,68. Sok. No: 50 K: 4,0
5,Pelit,,Esenyurt,1585. Sok. Oto Sanayi Sitesi,5
6,"Seyidoğlu Baklava, Beylikdüzü Onay Garden Residence Altı",,Esenyurt,Hürriyet Cad. No:15/C Önay Garden Residance,3
7,Ardıç Cafe,,Esenyurt,Ardıçlıevler Sitesi,4
8,"Hatır Kahvesi, Torium Avm",,Esenyurt,E-5 Üzeri Haramidere,0
9,Texas Coffe House,,Esenyurt,Doğan Araslı Bul. No: 93/153,5
10,Cafe KadraJ,,Esenyurt,8. Cad. Helin Apt. No: 2 / 3-4,0
11,"Kuş Sütü Cafe, Esenyurt",,Esenyurt,Haramidere Mevkii Torium AVM,5
12,Coffeemania,,Esenyurt,1993 Sok. No:29 Trendpark,5
13,"Tarchy, Akbatı Avm",,Esenyurt,1655. Sok. No: 260 K: 2,0
14,Anfi Cafe,,Esenyurt,Süleyman Demirel Cad.,0
15,Woow Lounge Cafe,,Esenyurt,Kemal Sunal Sk. No: 3A (esenkent istinye hastanesi yanı),0
16,Focaccia,,Esenyurt,Süleyman Demirel Cad. No: 28,0
17,Asya Aile Çay Bahçesi,,Esenyurt,Süleyman Demirel Cad. No: 1/7,0
18,Güzel Bahçe,,Esenyurt,9. Cad.,0
19,"Bayramefendi Osmanlı Kahvecisi, Beylikdüzü",,Esenyurt,Nazım Hikmet Bul. Semerkand Evleri Dükkanları No: 6,0
20,Revansu Cafe & Restaurant,,Esenyurt,Pazaryolu Cad. No: 2,0
21,Kafehane,,Esenyurt,Yıldırım Beyazıt Cad. Yeni Eser Sit. D:6 B Blok,0
22,İtimat Cafe ve Lokanta,,Esenyurt,Hadımköy Yolu No:148 Kıraç,0
23,Seyran Pastane & Cafe & Restaurant,,Esenyurt,Fevzi Çakmak Cad. 361. Sok. No:18 Kıraç,0
24,Rosetta Cafe,,Esenyurt,Güzelyurt Mah. 4. Cd.,0
25,Life Börek,,Esenyurt,Kıraç Şumnu Sok.,0
