,0,1,2,3,4
0,Birada Bar,,Bornova,Kazım Dirlik Mah. 161. Sok. No:29/A Küçükpark,0
1,Biralem,,Bornova,Süvari Cad. No:75/B,0
2,Cadde,,Bornova,Kazımdirik Mah Süvari Cad. No:68/B Küçükpark,0
3,Barfix Live Bar,,Bornova,Süvari Cad. No:55/F Küçükpark,0
4,Biraborn,,Bornova,Süvari Cad. No:73/B (Barlar Sok.) Küçükpark,0
5,Barduck Bar,,Bornova,Süvari Cad. No:72/A,0
6,Hayat Park,,Bornova,Fevzi Çakmak Cad. No:25/1,0
7,Biraver,,Bornova,Süvari Cad. No:68/A Küçükpark,0
8,Empas Rock Bar,,Bornova,170. Sok. No:3/E Küçükpark,0
9,BarONN,,Bornova,169. Sok.,0
10,Arka Sokak,,Bornova,169. Sok. No:14/A Küçükpark,0
11,Ambiance,,Bornova,Zafer Cad. No:5/A - Küçük Park,0
12,Ayaküstü Bira'zz,,Bornova,Süvari Cad. No:70/A,0
13,Pırpır Shot Bar,,Bornova,Kazım Dirlik Mah. 161. Sok. No:23/C Küçükpark,0
14,Rembetiko,,Bornova,170. Sok. No:6/B Küçükpark,0
15,Fondeep,,Bornova,Süvari Cad. No:70/A Küçükpark,0
16,Takıl Bar,,Bornova,170 Sok. No:7/E-F Küçükpark,0
17,Look İn,,Bornova,Süvari Cad. No:74/C Küçükpark,0
18,Rockkas Cafe & Bar,,Bornova,161. Sok. No:33/A Küçükpark,0
19,525 Bar,,Bornova,169. Sok. No:10/B Küçükpark,0
20,Noxx Stage Club,,Bornova,Fevzi Çakmak Cad. No:25/G (Büyükpark Karşısı),0
21,Barbar,,Bornova,169. Sok. No:5,0
22,Guardian Bar,,Bornova,Süvari Cad. No:73/A Küçükpark,0
23,Redline,,Bornova,Zafer Cad. No:5/C Küçükpark,0
24,Smoke Cafe & Bar,,Bornova,Kazım Dirlik Mah. 161. Sok. No:19 Küçükpark,0
25,Texas Holdem Bar,,Bornova,Süvari Cad. No: 43/A Küçükpark,0
26,Naz Bar,,Bornova,Fevzi Çakmak Cad. No:29/A,0
