,0,1,2,3,4
0,Assos Extra,,Menteşe,Çamlık Sok. No:5/B,0
1,Ardore Cafe & Restaurant,,Menteşe,Cumhuriyet Meydanı Atapark No:1,1
2,Çakarkeyf,,Menteşe,Camii Kebir Mah. Kurşunlu Cad. No:10-24,0
3,Cafe Febbre,,Menteşe,Recai Güreli Cad. No:12,0
4,"Mambocino, Outlet Park",,Menteşe,Uğur Mumcu Bul. No:38-40,0
5,"Geçit Cafe, Muğla Üniversitesi",,Menteşe,,0
6,Paradise Cafe,,Menteşe,Turgut Reis Cad. Seyfi Ülkümen İs Hani No:7,4
7,Konak Cafe,,Menteşe,Kurşunlu Cad. No:15,4
8,"Alin's Cafe & Restaurant, Merkez",,Menteşe,Çarşı Mah. Kale Cad. No:16,0
9,"Kahve Diyarı, Muğla",,Menteşe,Recai Güreli Cad. No: 58,0
10,Konak Cafe,,Menteşe,Kurşunlu Cad. No:15,0
