,0,1,2,3,4
0,Pool Pub,,Yenimahalle,Ankaralılar Cad. No:2 Sultan Fatih Parkı,0
1,"This Town's Last Stop, Çayyolu",,Yenimahalle,Park Cad. No:35/A Çayyolu,0
2,Crossroads Live,,Yenimahalle,Alacaatlı Yolu No:2/6 Terra Site Çayyolu,5
3,16:9 Bar,,Yenimahalle,Meksika Cad. Ümitkent Çarşısı,0
4,Lanxx Club,,Yenimahalle,Park Cad. No:1/A Çayyolu,0
5,Budha Bar,,Yenimahalle,Park Cad. Alımcı Park Villaları No:4/1,0
6,Ship Club,,Yenimahalle,Park Cad. Alımcı Park Villaları No:17/3 Çayyolu,0
7,Stad Bar,,Yenimahalle,Yenimahalle Semt Sahası Batıkent,0
