,0,1,2,3,4
0,Orhan Kutbay'ın Evi,,Adalar,Nizam Cad. No: 55,0
1,"Kahve Dünyası, Büyükada",,Adalar,23 Nisan Cad. No:32,5
2,"Mia Amore Cafe, Büyükada Princess Otel",,Adalar,İskele Cad. No:4 Büyükada,0
3,Ergün Pastanesi,,Adalar,Burgazadası Mah. Gezinti Yolu Cad. No:1,4
4,Fincan Cafe Restaurant,,Adalar,Gezinti Yolu Cad. No:6 Burgazada,0
5,"Büyükada Port Otel, Restaurant",,Adalar,maden mah. kumsal caddesi no:21,3
6,Ada Büfe,,Adalar,Yörükali Plajı Yolu No:3 Büyükada,2
7,"Butterfly Çikolata, İstinye Park Avm",,Adalar,İstinye Bayırı Cad. No:73 İstinye,3
8,Lunapark Cafe & Restaurant,,Adalar,Birlik Meydanı Büyükada,4
9,Adaturka Cafe,,Adalar,Yalı Rıhtım Cad. No:34 Heybeliada,0
10,Denizatı Cafe,,Adalar,Rıhtım Cad. No:10 Heybeliada,0
11,Marla,,Adalar,Alsancak Cad. No: 11/A,5
12,Büyük Ada Çay Bahçesi,,Adalar,Nizam Mah. Gülistan Cad. No:2,0
13,Güven Cafe,,Adalar,Büyükada-Nizam Mah. Yirmiüç Nisan Cad. No:7,0
14,Bahar Cafe,,Adalar,Rıhtım Cad. No: 12/A,0
15,Helya Cafe,,Adalar,Nizam Mah. Liman Çıkmazı Sok. No: 117,0
16,Lady Cafe,,Adalar,Ayyıldız Cad. No:16 Heybeliada,0
17,Cafe Keyf,,Adalar,Ayyıldız Cad. No: 52/D,0
18,Özdemir Cafe,,Adalar,Ayyıldız Cad. No:38 Heybeliada,0
19,Rest Cafe El Faro,,Adalar,Heybeliada Mah Ayyıldız Cad. No: 18/A,0
20,Zoi,,Adalar,Akasya Cad.,0
21,Luna Park Cafe Restaurant,,Adalar,Nizam Mah. Lunapark Meydanı,0
22,Fortunato Cafe,,Adalar,Büyükada-Nizam Mah. Yirmiüç Nisan Cad.,0
23,Lavie Cafe,,Adalar,23 Nisan Cad. Anadolu Kulübü Büyükada,0
24,Burgaz Cafe,,Adalar,Yalı Cad. No:2 Burgazada,0
25,Bahar Cafe,,Adalar,Ayyıldız Cad. No:22 Heybeliada,0
26,Bab-ı Kahve,,Adalar,Alsancak Cad. No:9 Kınalıada,0
27,Greek Balık ve Cafeler,,Adalar,Ada Beach Çay Limanı Yolu,0
28,Nadir Çay Bahçesi,,Adalar,Gezinti Cad. No: 6,0
29,Cavcav Cafe,,Adalar,Nizam Mah. Gülistan Cad. No: 121,0
30,Prinkipo Meyhanesi,,Adalar,Nizam Mah. Nizam Cad. No: 30,0
31,Cafe İlker,,Adalar,Ayyıldız Cad. No: 6,0
32,"Bahar Pastanesi, Kınalıada",,Adalar,Alsancak Cad. No: 19/A,0
33,"Umut Cafe, Büyükada",,Adalar,Yelüfürdü Sok. No:4 Büyükada,0
34,Daraba Rest & Cafe,,Adalar,Kavacık Mah. Ekinciler Cad. Uluer Plaza No:2/2,0
35,Sahil Cafe,,Adalar,Kınalı Ada Meydanı,0
